ISO-10303-21;
HEADER;
FILE_DESCRIPTION (( 'STEP AP214' ),
    '1' );
FILE_NAME ('BodyGimbalMount.STEP',
    '2026-05-24T07:00:07',
    ( '' ),
    ( '' ),
    'SwSTEP 2.0',
    'SolidWorks 2025',
    '' );
FILE_SCHEMA (( 'AUTOMOTIVE_DESIGN' ));
ENDSEC;

DATA;
#1 = CARTESIAN_POINT ( 'NONE',  ( 3.794883870324092356, -37.40813954521939166, 28.79101571603473175 ) ) ;
#2 = ORIENTED_EDGE ( 'NONE', *, *, #3940, .T. ) ;
#3 = VECTOR ( 'NONE', #147, 1000.000000000000114 ) ;
#4 = FACE_OUTER_BOUND ( 'NONE', #3822, .T. ) ;
#5 = ORIENTED_EDGE ( 'NONE', *, *, #1358, .T. ) ;
#6 = DIRECTION ( 'NONE',  ( -1.000000000000000000, 0.000000000000000000, -0.000000000000000000 ) ) ;
#7 = EDGE_CURVE ( 'NONE', #4018, #1530, #1771, .T. ) ;
#8 = DIRECTION ( 'NONE',  ( 0.000000000000000000, -0.5547001962252261498, -0.8320502943378457195 ) ) ;
#9 = CARTESIAN_POINT ( 'NONE',  ( -30.75195868897868223, 13.53798496052306355, 13.82499999999999751 ) ) ;
#10 = VERTEX_POINT ( 'NONE', #1362 ) ;
#11 = CARTESIAN_POINT ( 'NONE',  ( 27.90931039549287362, 18.70909920995753239, 7.353269962598321996 ) ) ;
#12 = ORIENTED_EDGE ( 'NONE', *, *, #2225, .F. ) ;
#13 = AXIS2_PLACEMENT_3D ( 'NONE', #1560, #3476, #4201 ) ;
#14 = B_SPLINE_CURVE_WITH_KNOTS ( 'NONE', 3,
 ( #169, #4244, #2481, #1698, #3128, #3954, #2110, #565, #1674, #240, #2794, #1744, #4338, #2409, #959, #3880, #538, #2435, #4708, #2820, #3490, #219, #1378, #2865, #1004, #3177, #143, #2064, #1305, #3514 ),
 .UNSPECIFIED., .F., .F.,
 ( 4, 2, 2, 2, 2, 2, 2, 2, 2, 2, 2, 2, 2, 2, 4 ),
 ( 0.007029922751532310422, 0.007469192018332800054, 0.007908461285133288818, 0.008786999818734273285, 0.009226269085534762049, 0.009665538352335249078, 0.01010480761913573784, 0.01054407688593622661, 0.01098334615273671537, 0.01142261541953720413, 0.01186188468633769116, 0.01230115395313818513, 0.01274042321993867216, 0.01317969248673916266, 0.01405823102034014539 ),
 .UNSPECIFIED. ) ;
#15 = CARTESIAN_POINT ( 'NONE',  ( -2.188766124193672002, -37.53640774881448294, 8.090001896601064502 ) ) ;
#16 = CARTESIAN_POINT ( 'NONE',  ( -1.770800566529739273, -37.55905079291056126, 23.90387279756951600 ) ) ;
#17 = ORIENTED_EDGE ( 'NONE', *, *, #269, .F. ) ;
#18 = CARTESIAN_POINT ( 'NONE',  ( -27.90931039549288073, -18.70909920995752884, 47.50000000000000000 ) ) ;
#19 = VECTOR ( 'NONE', #3931, 1000.000000000000000 ) ;
#20 = CARTESIAN_POINT ( 'NONE',  ( -30.12545947872585117, -14.88010453000973499, 48.08202445517316903 ) ) ;
#21 = FACE_OUTER_BOUND ( 'NONE', #1564, .T. ) ;
#22 = B_SPLINE_CURVE_WITH_KNOTS ( 'NONE', 3,
 ( #1940, #1451, #1844, #343, #411, #1179, #4047, #4784, #2576, #2310, #807, #3782, #1155, #1073 ),
 .UNSPECIFIED., .F., .F.,
 ( 4, 2, 2, 2, 2, 2, 4 ),
 ( 0.000000000000000000, 0.0003917636062346822423, 0.0007835272124693644846, 0.001175290818704046673, 0.001567054424938728969, 0.002350581637408092912, 0.003134108849877456637 ),
 .UNSPECIFIED. ) ;
#23 = CARTESIAN_POINT ( 'NONE',  ( 23.35590237401804359, 17.70120318947276061, 1.174999999999999600 ) ) ;
#24 = PLANE ( 'NONE',  #2563 ) ;
#25 = CARTESIAN_POINT ( 'NONE',  ( 2.233524593321052354, -37.53361399945338661, 7.793027799844470138 ) ) ;
#26 = CARTESIAN_POINT ( 'NONE',  ( 30.73841700679047406, -21.96349999999971914, 53.82499999999999574 ) ) ;
#27 = CARTESIAN_POINT ( 'NONE',  ( 3.796195347372370410, -37.40800788490807349, 26.21250334191038789 ) ) ;
#28 = ORIENTED_EDGE ( 'NONE', *, *, #2800, .T. ) ;
#29 = CARTESIAN_POINT ( 'NONE',  ( 27.10021823635408111, 19.86298496052348028, 1.175000000000002043 ) ) ;
#30 = ORIENTED_EDGE ( 'NONE', *, *, #2825, .F. ) ;
#31 = EDGE_CURVE ( 'NONE', #2420, #702, #594, .T. ) ;
#32 = AXIS2_PLACEMENT_3D ( 'NONE', #4187, #3798, #3387 ) ;
#33 = DIRECTION ( 'NONE',  ( -0.8660254037844432595, 0.4999999999999918954, 0.000000000000000000 ) ) ;
#34 = FACE_OUTER_BOUND ( 'NONE', #3152, .T. ) ;
#35 = CARTESIAN_POINT ( 'NONE',  ( -27.00764282664260563, 11.37620318947239895, 1.174999999999999600 ) ) ;
#36 = VERTEX_POINT ( 'NONE', #2891 ) ;
#37 = CARTESIAN_POINT ( 'NONE',  ( 30.75195868897867157, -13.53798496052309730, 53.82500000000003837 ) ) ;
#38 = VERTEX_POINT ( 'NONE', #1751 ) ;
#39 = EDGE_CURVE ( 'NONE', #1582, #1507, #2166, .T. ) ;
#40 = CARTESIAN_POINT ( 'NONE',  ( -1.694755359538712369, -37.56193326099739949, 6.015789531462089279 ) ) ;
#41 = ORIENTED_EDGE ( 'NONE', *, *, #2672, .T. ) ;
#42 = CARTESIAN_POINT ( 'NONE',  ( 4.898587551705492266E-16, 37.60000000000000142, 23.50000000000000355 ) ) ;
#43 = CARTESIAN_POINT ( 'NONE',  ( -2.497039914245133829, 32.07740637894529812, 11.82500000000000284 ) ) ;
#44 = CARTESIAN_POINT ( 'NONE',  ( 27.10021823635408111, 19.86298496052348028, 1.175000000000002043 ) ) ;
#45 = CARTESIAN_POINT ( 'NONE',  ( 37.32336948990340630, 4.553725679888967370, 56.47042219110181094 ) ) ;
#46 = CARTESIAN_POINT ( 'NONE',  ( 0.7243739938069582163, -37.59326519649794562, 5.366981711620588236 ) ) ;
#47 = AXIS2_PLACEMENT_3D ( 'NONE', #540, #4612, #4268 ) ;
#48 =( LENGTH_UNIT ( ) NAMED_UNIT ( * ) SI_UNIT ( .MILLI., .METRE. ) );
#49 = AXIS2_PLACEMENT_3D ( 'NONE', #1005, #2041, #567 ) ;
#50 = CARTESIAN_POINT ( 'NONE',  ( -28.55205479672493851, 20.70120318947238758, 13.82499999999999929 ) ) ;
#51 = ORIENTED_EDGE ( 'NONE', *, *, #1866, .F. ) ;
#52 = CARTESIAN_POINT ( 'NONE',  ( 0.000000000000000000, 32.07740637894529812, 7.500000000000000000 ) ) ;
#53 = ORIENTED_EDGE ( 'NONE', *, *, #2833, .T. ) ;
#54 = LINE ( 'NONE', #1557, #3354 ) ;
#55 = LINE ( 'NONE', #3865, #1660 ) ;
#56 = DIRECTION ( 'NONE',  ( 0.000000000000000000, 1.000000000000000000, 0.000000000000000000 ) ) ;
#57 = CARTESIAN_POINT ( 'NONE',  ( 27.00764282664259852, -11.37620318947241138, 53.82500000000000284 ) ) ;
#58 = ORIENTED_EDGE ( 'NONE', *, *, #1022, .F. ) ;
#59 = CARTESIAN_POINT ( 'NONE',  ( 2.752883629494760636E-16, -37.60000000000000142, 5.252100000000000435 ) ) ;
#60 = ORIENTED_EDGE ( 'NONE', *, *, #1747, .F. ) ;
#61 = EDGE_CURVE ( 'NONE', #702, #1872, #4461, .T. ) ;
#62 = EDGE_CURVE ( 'NONE', #3716, #1395, #3116, .T. ) ;
#63 = DIRECTION ( 'NONE',  ( 0.4999999999999999445, 0.000000000000000000, -0.8660254037844387076 ) ) ;
#64 = CARTESIAN_POINT ( 'NONE',  ( 43.35851060384926825, 27.62869910901660830, 7.500000000000000000 ) ) ;
#65 = VECTOR ( 'NONE', #1272, 1000.000000000000000 ) ;
#66 = ORIENTED_EDGE ( 'NONE', *, *, #782, .F. ) ;
#67 = CARTESIAN_POINT ( 'NONE',  ( -3.470418197806978355, 37.43978259936066877, 25.49398957771258623 ) ) ;
#68 = AXIS2_PLACEMENT_3D ( 'NONE', #4517, #4154, #4542 ) ;
#69 = VECTOR ( 'NONE', #2057, 1000.000000000000000 ) ;
#70 = DIRECTION ( 'NONE',  ( 0.2499999999999960865, 0.4330127018922217963, -0.8660254037844385966 ) ) ;
#71 = DIRECTION ( 'NONE',  ( -0.000000000000000000, -0.000000000000000000, -1.000000000000000000 ) ) ;
#72 = CARTESIAN_POINT ( 'NONE',  ( 34.39015745941480162, -15.63849999999968077, 41.17499999999999716 ) ) ;
#73 = CARTESIAN_POINT ( 'NONE',  ( 23.59999999999999432, -3.000000000000000000, 87.79999999999998295 ) ) ;
#74 = ORIENTED_EDGE ( 'NONE', *, *, #302, .T. ) ;
#75 = LINE ( 'NONE', #1704, #3130 ) ;
#76 = EDGE_LOOP ( 'NONE', ( #1491, #862 ) ) ;
#77 = DIRECTION ( 'NONE',  ( 0.000000000000000000, 1.000000000000000000, -1.032573497605242224E-16 ) ) ;
#78 = DIRECTION ( 'NONE',  ( 0.5000000000000002220, -0.000000000000000000, 0.8660254037844384856 ) ) ;
#79 = LINE ( 'NONE', #3813, #1576 ) ;
#80 = AXIS2_PLACEMENT_3D ( 'NONE', #2875, #2514, #1481 ) ;
#81 = CARTESIAN_POINT ( 'NONE',  ( -29.12940506591455403, 19.70120318947238758, 3.175000000000000266 ) ) ;
#82 = ORIENTED_EDGE ( 'NONE', *, *, #1691, .T. ) ;
#83 = DIRECTION ( 'NONE',  ( 0.8660254037844432595, -0.4999999999999919509, -0.000000000000000000 ) ) ;
#84 = ORIENTED_EDGE ( 'NONE', *, *, #3260, .T. ) ;
#85 = CARTESIAN_POINT ( 'NONE',  ( -2.247795034351166787, -37.53275126465650402, 7.794108200595212033 ) ) ;
#86 = DIRECTION ( 'NONE',  ( 0.000000000000000000, 1.000000000000000000, 0.000000000000000000 ) ) ;
#87 = ORIENTED_EDGE ( 'NONE', *, *, #4601, .F. ) ;
#88 = EDGE_CURVE ( 'NONE', #3580, #1458, #22, .T. ) ;
#89 = ADVANCED_FACE ( 'NONE', ( #2216 ), #3691, .F. ) ;
#90 = DIRECTION ( 'NONE',  ( 0.000000000000000000, 1.000000000000000000, -1.028492179432885801E-16 ) ) ;
#91 = CARTESIAN_POINT ( 'NONE',  ( 31.68418793909152242, 11.25155947703563086, 9.588027562019403760 ) ) ;
#92 = DIRECTION ( 'NONE',  ( 0.2500000000000018319, -0.4330127018922179660, 0.8660254037844387076 ) ) ;
#93 = DIRECTION ( 'NONE',  ( -0.4999999999999991673, 0.000000000000000000, 0.8660254037844390407 ) ) ;
#94 = VECTOR ( 'NONE', #1100, 1000.000000000000000 ) ;
#95 = DIRECTION ( 'NONE',  ( 0.000000000000000000, 1.000000000000000000, 8.227937435463186988E-16 ) ) ;
#96 = EDGE_CURVE ( 'NONE', #3497, #3547, #1319, .T. ) ;
#97 = CARTESIAN_POINT ( 'NONE',  ( -43.35851060384948141, 27.62869910901591552, 7.500000000000000000 ) ) ;
#98 = VERTEX_POINT ( 'NONE', #3157 ) ;
#99 = CARTESIAN_POINT ( 'NONE',  ( 0.000000000000000000, -32.07740637894529812, 55.00000000000000000 ) ) ;
#100 = ORIENTED_EDGE ( 'NONE', *, *, #1895, .F. ) ;
#101 = CARTESIAN_POINT ( 'NONE',  ( 27.67881251457540159, 10.21370318947277767, 7.500000000000000000 ) ) ;
#102 = LINE ( 'NONE', #3475, #1025 ) ;
#103 = FACE_OUTER_BOUND ( 'NONE', #3817, .T. ) ;
#104 = PLANE ( 'NONE',  #1009 ) ;
#105 = ORIENTED_EDGE ( 'NONE', *, *, #3999, .F. ) ;
#106 = CARTESIAN_POINT ( 'NONE',  ( 27.94954016629142401, 18.64896871646412890, 6.916118369674673083 ) ) ;
#107 = ORIENTED_EDGE ( 'NONE', *, *, #748, .T. ) ;
#108 = VECTOR ( 'NONE', #409, 999.9999999999998863 ) ;
#109 = LINE ( 'NONE', #1911, #2241 ) ;
#110 = PLANE ( 'NONE',  #3372 ) ;
#111 = ORIENTED_EDGE ( 'NONE', *, *, #630, .F. ) ;
#112 =( LENGTH_UNIT ( ) NAMED_UNIT ( * ) SI_UNIT ( .MILLI., .METRE. ) );
#113 = VERTEX_POINT ( 'NONE', #3467 ) ;
#114 = CARTESIAN_POINT ( 'NONE',  ( -3.471246444450662327, 37.43971143123460621, 29.50489977312989254 ) ) ;
#115 = ADVANCED_FACE ( 'NONE', ( #4639 ), #2387, .F. ) ;
#116 = PLANE ( 'NONE',  #406 ) ;
#117 = EDGE_CURVE ( 'NONE', #36, #2131, #905, .T. ) ;
#118 = CARTESIAN_POINT ( 'NONE',  ( 33.26424775089018482, -4.739861223124047562, 55.01276335526991801 ) ) ;
#119 = FACE_OUTER_BOUND ( 'NONE', #3747, .T. ) ;
#120 =( BOUNDED_CURVE ( )  B_SPLINE_CURVE ( 3, ( #2516, #2126, #1802, #4329 ),
 .UNSPECIFIED., .F., .F. ) 
 B_SPLINE_CURVE_WITH_KNOTS ( ( 4, 4 ),
 ( 1.645181569562541357, 1.719982432804800121 ),
 .UNSPECIFIED. ) 
 CURVE ( )  GEOMETRIC_REPRESENTATION_ITEM ( )  RATIONAL_B_SPLINE_CURVE ( ( 1.000000000000000000, 0.9995337902528685925, 0.9995337902528685925, 1.000000000000000000 ) ) 
 REPRESENTATION_ITEM ( '' )  );
#121 = CARTESIAN_POINT ( 'NONE',  ( -2.020822982524632216, 37.54569822430197235, 8.495501735167163559 ) ) ;
#122 = AXIS2_PLACEMENT_3D ( 'NONE', #314, #1614, #2621 ) ;
#123 = EDGE_CURVE ( 'NONE', #3529, #1017, #4536, .T. ) ;
#124 = CARTESIAN_POINT ( 'NONE',  ( 28.83351305295477118, -8.213703189472385091, 47.50000000000000000 ) ) ;
#125 = ADVANCED_FACE ( 'NONE', ( #1203 ), #3804, .T. ) ;
#126 = ORIENTED_EDGE ( 'NONE', *, *, #4501, .F. ) ;
#127 = DIRECTION ( 'NONE',  ( -0.000000000000000000, 1.000000000000000000, -0.000000000000000000 ) ) ;
#128 = ORIENTED_EDGE ( 'NONE', *, *, #543, .F. ) ;
#129 = CARTESIAN_POINT ( 'NONE',  ( -27.76946746016735190, -18.91604284671368674, 43.17499999999999005 ) ) ;
#130 = CIRCLE ( 'NONE', #3023, 0.8750000000000007772 ) ;
#131 = CARTESIAN_POINT ( 'NONE',  ( 32.96528477049759687, 6.500000000000001776, 55.00000000000000000 ) ) ;
#132 = DIRECTION ( 'NONE',  ( 0.000000000000000000, 0.000000000000000000, -1.000000000000000000 ) ) ;
#133 = CARTESIAN_POINT ( 'NONE',  ( -26.37010394867114371, 20.85912207551462672, 3.301503193286914772 ) ) ;
#134 = ORIENTED_EDGE ( 'NONE', *, *, #2726, .F. ) ;
#135 = CARTESIAN_POINT ( 'NONE',  ( -29.81248290583733862, -15.49795648243610025, 45.80575347895585026 ) ) ;
#136 = EDGE_LOOP ( 'NONE', ( #3539, #3902, #4405, #4728 ) ) ;
#137 = LINE ( 'NONE', #3900, #69 ) ;
#138 = CARTESIAN_POINT ( 'NONE',  ( -28.39005606137099491, 17.97163473072753348, 9.289080742819294301 ) ) ;
#139 = ORIENTED_EDGE ( 'NONE', *, *, #4350, .F. ) ;
#140 = CARTESIAN_POINT ( 'NONE',  ( 29.45361190561121845, -16.16982631635107737, 49.63343649209459585 ) ) ;
#141 = ORIENTED_EDGE ( 'NONE', *, *, #937, .F. ) ;
#142 = CARTESIAN_POINT ( 'NONE',  ( -33.04906648003724712, -17.93147469391523430, 45.47912417220246795 ) ) ;
#143 = CARTESIAN_POINT ( 'NONE',  ( 30.05570905147826366, 15.02056991118475260, 8.497726518662917172 ) ) ;
#144 = CARTESIAN_POINT ( 'NONE',  ( -31.41988598355416329, 20.65312527308715573, 6.918003086901795662 ) ) ;
#145 = CARTESIAN_POINT ( 'NONE',  ( 31.62644498015944450, 15.37620318947279152, 3.175000000000000266 ) ) ;
#146 = CARTESIAN_POINT ( 'NONE',  ( 33.37667443488248153, -17.31382797318411093, 48.98493295383241986 ) ) ;
#147 = DIRECTION ( 'NONE',  ( 0.8660254037844432595, -0.4999999999999920064, 0.000000000000000000 ) ) ;
#148 = CARTESIAN_POINT ( 'NONE',  ( 0.000000000000000000, -32.07740637894529812, 27.50000000000000355 ) ) ;
#149 = EDGE_LOOP ( 'NONE', ( #1767, #1430, #4441, #66 ) ) ;
#150 = FACE_OUTER_BOUND ( 'NONE', #3669, .T. ) ;
#151 = ORIENTED_EDGE ( 'NONE', *, *, #4185, .F. ) ;
#152 = FACE_OUTER_BOUND ( 'NONE', #2025, .T. ) ;
#153 = EDGE_CURVE ( 'NONE', #1081, #3244, #856, .T. ) ;
#154 = ADVANCED_FACE ( 'NONE', ( #1401 ), #4689, .T. ) ;
#155 = CARTESIAN_POINT ( 'NONE',  ( 32.70982798535174396, -18.54313338977814851, 45.26687511983013223 ) ) ;
#156 = CARTESIAN_POINT ( 'NONE',  ( 31.31576727598009313, -20.96349999999971203, 51.82499999999999574 ) ) ;
#157 = DIRECTION ( 'NONE',  ( 9.244100167296546298E-33, -6.123233995736763571E-17, 1.000000000000000000 ) ) ;
#158 = ORIENTED_EDGE ( 'NONE', *, *, #1198, .F. ) ;
#159 = ORIENTED_EDGE ( 'NONE', *, *, #3469, .F. ) ;
#160 = PLANE ( 'NONE',  #3895 ) ;
#161 = B_SPLINE_CURVE_WITH_KNOTS ( 'NONE', 3,
 ( #1569, #2008, #4163, #825, #849, #3435, #1593, #3823, #1617, #4578, #1246, #4214, #877, #507, #3172, #607, #140, #562, #2457, #2498, #584, #3969, #2061, #3903, #3950, #213, #1275, #3579, #4656, #627 ),
 .UNSPECIFIED., .F., .F.,
 ( 4, 2, 2, 2, 2, 2, 2, 2, 2, 2, 2, 2, 2, 2, 4 ),
 ( 0.000000000000000000, 0.0004393701719707755271, 0.0008787403439415510543, 0.001318110515912326473, 0.001757480687883102109, 0.002636221031824638201, 0.003514961375766174727, 0.003954331547736939304, 0.004393701719707705615, 0.004833071891678471059, 0.005272442063649239972, 0.005711812235620009753, 0.006151182407590778667, 0.006590552579561548448, 0.007029922751532316494 ),
 .UNSPECIFIED. ) ;
#162 = VECTOR ( 'NONE', #3742, 1000.000000000000000 ) ;
#163 = CARTESIAN_POINT ( 'NONE',  ( -27.76946746016735190, -18.91604284671368674, 43.17499999999999005 ) ) ;
#164 = VERTEX_POINT ( 'NONE', #660 ) ;
#165 = CARTESIAN_POINT ( 'NONE',  ( 37.48012806808429787, -3.000000000000000000, 57.00000000000000000 ) ) ;
#166 = ORIENTED_EDGE ( 'NONE', *, *, #3562, .F. ) ;
#167 = VECTOR ( 'NONE', #2892, 1000.000000000000000 ) ;
#168 = LINE ( 'NONE', #1304, #1260 ) ;
#169 = CARTESIAN_POINT ( 'NONE',  ( 27.90931039549287362, 18.70909920995752884, 7.500000000000000000 ) ) ;
#170 = CARTESIAN_POINT ( 'NONE',  ( 26.80039068617774944, 20.28302848378312007, 8.935276439903370616 ) ) ;
#171 = DIRECTION ( 'NONE',  ( 0.000000000000000000, 0.000000000000000000, 1.000000000000000000 ) ) ;
#172 = CARTESIAN_POINT ( 'NONE',  ( -1.950418754252561504, 37.54946744227505917, 8.627108987301294718 ) ) ;
#173 =( BOUNDED_CURVE ( )  B_SPLINE_CURVE ( 3, ( #3380, #1061, #1436, #4817 ),
 .UNSPECIFIED., .F., .F. ) 
 B_SPLINE_CURVE_WITH_KNOTS ( ( 4, 4 ),
 ( 1.351681701101585809, 1.461898470863414623 ),
 .UNSPECIFIED. ) 
 CURVE ( )  GEOMETRIC_REPRESENTATION_ITEM ( )  RATIONAL_B_SPLINE_CURVE ( ( 1.000000000000000000, 0.9989879448062453093, 0.9989879448062453093, 1.000000000000000000 ) ) 
 REPRESENTATION_ITEM ( '' )  );
#174 = DIRECTION ( 'NONE',  ( 0.000000000000000000, 0.000000000000000000, 1.000000000000000000 ) ) ;
#175 = ORIENTED_EDGE ( 'NONE', *, *, #2107, .T. ) ;
#176 = CARTESIAN_POINT ( 'NONE',  ( -32.05445819230568105, 10.07331673272160621, 7.499999999999996447 ) ) ;
#177 = VERTEX_POINT ( 'NONE', #2161 ) ;
#178 = FACE_BOUND ( 'NONE', #4651, .T. ) ;
#179 = AXIS2_PLACEMENT_3D ( 'NONE', #2720, #3104, #542 ) ;
#180 = VECTOR ( 'NONE', #2623, 1000.000000000000000 ) ;
#181 = LINE ( 'NONE', #944, #3133 ) ;
#182 = CARTESIAN_POINT ( 'NONE',  ( 2.008313141190114504, 37.54696441947467633, 30.96926277586618426 ) ) ;
#183 = DIRECTION ( 'NONE',  ( 0.000000000000000000, -1.000000000000000000, 0.000000000000000000 ) ) ;
#184 = EDGE_CURVE ( 'NONE', #4382, #415, #1154, .T. ) ;
#185 = ORIENTED_EDGE ( 'NONE', *, *, #3494, .T. ) ;
#186 = CARTESIAN_POINT ( 'NONE',  ( -27.97329690596755825, -18.61337708505818256, 46.77559836135149851 ) ) ;
#187 = ORIENTED_EDGE ( 'NONE', *, *, #2850, .T. ) ;
#188 = DIRECTION ( 'NONE',  ( 0.000000000000000000, 0.000000000000000000, 1.000000000000000000 ) ) ;
#189 = CARTESIAN_POINT ( 'NONE',  ( 30.75195868897849749, 13.53798496052348632, 1.175000000000002931 ) ) ;
#190 = ADVANCED_FACE ( 'NONE', ( #3934 ), #2910, .F. ) ;
#191 = ORIENTED_EDGE ( 'NONE', *, *, #2020, .F. ) ;
#192 = DIRECTION ( 'NONE',  ( 0.000000000000000000, -1.000000000000000000, 0.000000000000000000 ) ) ;
#193 = ORIENTED_EDGE ( 'NONE', *, *, #1334, .F. ) ;
#194 = AXIS2_PLACEMENT_3D ( 'NONE', #2767, #3928, #2086 ) ;
#195 = CARTESIAN_POINT ( 'NONE',  ( -31.38821598339811558, -20.70122524716030554, 47.20749387509837192 ) ) ;
#196 = CARTESIAN_POINT ( 'NONE',  ( 0.000000000000000000, -32.07740637894529812, 13.82499999999999751 ) ) ;
#197 = CARTESIAN_POINT ( 'NONE',  ( -31.38036062478502686, 20.71311099420948310, 7.351440376767676810 ) ) ;
#198 = DIRECTION ( 'NONE',  ( 0.000000000000000000, 0.000000000000000000, 1.000000000000000000 ) ) ;
#199 = CARTESIAN_POINT ( 'NONE',  ( 3.651740452624383071, 29.07740637894529456, 1.174999999999999600 ) ) ;
#200 = FACE_BOUND ( 'NONE', #273, .T. ) ;
#201 = CARTESIAN_POINT ( 'NONE',  ( -37.60000000000000142, 0.000000000000000000, 0.000000000000000000 ) ) ;
#202 = EDGE_LOOP ( 'NONE', ( #2345, #4184, #307, #159 ) ) ;
#203 = CARTESIAN_POINT ( 'NONE',  ( 0.000000000000000000, 0.000000000000000000, 37.91730115643939314 ) ) ;
#204 = AXIS2_PLACEMENT_3D ( 'NONE', #50, #2675, #4149 ) ;
#205 = DIRECTION ( 'NONE',  ( 0.4999999999999991673, 0.000000000000000000, -0.8660254037844390407 ) ) ;
#206 = CARTESIAN_POINT ( 'NONE',  ( 1.770800566529739939, 37.55905079291056126, 23.90387279756951600 ) ) ;
#207 = ORIENTED_EDGE ( 'NONE', *, *, #4088, .F. ) ;
#208 = LINE ( 'NONE', #971, #2208 ) ;
#209 = ORIENTED_EDGE ( 'NONE', *, *, #2959, .T. ) ;
#210 = FACE_OUTER_BOUND ( 'NONE', #2638, .T. ) ;
#211 = CARTESIAN_POINT ( 'NONE',  ( -28.95109433465349369, 17.05329224687132239, 9.733523925628283280 ) ) ;
#212 = ORIENTED_EDGE ( 'NONE', *, *, #2108, .F. ) ;
#213 = CARTESIAN_POINT ( 'NONE',  ( 30.10639437540180197, -14.91872018691607593, 48.22402627045322276 ) ) ;
#214 = ORIENTED_EDGE ( 'NONE', *, *, #1725, .F. ) ;
#215 = EDGE_CURVE ( 'NONE', #2364, #2948, #3567, .T. ) ;
#216 = EDGE_CURVE ( 'NONE', #1183, #2078, #1380, .T. ) ;
#217 = B_SPLINE_CURVE_WITH_KNOTS ( 'NONE', 3,
 ( #645, #2893, #945, #1385, #3527, #206, #2468, #1317, #619, #4696, #2832, #575, #1730, #1685, #3236, #3213, #3985, #3595, #3163, #1365, #4281, #4366, #2854, #2449, #4718, #2807, #3920, #182, #2119, #4323, #3256, #2871, #1342, #2075 ),
 .UNSPECIFIED., .F., .F.,
 ( 4, 2, 2, 2, 2, 2, 2, 2, 2, 2, 2, 2, 2, 2, 2, 2, 4 ),
 ( 0.01251467306580839045, 0.01329665578425593547, 0.01407863850270347876, 0.01486062122115102378, 0.01564260393959856707, 0.01642458665804611209, 0.01720656937649365711, 0.01798855209494120214, 0.01877053481338874369, 0.01955251753183628871, 0.02033450025028383373, 0.02111648296873137876, 0.02189846568717892378, 0.02268044840562646880, 0.02346243112407401382, 0.02424441384252155537, 0.02502639656096910040 ),
 .UNSPECIFIED. ) ;
#218 = CARTESIAN_POINT ( 'NONE',  ( 33.22589351695452109, -5.000000000000000888, 55.00000000000000000 ) ) ;
#219 = CARTESIAN_POINT ( 'NONE',  ( 29.75892025503032912, 15.60069239864776769, 9.289080742819288972 ) ) ;
#220 = CARTESIAN_POINT ( 'NONE',  ( 0.000000000000000000, -3.000000000000000000, 0.000000000000000000 ) ) ;
#221 = LINE ( 'NONE', #3517, #2637 ) ;
#222 = CARTESIAN_POINT ( 'NONE',  ( 4.994079828490260553, -35.07740637894529812, 7.500000000000000000 ) ) ;
#223 = EDGE_CURVE ( 'NONE', #4767, #4055, #1791, .T. ) ;
#224 = CARTESIAN_POINT ( 'NONE',  ( 27.76946746016733769, 18.91604284671367964, 3.175000000000000711 ) ) ;
#225 = ORIENTED_EDGE ( 'NONE', *, *, #2880, .T. ) ;
#226 = VECTOR ( 'NONE', #2246, 1000.000000000000000 ) ;
#227 = PLANE ( 'NONE',  #635 ) ;
#228 = CARTESIAN_POINT ( 'NONE',  ( -2.497039914245133829, -29.07740637894529456, 11.82499999999999929 ) ) ;
#229 = ORIENTED_EDGE ( 'NONE', *, *, #3175, .F. ) ;
#230 = CARTESIAN_POINT ( 'NONE',  ( 28.35000000000000142, -3.000000000000000000, 57.39999999999999858 ) ) ;
#231 = EDGE_LOOP ( 'NONE', ( #2062, #28, #1854, #126 ) ) ;
#232 = CARTESIAN_POINT ( 'NONE',  ( 25.50785748847130563, 32.07740637894529812, 60.33090516225858835 ) ) ;
#233 = CARTESIAN_POINT ( 'NONE',  ( -28.32786547345413197, 18.06938930512626129, 9.194246521044147968 ) ) ;
#234 = ORIENTED_EDGE ( 'NONE', *, *, #4302, .T. ) ;
#235 = CARTESIAN_POINT ( 'NONE',  ( 0.000000000000000000, 29.07740637894529456, 0.000000000000000000 ) ) ;
#236 = ORIENTED_EDGE ( 'NONE', *, *, #2473, .F. ) ;
#237 = VECTOR ( 'NONE', #1509, 1000.000000000000114 ) ;
#238 = VECTOR ( 'NONE', #2741, 1000.000000000000000 ) ;
#239 = CARTESIAN_POINT ( 'NONE',  ( -33.11044537550662170, -17.81778156731365570, 45.54809402608203328 ) ) ;
#240 = CARTESIAN_POINT ( 'NONE',  ( 28.51864753741278946, 17.76687047603951086, 9.450380556324626369 ) ) ;
#241 = CARTESIAN_POINT ( 'NONE',  ( -33.22642196191423380, 17.60056054401030678, 5.712334301293565453 ) ) ;
#242 = VECTOR ( 'NONE', #1946, 1000.000000000000114 ) ;
#243 = CARTESIAN_POINT ( 'NONE',  ( 23.76080393963957249, 23.78078350754053361, 43.88950530295731767 ) ) ;
#244 = EDGE_CURVE ( 'NONE', #3740, #4497, #3272, .T. ) ;
#245 = EDGE_CURVE ( 'NONE', #3001, #1505, #2549, .T. ) ;
#246 = CIRCLE ( 'NONE', #4442, 33.60000000000000142 ) ;
#247 = PLANE ( 'NONE',  #1142 ) ;
#248 = CARTESIAN_POINT ( 'NONE',  ( 32.20379524934907778, 14.37620318947279152, 1.175000000000000488 ) ) ;
#249 = EDGE_CURVE ( 'NONE', #3665, #4767, #4019, .T. ) ;
#250 = ORIENTED_EDGE ( 'NONE', *, *, #1718, .F. ) ;
#251 = VECTOR ( 'NONE', #1635, 1000.000000000000114 ) ;
#252 = CARTESIAN_POINT ( 'NONE',  ( -31.31576727597980181, -20.96350000000014902, 43.17499999999999005 ) ) ;
#253 = CARTESIAN_POINT ( 'NONE',  ( -2.497039914245133829, 29.07740637894529456, 11.82499999999999929 ) ) ;
#254 = EDGE_LOOP ( 'NONE', ( #3455, #3171, #3396, #1117 ) ) ;
#255 = LINE ( 'NONE', #2963, #4604 ) ;
#256 = ORIENTED_EDGE ( 'NONE', *, *, #62, .T. ) ;
#258 = DIRECTION ( 'NONE',  ( 0.000000000000000000, 0.000000000000000000, 1.000000000000000000 ) ) ;
#257 = VECTOR ( 'NONE', #4403, 1000.000000000000114 ) ;
#259 = PLANE ( 'NONE',  #3267 ) ;
#260 = ORIENTED_EDGE ( 'NONE', *, *, #4433, .F. ) ;
#261 = CARTESIAN_POINT ( 'NONE',  ( -33.62189494520377764, 16.83237979751521962, 7.792506124901636966 ) ) ;
#262 = ORIENTED_EDGE ( 'NONE', *, *, #4630, .T. ) ;
#263 = CARTESIAN_POINT ( 'NONE',  ( 31.85527546503798391, 19.97539406992924782, 9.287029330687225581 ) ) ;
#264 = LINE ( 'NONE', #1467, #257 ) ;
#265 = CARTESIAN_POINT ( 'NONE',  ( 25.21078340652006489, 22.21207779631462031, 54.99999999999999289 ) ) ;
#266 = VERTEX_POINT ( 'NONE', #268 ) ;
#267 = VECTOR ( 'NONE', #4679, 1000.000000000000000 ) ;
#268 = CARTESIAN_POINT ( 'NONE',  ( -27.00764282664244220, -11.37620318947279685, 41.17499999999999005 ) ) ;
#269 = EDGE_CURVE ( 'NONE', #691, #1327, #3296, .T. ) ;
#270 = ADVANCED_FACE ( 'NONE', ( #4663 ), #247, .T. ) ;
#271 = DIRECTION ( 'NONE',  ( 0.000000000000000000, 0.000000000000000000, 1.000000000000000000 ) ) ;
#272 = CARTESIAN_POINT ( 'NONE',  ( 0.000000000000000000, 0.000000000000000000, 55.00000000000000000 ) ) ;
#273 = EDGE_LOOP ( 'NONE', ( #2515, #3651, #3098, #212, #4588, #2857 ) ) ;
#274 = ADVANCED_FACE ( 'NONE', ( #2139 ), #4340, .T. ) ;
#275 = EDGE_CURVE ( 'NONE', #4014, #3021, #2464, .T. ) ;
#276 = CARTESIAN_POINT ( 'NONE',  ( -29.95095631904797528, 15.22848847664220173, 6.128745253689338313 ) ) ;
#277 = DIRECTION ( 'NONE',  ( 0.000000000000000000, 1.000000000000000000, 0.000000000000000000 ) ) ;
#278 = ORIENTED_EDGE ( 'NONE', *, *, #4115, .F. ) ;
#279 = PLANE ( 'NONE',  #1181 ) ;
#280 = ORIENTED_EDGE ( 'NONE', *, *, #384, .F. ) ;
#281 = DIRECTION ( 'NONE',  ( -0.8660254037844363761, -0.5000000000000039968, 0.000000000000000000 ) ) ;
#282 = VECTOR ( 'NONE', #2187, 1000.000000000000000 ) ;
#283 = LINE ( 'NONE', #1783, #2111 ) ;
#284 = ORIENTED_EDGE ( 'NONE', *, *, #2375, .F. ) ;
#285 = DIRECTION ( 'NONE',  ( -0.2499999999999965028, -0.4330127018922226290, 0.8660254037844380415 ) ) ;
#286 = VERTEX_POINT ( 'NONE', #3587 ) ;
#287 = AXIS2_PLACEMENT_3D ( 'NONE', #1177, #71, #806 ) ;
#288 = CARTESIAN_POINT ( 'NONE',  ( 33.22556068353068071, 17.60218879031608452, 9.289100535670305803 ) ) ;
#289 = DIRECTION ( 'NONE',  ( 1.000000000000000000, 0.000000000000000000, 0.000000000000000000 ) ) ;
#290 = FACE_BOUND ( 'NONE', #3877, .T. ) ;
#291 = ORIENTED_EDGE ( 'NONE', *, *, #2936, .T. ) ;
#292 = CARTESIAN_POINT ( 'NONE',  ( 25.58623030884997362, 21.81353191501619548, 9.588027562019416195 ) ) ;
#293 = PLANE ( 'NONE',  #3760 ) ;
#294 = FACE_OUTER_BOUND ( 'NONE', #452, .T. ) ;
#295 = EDGE_LOOP ( 'NONE', ( #1786, #3308, #1291, #3376, #278, #141, #4755, #887 ) ) ;
#296 =( BOUNDED_CURVE ( )  B_SPLINE_CURVE ( 3, ( #176, #1630, #1231, #2803 ),
 .UNSPECIFIED., .F., .T. ) 
 B_SPLINE_CURVE_WITH_KNOTS ( ( 4, 4 ),
 ( 4.493274354691378925, 4.603491124453207739 ),
 .UNSPECIFIED. ) 
 CURVE ( )  GEOMETRIC_REPRESENTATION_ITEM ( )  RATIONAL_B_SPLINE_CURVE ( ( 1.000000000000000000, 0.9989879448062453093, 0.9989879448062453093, 1.000000000000000000 ) ) 
 REPRESENTATION_ITEM ( '' )  );
#297 = CARTESIAN_POINT ( 'NONE',  ( 0.2925061483568771048, 37.59914152790098996, 9.733678962034556292 ) ) ;
#298 = CARTESIAN_POINT ( 'NONE',  ( 33.29729718760968638, 4.500000000000000888, 56.86697518584807653 ) ) ;
#299 = VECTOR ( 'NONE', #2787, 1000.000000000000227 ) ;
#300 = ORIENTED_EDGE ( 'NONE', *, *, #61, .T. ) ;
#301 = DIRECTION ( 'NONE',  ( 0.4330127018922126370, 0.7500000000000045519, -0.4999999999999988898 ) ) ;
#302 = EDGE_CURVE ( 'NONE', #1248, #4680, #1724, .T. ) ;
#303 = ORIENTED_EDGE ( 'NONE', *, *, #3342, .T. ) ;
#304 = ADVANCED_FACE ( 'NONE', ( #1768 ), #4711, .F. ) ;
#305 = LINE ( 'NONE', #4031, #1565 ) ;
#306 = CARTESIAN_POINT ( 'NONE',  ( 32.99897723120670889, 32.07740637894529812, 56.00590516225859261 ) ) ;
#307 = ORIENTED_EDGE ( 'NONE', *, *, #215, .T. ) ;
#308 = CARTESIAN_POINT ( 'NONE',  ( 30.10627301141607859, 14.91896519197432980, 6.775182410386715759 ) ) ;
#309 = EDGE_LOOP ( 'NONE', ( #2766, #3785, #3024, #2243 ) ) ;
#310 = CARTESIAN_POINT ( 'NONE',  ( 32.70831791080777151, 18.54579672190648409, 9.733524587075210732 ) ) ;
#311 = DIRECTION ( 'NONE',  ( -0.000000000000000000, 0.000000000000000000, 1.000000000000000000 ) ) ;
#312 = CARTESIAN_POINT ( 'NONE',  ( -0.2644283163517339719, -37.60000000000000142, 31.50000000000000711 ) ) ;
#313 = EDGE_LOOP ( 'NONE', ( #4491, #1134, #752, #2757, #2942, #4265 ) ) ;
#314 = CARTESIAN_POINT ( 'NONE',  ( 28.35000000000000142, -3.000000000000000000, 57.39999999999999858 ) ) ;
#315 = AXIS2_PLACEMENT_3D ( 'NONE', #1212, #471, #4647 ) ;
#316 = VECTOR ( 'NONE', #4720, 1000.000000000000000 ) ;
#317 = CARTESIAN_POINT ( 'NONE',  ( 2.497039914245130277, 35.07740637894529812, 3.175000000000000711 ) ) ;
#318 = DIRECTION ( 'NONE',  ( 1.000000000000000000, 0.000000000000000000, 0.000000000000000000 ) ) ;
#319 = EDGE_LOOP ( 'NONE', ( #4673, #3929, #2122, #214 ) ) ;
#320 = CARTESIAN_POINT ( 'NONE',  ( 2.233524593321052354, 37.53361399945337951, 7.206972200155532526 ) ) ;
#321 = CARTESIAN_POINT ( 'NONE',  ( -3.651740452624393285, 32.07740637894529812, 1.175000000000002487 ) ) ;
#322 = EDGE_LOOP ( 'NONE', ( #2977, #970 ) ) ;
#323 = FACE_OUTER_BOUND ( 'NONE', #994, .T. ) ;
#324 = VERTEX_POINT ( 'NONE', #3976 ) ;
#325 = DIRECTION ( 'NONE',  ( -0.8660254037844387076, 0.000000000000000000, 0.4999999999999999445 ) ) ;
#326 =( BOUNDED_CURVE ( )  B_SPLINE_CURVE ( 3, ( #692, #1756, #2196, #3670 ),
 .UNSPECIFIED., .F., .F. ) 
 B_SPLINE_CURVE_WITH_KNOTS ( ( 4, 4 ),
 ( 4.563202874374786333, 4.638003737617045985 ),
 .UNSPECIFIED. ) 
 CURVE ( )  GEOMETRIC_REPRESENTATION_ITEM ( )  RATIONAL_B_SPLINE_CURVE ( ( 1.000000000000000000, 0.9995337902528685925, 0.9995337902528685925, 1.000000000000000000 ) ) 
 REPRESENTATION_ITEM ( '' )  );
#327 = DIRECTION ( 'NONE',  ( 0.000000000000000000, 0.000000000000000000, 1.000000000000000000 ) ) ;
#328 = EDGE_CURVE ( 'NONE', #4619, #2901, #4734, .T. ) ;
#329 = EDGE_CURVE ( 'NONE', #4526, #1141, #3632, .T. ) ;
#330 = CARTESIAN_POINT ( 'NONE',  ( -3.651740452624386624, 29.07740637894529456, 13.82499999999999929 ) ) ;
#331 = VERTEX_POINT ( 'NONE', #4456 ) ;
#332 = CARTESIAN_POINT ( 'NONE',  ( -33.11169700004584371, 17.81545578927383033, 9.450396947741973364 ) ) ;
#333 = ORIENTED_EDGE ( 'NONE', *, *, #999, .T. ) ;
#334 = VECTOR ( 'NONE', #638, 1000.000000000000000 ) ;
#335 = EDGE_CURVE ( 'NONE', #4497, #790, #4044, .T. ) ;
#336 = CARTESIAN_POINT ( 'NONE',  ( 31.38821598339812979, 20.70122524716031975, 7.792506124901638742 ) ) ;
#337 = CARTESIAN_POINT ( 'NONE',  ( 0.000000000000000000, -32.07740637894529812, 11.82500000000000284 ) ) ;
#338 = PLANE ( 'NONE',  #3714 ) ;
#339 = VERTEX_POINT ( 'NONE', #2234 ) ;
#340 = DIRECTION ( 'NONE',  ( 0.4999999999999999445, 0.000000000000000000, 0.8660254037844387076 ) ) ;
#341 = LINE ( 'NONE', #2189, #180 ) ;
#342 = FACE_OUTER_BOUND ( 'NONE', #4305, .T. ) ;
#343 = CARTESIAN_POINT ( 'NONE',  ( 37.47495243259664477, -3.064081591036987628, 56.48107539177531322 ) ) ;
#344 = CARTESIAN_POINT ( 'NONE',  ( 37.60000000000000142, 4.500000000000000000, 52.35000000000000142 ) ) ;
#345 = DIRECTION ( 'NONE',  ( 0.000000000000000000, 1.000000000000000000, 0.000000000000000000 ) ) ;
#346 = ORIENTED_EDGE ( 'NONE', *, *, #4202, .T. ) ;
#347 = CARTESIAN_POINT ( 'NONE',  ( 27.10021823635435467, -19.86298496052310725, 53.82499999999999574 ) ) ;
#348 = EDGE_LOOP ( 'NONE', ( #2732, #4063, #4480, #3875, #4342, #4205 ) ) ;
#349 = FACE_OUTER_BOUND ( 'NONE', #1325, .T. ) ;
#350 = LINE ( 'NONE', #4445, #2895 ) ;
#351 = DIRECTION ( 'NONE',  ( 1.000000000000000000, 0.000000000000000000, 0.000000000000000000 ) ) ;
#352 = VERTEX_POINT ( 'NONE', #753 ) ;
#353 = DIRECTION ( 'NONE',  ( -0.000000000000000000, 1.000000000000000000, -0.000000000000000000 ) ) ;
#354 = ORIENTED_EDGE ( 'NONE', *, *, #96, .F. ) ;
#355 = CARTESIAN_POINT ( 'NONE',  ( 27.76946746016760770, -18.91604284671329594, 51.82499999999999574 ) ) ;
#356 = DIRECTION ( 'NONE',  ( 0.000000000000000000, 0.000000000000000000, 1.000000000000000000 ) ) ;
#357 = EDGE_LOOP ( 'NONE', ( #3292, #726, #1831, #17 ) ) ;
#358 = ADVANCED_FACE ( 'NONE', ( #3728 ), #776, .F. ) ;
#359 = LINE ( 'NONE', #1522, #4255 ) ;
#360 = ADVANCED_FACE ( 'NONE', ( #3708 ), #1470, .F. ) ;
#361 = AXIS2_PLACEMENT_3D ( 'NONE', #4709, #2866, #4339 ) ;
#362 = CARTESIAN_POINT ( 'NONE',  ( -22.98139909578736351, 24.51153392997149894, 37.91730115643939314 ) ) ;
#363 = CARTESIAN_POINT ( 'NONE',  ( 33.49427460997185335, 17.08508823999891746, 6.373869821584850826 ) ) ;
#364 = CARTESIAN_POINT ( 'NONE',  ( 31.85014489358448131, -19.98427780700388112, 49.29711472605681877 ) ) ;
#365 = EDGE_CURVE ( 'NONE', #4249, #1183, #4780, .T. ) ;
#366 = LINE ( 'NONE', #344, #3519 ) ;
#367 = CARTESIAN_POINT ( 'NONE',  ( 3.013330736547354505, -37.47951461161151343, 30.14345095237253958 ) ) ;
#368 = ORIENTED_EDGE ( 'NONE', *, *, #2137, .F. ) ;
#369 = FACE_BOUND ( 'NONE', #3458, .T. ) ;
#370 = VERTEX_POINT ( 'NONE', #382 ) ;
#371 = LINE ( 'NONE', #2607, #4209 ) ;
#372 = DIRECTION ( 'NONE',  ( -0.2499999999999955591, -0.4330127018922209081, -0.8660254037844391517 ) ) ;
#373 = DIRECTION ( 'NONE',  ( -0.000000000000000000, -1.000000000000000000, -0.000000000000000000 ) ) ;
#374 = ORIENTED_EDGE ( 'NONE', *, *, #2851, .F. ) ;
#375 = CARTESIAN_POINT ( 'NONE',  ( -31.27227883592912505, -12.28839193743023372, 47.50000000000000000 ) ) ;
#376 = ORIENTED_EDGE ( 'NONE', *, *, #2014, .F. ) ;
#377 = AXIS2_PLACEMENT_3D ( 'NONE', #1760, #721, #2128 ) ;
#378 = LINE ( 'NONE', #428, #4069 ) ;
#379 = EDGE_LOOP ( 'NONE', ( #2221, #175, #2347, #3011 ) ) ;
#380 = CARTESIAN_POINT ( 'NONE',  ( -5.736818358702855013E-16, -37.60000000000000142, 31.50000000000000711 ) ) ;
#381 = EDGE_LOOP ( 'NONE', ( #449, #3184, #262, #506 ) ) ;
#382 = CARTESIAN_POINT ( 'NONE',  ( 23.93325264320790069, -16.70120318947242666, 51.82499999999999574 ) ) ;
#383 = CARTESIAN_POINT ( 'NONE',  ( 37.32974685153919125, 4.500000000000000000, 87.79999999999998295 ) ) ;
#384 = EDGE_CURVE ( 'NONE', #10, #1629, #359, .T. ) ;
#385 = CARTESIAN_POINT ( 'NONE',  ( -24.50449545751082780, 23.01371700667527520, 49.58805542333994509 ) ) ;
#386 = EDGE_CURVE ( 'NONE', #2251, #2655, #3247, .T. ) ;
#387 = CARTESIAN_POINT ( 'NONE',  ( 33.46111569500731520, -3.053511802688217092, 56.47139151034387083 ) ) ;
#388 = DIRECTION ( 'NONE',  ( 0.000000000000000000, 0.000000000000000000, 1.000000000000000000 ) ) ;
#389 = CARTESIAN_POINT ( 'NONE',  ( 1.381019617101215458, -37.57520279936632335, 5.702299666247567345 ) ) ;
#390 = CARTESIAN_POINT ( 'NONE',  ( 2.133600818397848986, 37.53945836044872664, 6.777124586850241883 ) ) ;
#391 = CARTESIAN_POINT ( 'NONE',  ( 33.23886951036686810, 4.913555871273073805, 55.77508271359851477 ) ) ;
#392 = EDGE_CURVE ( 'NONE', #4398, #3281, #2644, .T. ) ;
#393 = ORIENTED_EDGE ( 'NONE', *, *, #1625, .T. ) ;
#394 = VECTOR ( 'NONE', #2339, 1000.000000000000114 ) ;
#395 = FACE_OUTER_BOUND ( 'NONE', #2643, .T. ) ;
#396 = ORIENTED_EDGE ( 'NONE', *, *, #1566, .T. ) ;
#397 = DIRECTION ( 'NONE',  ( 0.000000000000000000, -1.000000000000000000, 0.000000000000000000 ) ) ;
#398 = CARTESIAN_POINT ( 'NONE',  ( 0.000000000000000000, 0.000000000000000000, 0.000000000000000000 ) ) ;
#399 = ORIENTED_EDGE ( 'NONE', *, *, #2792, .T. ) ;
#400 = DIRECTION ( 'NONE',  ( 0.000000000000000000, 0.000000000000000000, -1.000000000000000000 ) ) ;
#401 = VERTEX_POINT ( 'NONE', #18 ) ;
#402 = CARTESIAN_POINT ( 'NONE',  ( -29.38605516414101970, 16.29234192793908420, 9.675800351222457962 ) ) ;
#403 = FACE_BOUND ( 'NONE', #2147, .T. ) ;
#404 = ORIENTED_EDGE ( 'NONE', *, *, #4177, .F. ) ;
#405 = CARTESIAN_POINT ( 'NONE',  ( 34.02966547566128241, 11.21370318947280431, 7.500000000000000000 ) ) ;
#406 = AXIS2_PLACEMENT_3D ( 'NONE', #1524, #3366, #433 ) ;
#407 = CARTESIAN_POINT ( 'NONE',  ( -3.595376650136474339, 37.42784143612220760, 29.27232387332227503 ) ) ;
#408 = LINE ( 'NONE', #486, #3839 ) ;
#409 = DIRECTION ( 'NONE',  ( 0.8660254037844363761, 0.5000000000000039968, 0.000000000000000000 ) ) ;
#410 = DIRECTION ( 'NONE',  ( 0.000000000000000000, 0.5547001962252295915, -0.8320502943378433880 ) ) ;
#411 = CARTESIAN_POINT ( 'NONE',  ( 37.47179753056270357, -3.102732316073764096, 56.35376258933955995 ) ) ;
#412 = ADVANCED_FACE ( 'NONE', ( #2597 ), #1148, .T. ) ;
#413 = EDGE_CURVE ( 'NONE', #4160, #1878, #109, .T. ) ;
#414 = CARTESIAN_POINT ( 'NONE',  ( 29.12940506591428758, 19.70120318947278548, 3.175000000000000711 ) ) ;
#415 = VERTEX_POINT ( 'NONE', #1863 ) ;
#416 = LINE ( 'NONE', #739, #3206 ) ;
#417 = VERTEX_POINT ( 'NONE', #1496 ) ;
#418 = VECTOR ( 'NONE', #1715, 1000.000000000000227 ) ;
#419 = CARTESIAN_POINT ( 'NONE',  ( 35.06132714734772549, -14.47599999999967935, 47.50000000000000000 ) ) ;
#420 = EDGE_CURVE ( 'NONE', #623, #3029, #1383, .T. ) ;
#421 = EDGE_CURVE ( 'NONE', #1507, #1327, #3095, .T. ) ;
#422 = LINE ( 'NONE', #2921, #1889 ) ;
#423 = FACE_OUTER_BOUND ( 'NONE', #1382, .T. ) ;
#424 = DIRECTION ( 'NONE',  ( 0.000000000000000000, -0.000000000000000000, 1.000000000000000000 ) ) ;
#425 = VERTEX_POINT ( 'NONE', #3293 ) ;
#426 = CARTESIAN_POINT ( 'NONE',  ( 23.35590237401828162, -17.70120318947243376, 53.82499999999999574 ) ) ;
#427 = ORIENTED_EDGE ( 'NONE', *, *, #2872, .T. ) ;
#428 = CARTESIAN_POINT ( 'NONE',  ( 3.651740452624389732, 35.07740637894529812, 13.82499999999999929 ) ) ;
#429 = CYLINDRICAL_SURFACE ( 'NONE', #3873, 33.60000000000000142 ) ;
#430 = ORIENTED_EDGE ( 'NONE', *, *, #3704, .F. ) ;
#431 = CIRCLE ( 'NONE', #595, 3.999999999999996447 ) ;
#432 = CARTESIAN_POINT ( 'NONE',  ( -3.974035154553805516, 37.38943281128314311, 26.97512392533589676 ) ) ;
#433 = DIRECTION ( 'NONE',  ( 1.000000000000000000, 0.000000000000000000, -0.000000000000000000 ) ) ;
#434 = CARTESIAN_POINT ( 'NONE',  ( 25.21078340652006489, 27.89581330647186519, 54.99999999999999289 ) ) ;
#435 = PLANE ( 'NONE',  #3253 ) ;
#436 = CARTESIAN_POINT ( 'NONE',  ( 1.373954788235552282, -37.57508884491212342, 9.285242624361101704 ) ) ;
#437 = CARTESIAN_POINT ( 'NONE',  ( -30.26650737441268646, 14.59104284671326468, 3.175000000000000711 ) ) ;
#438 = ORIENTED_EDGE ( 'NONE', *, *, #3054, .T. ) ;
#439 = PLANE ( 'NONE',  #3909 ) ;
#440 = ORIENTED_EDGE ( 'NONE', *, *, #1665, .T. ) ;
#441 = CARTESIAN_POINT ( 'NONE',  ( 0.000000000000000000, 0.000000000000000000, 11.82499999999999574 ) ) ;
#442 = DIRECTION ( 'NONE',  ( -6.123233995736766036E-17, 1.000000000000000000, 6.123233995736763571E-17 ) ) ;
#443 = CARTESIAN_POINT ( 'NONE',  ( 4.994079828490260553, 29.07740637894529456, 7.500000000000000000 ) ) ;
#444 = EDGE_CURVE ( 'NONE', #2606, #177, #912, .T. ) ;
#445 = FACE_OUTER_BOUND ( 'NONE', #3810, .T. ) ;
#446 = ADVANCED_FACE ( 'NONE', ( #2573 ), #707, .F. ) ;
#447 = ORIENTED_EDGE ( 'NONE', *, *, #1333, .F. ) ;
#448 = LINE ( 'NONE', #426, #4710 ) ;
#449 = ORIENTED_EDGE ( 'NONE', *, *, #4690, .F. ) ;
#450 = CARTESIAN_POINT ( 'NONE',  ( -1.486138388588008619, -37.57076199789296567, 9.192910315016039391 ) ) ;
#451 = ADVANCED_FACE ( 'NONE', ( #1840 ), #3314, .F. ) ;
#452 = EDGE_LOOP ( 'NONE', ( #1680, #4499, #2117, #2453 ) ) ;
#453 = CARTESIAN_POINT ( 'NONE',  ( 28.35000000000000142, 4.500000000000000000, 85.40000000000000568 ) ) ;
#454 = VECTOR ( 'NONE', #1877, 999.9999999999998863 ) ;
#455 = ORIENTED_EDGE ( 'NONE', *, *, #2493, .T. ) ;
#456 = CARTESIAN_POINT ( 'NONE',  ( -28.80275113783682173, -17.30266789802269400, 49.67590721329334258 ) ) ;
#457 = VECTOR ( 'NONE', #3892, 1000.000000000000227 ) ;
#458 = AXIS2_PLACEMENT_3D ( 'NONE', #1816, #1447, #2932 ) ;
#459 = CARTESIAN_POINT ( 'NONE',  ( 28.52004814850921832, -17.76462191179976458, 45.54810428320045901 ) ) ;
#460 = CARTESIAN_POINT ( 'NONE',  ( 33.42619389212232761, -3.413943673322025418, 55.77454231060802670 ) ) ;
#461 = CARTESIAN_POINT ( 'NONE',  ( -23.77580668090240223, 32.07740637894529812, 61.33090516225863098 ) ) ;
#462 = DIRECTION ( 'NONE',  ( 4.750401893239966809E-16, 8.227937435463186988E-16, -1.000000000000000000 ) ) ;
#463 = CARTESIAN_POINT ( 'NONE',  ( -30.63039974883407268, 13.83621323311933793, 4.622384460883258051 ) ) ;
#464 = ORIENTED_EDGE ( 'NONE', *, *, #1110, .T. ) ;
#465 = CIRCLE ( 'NONE', #860, 33.60000000000000142 ) ;
#466 = CARTESIAN_POINT ( 'NONE',  ( -28.55205479672493496, 20.70120318947239113, 1.175000000000000488 ) ) ;
#467 = ORIENTED_EDGE ( 'NONE', *, *, #1267, .T. ) ;
#468 = VECTOR ( 'NONE', #4789, 1000.000000000000000 ) ;
#469 = LINE ( 'NONE', #3448, #237 ) ;
#470 = CARTESIAN_POINT ( 'NONE',  ( -26.43029255745299011, 12.37620318947240428, 11.82499999999999929 ) ) ;
#471 = DIRECTION ( 'NONE',  ( 0.000000000000000000, 0.000000000000000000, 1.000000000000000000 ) ) ;
#472 = AXIS2_PLACEMENT_3D ( 'NONE', #230, #1734, #4699 ) ;
#473 = LINE ( 'NONE', #3814, #1479 ) ;
#474 = ORIENTED_EDGE ( 'NONE', *, *, #3940, .F. ) ;
#475 = LINE ( 'NONE', #4206, #3935 ) ;
#476 = EDGE_LOOP ( 'NONE', ( #2172, #1232, #2432, #3173, #84, #1861 ) ) ;
#477 = ADVANCED_FACE ( 'NONE', ( #1668 ), #581, .F. ) ;
#478 = ADVANCED_FACE ( 'NONE', ( #3190 ), #2837, .F. ) ;
#479 = DIRECTION ( 'NONE',  ( -0.000000000000000000, 1.000000000000000000, -0.000000000000000000 ) ) ;
#480 = VERTEX_POINT ( 'NONE', #872 ) ;
#481 =( NAMED_UNIT ( * ) PLANE_ANGLE_UNIT ( ) SI_UNIT ( $, .RADIAN. ) );
#482 = ORIENTED_EDGE ( 'NONE', *, *, #392, .T. ) ;
#483 =( BOUNDED_CURVE ( )  B_SPLINE_CURVE ( 3, ( #355, #4040, #3682, #1836 ),
 .UNSPECIFIED., .F., .F. ) 
 B_SPLINE_CURVE_WITH_KNOTS ( ( 4, 4 ),
 ( 4.786774223152334251, 4.861575086394593015 ),
 .UNSPECIFIED. ) 
 CURVE ( )  GEOMETRIC_REPRESENTATION_ITEM ( )  RATIONAL_B_SPLINE_CURVE ( ( 1.000000000000000000, 0.9995337902528685925, 0.9995337902528685925, 1.000000000000000000 ) ) 
 REPRESENTATION_ITEM ( '' )  );
#484 = ADVANCED_FACE ( 'NONE', ( #3924 ), #3508, .F. ) ;
#485 = CARTESIAN_POINT ( 'NONE',  ( -3.796195347372370854, 37.40800788490807349, 26.21250334191038789 ) ) ;
#486 = CARTESIAN_POINT ( 'NONE',  ( -28.83351305295477118, 8.213703189472381538, 7.499999999999996447 ) ) ;
#487 = DIRECTION ( 'NONE',  ( 0.000000000000000000, 0.5547001962252269269, -0.8320502943378451643 ) ) ;
#488 = CARTESIAN_POINT ( 'NONE',  ( 37.14067492848230501, 5.860476847336623329, 55.10051396809500801 ) ) ;
#489 = VECTOR ( 'NONE', #2133, 1000.000000000000114 ) ;
#490 = CARTESIAN_POINT ( 'NONE',  ( 33.11164762055918231, -17.81554488940676961, 49.45041854755546495 ) ) ;
#491 = LINE ( 'NONE', #2698, #2540 ) ;
#492 = CARTESIAN_POINT ( 'NONE',  ( 34.59999999999999432, 4.500000000000000000, 82.90000000000000568 ) ) ;
#493 = ORIENTED_EDGE ( 'NONE', *, *, #4592, .F. ) ;
#494 = FACE_OUTER_BOUND ( 'NONE', #4091, .T. ) ;
#495 = EDGE_LOOP ( 'NONE', ( #1259, #1012, #2653, #2030, #4061, #1554 ) ) ;
#496 = DIRECTION ( 'NONE',  ( 1.000000000000000000, 0.000000000000000000, 0.000000000000000000 ) ) ;
#497 = LINE ( 'NONE', #3043, #242 ) ;
#498 = CARTESIAN_POINT ( 'NONE',  ( -2.009199619610436483E-16, -37.60000000000000142, 9.747899999999999565 ) ) ;
#499 = VERTEX_POINT ( 'NONE', #4234 ) ;
#500 = CIRCLE ( 'NONE', #1292, 37.60000000000000142 ) ;
#501 = CARTESIAN_POINT ( 'NONE',  ( 10.00000000000000000, -32.07740637894529812, 75.05787354967810643 ) ) ;
#502 = EDGE_LOOP ( 'NONE', ( #1824, #3160, #447, #2153, #3772, #2700, #3187 ) ) ;
#503 = VECTOR ( 'NONE', #1176, 1000.000000000000000 ) ;
#504 = PLANE ( 'NONE',  #1086 ) ;
#505 = CARTESIAN_POINT ( 'NONE',  ( -3.651740452624389732, -29.07740637894529456, 1.175000000000000488 ) ) ;
#506 = ORIENTED_EDGE ( 'NONE', *, *, #3344, .T. ) ;
#507 = CARTESIAN_POINT ( 'NONE',  ( 29.17138491459272132, -16.67368620900429832, 49.74795237698504025 ) ) ;
#508 = ORIENTED_EDGE ( 'NONE', *, *, #1359, .T. ) ;
#509 = CARTESIAN_POINT ( 'NONE',  ( -31.44364359187704849, -20.61699350775678852, 46.77562614427124288 ) ) ;
#510 = CARTESIAN_POINT ( 'NONE',  ( 28.03604964814538647, -18.51872261174157330, 46.50227348133709171 ) ) ;
#511 = CARTESIAN_POINT ( 'NONE',  ( -2.497039914245137382, 29.07740637894529456, 3.175000000000000266 ) ) ;
#512 = CARTESIAN_POINT ( 'NONE',  ( -10.00000000000000000, -32.07740637894529812, 75.05787354967810643 ) ) ;
#513 = EDGE_CURVE ( 'NONE', #2072, #2136, #4676, .T. ) ;
#514 = ADVANCED_FACE ( 'NONE', ( #2785, #2102 ), #160, .T. ) ;
#515 = CARTESIAN_POINT ( 'NONE',  ( -2.188766124193670670, 37.53640774881448294, 6.909998103398936387 ) ) ;
#516 = AXIS2_PLACEMENT_3D ( 'NONE', #4406, #4827, #2255 ) ;
#517 = CARTESIAN_POINT ( 'NONE',  ( 0.000000000000000000, 0.000000000000000000, 0.000000000000000000 ) ) ;
#518 = DIRECTION ( 'NONE',  ( -0.5000000000000002220, 0.000000000000000000, -0.8660254037844384856 ) ) ;
#519 = EDGE_CURVE ( 'NONE', #3861, #556, #3945, .T. ) ;
#520 = VERTEX_POINT ( 'NONE', #2761 ) ;
#521 = CARTESIAN_POINT ( 'NONE',  ( 4.898587196589412829E-16, -37.60000000000000142, 23.50000000000000355 ) ) ;
#522 = EDGE_LOOP ( 'NONE', ( #4104, #2096, #3598, #1644 ) ) ;
#523 = DIRECTION ( 'NONE',  ( 0.5000000000000039968, -0.8660254037844363761, -8.683899414665651282E-17 ) ) ;
#524 = AXIS2_PLACEMENT_3D ( 'NONE', #1068, #2571, #1837 ) ;
#525 = CARTESIAN_POINT ( 'NONE',  ( -25.21078340652006844, -37.60099999999999909, 54.99999999999999289 ) ) ;
#526 = FACE_BOUND ( 'NONE', #3075, .T. ) ;
#527 = LINE ( 'NONE', #2029, #1871 ) ;
#528 = PRODUCT_DEFINITION_CONTEXT ( 'detailed design', #3326, 'design' ) ;
#529 = VERTEX_POINT ( 'NONE', #3146 ) ;
#530 = CARTESIAN_POINT ( 'NONE',  ( -27.91725520299507224, -18.69726430005443518, 47.20748017104529737 ) ) ;
#531 = ORIENTED_EDGE ( 'NONE', *, *, #4746, .F. ) ;
#532 = DIRECTION ( 'NONE',  ( -1.000000000000000000, 0.000000000000000000, 0.000000000000000000 ) ) ;
#533 = CARTESIAN_POINT ( 'NONE',  ( 22.98139909578735285, 29.75928923210606314, 37.91730115643939314 ) ) ;
#534 = ORIENTED_EDGE ( 'NONE', *, *, #3466, .F. ) ;
#535 = FACE_OUTER_BOUND ( 'NONE', #4327, .T. ) ;
#536 = ORIENTED_EDGE ( 'NONE', *, *, #2697, .T. ) ;
#537 = CARTESIAN_POINT ( 'NONE',  ( -33.62826062478474398, -16.81963398387583908, 47.20294875003990143 ) ) ;
#538 = CARTESIAN_POINT ( 'NONE',  ( 29.24413147127758705, 16.54573703773387550, 9.733523925628283280 ) ) ;
#539 = AXIS2_PLACEMENT_3D ( 'NONE', #3981, #3091, #2397 ) ;
#540 = CARTESIAN_POINT ( 'NONE',  ( 25.18177260033044718, -14.53870318947241458, 0.000000000000000000 ) ) ;
#541 = CARTESIAN_POINT ( 'NONE',  ( 23.59999999999999787, -3.000000000000000000, 55.00000000000000000 ) ) ;
#542 = DIRECTION ( 'NONE',  ( 1.000000000000000000, 0.000000000000000000, -0.000000000000000000 ) ) ;
#543 = EDGE_CURVE ( 'NONE', #2078, #3335, #926, .T. ) ;
#544 = EDGE_CURVE ( 'NONE', #4307, #869, #137, .T. ) ;
#545 = CARTESIAN_POINT ( 'NONE',  ( -32.41438906761761274, -19.05487258671644568, 49.73332736652636754 ) ) ;
#546 = ORIENTED_EDGE ( 'NONE', *, *, #2825, .T. ) ;
#547 = DIRECTION ( 'NONE',  ( -0.8660254037844432595, 0.4999999999999919509, 0.000000000000000000 ) ) ;
#548 = ORIENTED_EDGE ( 'NONE', *, *, #4242, .T. ) ;
#549 = CARTESIAN_POINT ( 'NONE',  ( 0.000000000000000000, 0.000000000000000000, 55.00000000000000000 ) ) ;
#550 = ADVANCED_FACE ( 'NONE', ( #4628 ), #504, .T. ) ;
#551 = PLANE ( 'NONE',  #1264 ) ;
#552 = CARTESIAN_POINT ( 'NONE',  ( 28.35000000000000142, -3.000000000000000000, 86.27500000000000568 ) ) ;
#553 = CARTESIAN_POINT ( 'NONE',  ( -4.994079828490264106, 35.07740637894529812, 7.500000000000000000 ) ) ;
#554 = ORIENTED_EDGE ( 'NONE', *, *, #4434, .F. ) ;
#555 = CARTESIAN_POINT ( 'NONE',  ( -29.38455029233740134, -16.29505580684833532, 45.32337369926036530 ) ) ;
#556 = VERTEX_POINT ( 'NONE', #3168 ) ;
#557 = CARTESIAN_POINT ( 'NONE',  ( -2.497039914245137382, 35.07740637894529812, 3.175000000000000266 ) ) ;
#558 = AXIS2_PLACEMENT_3D ( 'NONE', #2341, #4521, #1926 ) ;
#559 = CIRCLE ( 'NONE', #1417, 3.999999999999996447 ) ;
#560 = CARTESIAN_POINT ( 'NONE',  ( -28.73049295787065560, 17.42232340172245486, 9.633581915646566074 ) ) ;
#561 = VERTEX_POINT ( 'NONE', #1640 ) ;
#562 = CARTESIAN_POINT ( 'NONE',  ( 29.58368748414111593, -15.93059861486672801, 49.52080429485084068 ) ) ;
#563 = ORIENTED_EDGE ( 'NONE', *, *, #2199, .F. ) ;
#564 = CARTESIAN_POINT ( 'NONE',  ( -28.03564862769053789, -18.51933045029966962, 48.49640513871850089 ) ) ;
#565 = CARTESIAN_POINT ( 'NONE',  ( 28.32654219736883405, 18.07146236019520558, 9.192080195476926008 ) ) ;
#566 = CARTESIAN_POINT ( 'NONE',  ( 27.29771202647689066, 19.60859769400298447, 10.37761553911675705 ) ) ;
#567 = DIRECTION ( 'NONE',  ( 1.000000000000000000, 0.000000000000000000, -6.308085367188394185E-16 ) ) ;
#568 = CARTESIAN_POINT ( 'NONE',  ( 32.41549565214099715, -19.05470202831692106, 49.74779504276182962 ) ) ;
#569 = CARTESIAN_POINT ( 'NONE',  ( 33.29729718760968638, 4.500000000000000000, 55.00000000000000000 ) ) ;
#570 = EDGE_LOOP ( 'NONE', ( #3329, #1400, #1652, #876 ) ) ;
#571 = CARTESIAN_POINT ( 'NONE',  ( -0.5245237531841414613, 37.59721157204700859, 31.47402535430995840 ) ) ;
#572 = VERTEX_POINT ( 'NONE', #601 ) ;
#573 = CARTESIAN_POINT ( 'NONE',  ( 30.15721039549309879, -14.81562219962304461, 47.50000000000000000 ) ) ;
#574 = CARTESIAN_POINT ( 'NONE',  ( -28.51737592189481063, 17.77055137382621552, 5.535439217026221215 ) ) ;
#575 = CARTESIAN_POINT ( 'NONE',  ( 3.470364571571427081, 37.43978934537584280, 25.49380194954752099 ) ) ;
#576 = VERTEX_POINT ( 'NONE', #1736 ) ;
#577 = CARTESIAN_POINT ( 'NONE',  ( -27.90931039549288073, -18.70909920995752884, 47.50000000000000000 ) ) ;
#578 = ADVANCED_FACE ( 'NONE', ( #210 ), #3120, .T. ) ;
#579 = VERTEX_POINT ( 'NONE', #1271 ) ;
#580 = ADVANCED_FACE ( 'NONE', ( #4702, #951 ), #1369, .F. ) ;
#581 = CYLINDRICAL_SURFACE ( 'NONE', #2192, 2.000000000000001776 ) ;
#582 = LINE ( 'NONE', #2103, #2503 ) ;
#583 = VERTEX_POINT ( 'NONE', #2033 ) ;
#584 = CARTESIAN_POINT ( 'NONE',  ( 29.81230367204857146, -15.49830927958142723, 49.19474532668435529 ) ) ;
#585 = ORIENTED_EDGE ( 'NONE', *, *, #4355, .F. ) ;
#586 = EDGE_CURVE ( 'NONE', #821, #1631, #1295, .T. ) ;
#587 = CARTESIAN_POINT ( 'NONE',  ( -31.38036062478473909, -20.71311099420991653, 47.50000000000000000 ) ) ;
#588 = DIRECTION ( 'NONE',  ( -1.000000000000000000, 0.000000000000000000, -8.683899414665652514E-17 ) ) ;
#589 = CARTESIAN_POINT ( 'NONE',  ( 4.898587551705492266E-16, 37.60000000000000142, 23.50000000000000355 ) ) ;
#590 = CARTESIAN_POINT ( 'NONE',  ( 25.21078340652006489, 22.21207779631462031, 54.99999999999999289 ) ) ;
#591 = DIRECTION ( 'NONE',  ( 0.000000000000000000, -0.5547001962252292584, 0.8320502943378436100 ) ) ;
#592 = CARTESIAN_POINT ( 'NONE',  ( -31.38036062478473909, -20.71311099420991653, 47.50000000000000000 ) ) ;
#593 = ORIENTED_EDGE ( 'NONE', *, *, #3703, .F. ) ;
#594 =( BOUNDED_CURVE ( )  B_SPLINE_CURVE ( 3, ( #2508, #3254, #4737, #1404 ),
 .UNSPECIFIED., .F., .F. ) 
 B_SPLINE_CURVE_WITH_KNOTS ( ( 4, 4 ),
 ( 1.679694182726378937, 1.789910952488207529 ),
 .UNSPECIFIED. ) 
 CURVE ( )  GEOMETRIC_REPRESENTATION_ITEM ( )  RATIONAL_B_SPLINE_CURVE ( ( 1.000000000000000000, 0.9989879448062453093, 0.9989879448062453093, 1.000000000000000000 ) ) 
 REPRESENTATION_ITEM ( '' )  );
#595 = AXIS2_PLACEMENT_3D ( 'NONE', #3613, #3591, #271 ) ;
#596 = FACE_OUTER_BOUND ( 'NONE', #723, .T. ) ;
#597 = CARTESIAN_POINT ( 'NONE',  ( -3.651740452624386624, 32.07740637894529812, 13.82499999999999751 ) ) ;
#598 = ORIENTED_EDGE ( 'NONE', *, *, #2115, .F. ) ;
#599 = LINE ( 'NONE', #3870, #1810 ) ;
#600 = VERTEX_POINT ( 'NONE', #2373 ) ;
#601 = CARTESIAN_POINT ( 'NONE',  ( -30.15721039549289983, -14.81562219962345850, 47.50000000000000711 ) ) ;
#602 = AXIS2_PLACEMENT_3D ( 'NONE', #909, #2066, #3956 ) ;
#603 = EDGE_CURVE ( 'NONE', #415, #1079, #2176, .T. ) ;
#604 = ADVANCED_FACE ( 'NONE', ( #3330 ), #672, .F. ) ;
#605 = CARTESIAN_POINT ( 'NONE',  ( -27.29771202647687645, -19.60859769400299513, 44.62238446088323940 ) ) ;
#606 = ORIENTED_EDGE ( 'NONE', *, *, #3941, .F. ) ;
#607 = CARTESIAN_POINT ( 'NONE',  ( 29.38592552185164664, -16.29258023523635046, 49.67590721329334258 ) ) ;
#608 = VERTEX_POINT ( 'NONE', #3240 ) ;
#609 = EDGE_CURVE ( 'NONE', #3986, #1716, #305, .T. ) ;
#610 = CARTESIAN_POINT ( 'NONE',  ( -32.41373857398730252, -19.05597529384455058, 45.26687511983013934 ) ) ;
#611 = CARTESIAN_POINT ( 'NONE',  ( 32.05445819230566684, -10.07331673272158312, 47.50000000000002842 ) ) ;
#612 = CARTESIAN_POINT ( 'NONE',  ( -33.04910476670155361, 17.93140283602605578, 5.479177144061521787 ) ) ;
#613 = CARTESIAN_POINT ( 'NONE',  ( 26.37010394867116503, -20.85912207551460895, 43.30150319328690500 ) ) ;
#614 = DIRECTION ( 'NONE',  ( -0.4999999999999999445, 0.000000000000000000, -0.8660254037844387076 ) ) ;
#615 = CARTESIAN_POINT ( 'NONE',  ( -32.05360276484176296, -19.65566288228373537, 49.52082285593848354 ) ) ;
#616 = ORIENTED_EDGE ( 'NONE', *, *, #31, .T. ) ;
#617 = VECTOR ( 'NONE', #2587, 999.9999999999998863 ) ;
#618 = CARTESIAN_POINT ( 'NONE',  ( -30.15721039549310589, 14.81562219962305349, 7.353269962598324661 ) ) ;
#619 = CARTESIAN_POINT ( 'NONE',  ( 2.642014851200704673, 37.50751903924885511, 24.48541348646514137 ) ) ;
#620 = ORIENTED_EDGE ( 'NONE', *, *, #1510, .F. ) ;
#621 = DIRECTION ( 'NONE',  ( -0.5000000000000039968, 0.8660254037844363761, 0.000000000000000000 ) ) ;
#622 =( BOUNDED_CURVE ( )  B_SPLINE_CURVE ( 3, ( #1251, #566, #170, #2385 ),
 .UNSPECIFIED., .F., .F. ) 
 B_SPLINE_CURVE_WITH_KNOTS ( ( 4, 4 ),
 ( 4.786774223152334251, 4.861575086394593015 ),
 .UNSPECIFIED. ) 
 CURVE ( )  GEOMETRIC_REPRESENTATION_ITEM ( )  RATIONAL_B_SPLINE_CURVE ( ( 1.000000000000000000, 0.9995337902528685925, 0.9995337902528685925, 1.000000000000000000 ) ) 
 REPRESENTATION_ITEM ( '' )  );
#623 = VERTEX_POINT ( 'NONE', #718 ) ;
#624 = CYLINDRICAL_SURFACE ( 'NONE', #629, 0.8750000000000007772 ) ;
#625 = FACE_OUTER_BOUND ( 'NONE', #2391, .T. ) ;
#626 = VERTEX_POINT ( 'NONE', #4722 ) ;
#627 = CARTESIAN_POINT ( 'NONE',  ( 30.15721039549309879, -14.81562219962304461, 47.50000000000000000 ) ) ;
#628 = VERTEX_POINT ( 'NONE', #1391 ) ;
#629 = AXIS2_PLACEMENT_3D ( 'NONE', #2920, #3282, #2222 ) ;
#630 = EDGE_CURVE ( 'NONE', #4004, #113, #4816, .T. ) ;
#631 = EDGE_CURVE ( 'NONE', #1613, #583, #4348, .T. ) ;
#632 = VECTOR ( 'NONE', #3540, 1000.000000000000000 ) ;
#633 = DIRECTION ( 'NONE',  ( 0.000000000000000000, 0.000000000000000000, -1.000000000000000000 ) ) ;
#634 = LINE ( 'NONE', #3607, #3535 ) ;
#635 = AXIS2_PLACEMENT_3D ( 'NONE', #3619, #2806, #205 ) ;
#636 = FACE_OUTER_BOUND ( 'NONE', #2802, .T. ) ;
#637 = EDGE_CURVE ( 'NONE', #626, #370, #1059, .T. ) ;
#638 = DIRECTION ( 'NONE',  ( 0.000000000000000000, 1.000000000000000000, 0.000000000000000000 ) ) ;
#639 = EDGE_CURVE ( 'NONE', #1000, #3505, #694, .T. ) ;
#640 = CARTESIAN_POINT ( 'NONE',  ( -31.38036062478474619, -20.71311099420991653, 47.64672609192886910 ) ) ;
#641 = CARTESIAN_POINT ( 'NONE',  ( 31.27227883592911084, 12.28839193743022129, 7.500000000000000000 ) ) ;
#642 = ORIENTED_EDGE ( 'NONE', *, *, #839, .F. ) ;
#643 = AXIS2_PLACEMENT_3D ( 'NONE', #1289, #4254, #2320 ) ;
#644 = CARTESIAN_POINT ( 'NONE',  ( -29.24501513253306584, 16.54417962291685029, 5.266674861600493252 ) ) ;
#645 = CARTESIAN_POINT ( 'NONE',  ( 4.898587551705492266E-16, 37.60000000000000142, 23.50000000000000355 ) ) ;
#646 = ORIENTED_EDGE ( 'NONE', *, *, #365, .F. ) ;
#647 = DIRECTION ( 'NONE',  ( 0.000000000000000000, 1.000000000000000000, 7.520477497009250555E-17 ) ) ;
#648 = EDGE_LOOP ( 'NONE', ( #2874, #3406, #1995, #1147 ) ) ;
#650 = DIRECTION ( 'NONE',  ( 0.000000000000000000, -0.5547001962252269269, -0.8320502943378451643 ) ) ;
#649 = VECTOR ( 'NONE', #1442, 1000.000000000000000 ) ;
#651 = CARTESIAN_POINT ( 'NONE',  ( 28.35000000000000142, -3.000000000000000000, 57.39999999999999858 ) ) ;
#652 = ORIENTED_EDGE ( 'NONE', *, *, #329, .T. ) ;
#653 = FACE_OUTER_BOUND ( 'NONE', #1952, .T. ) ;
#654 = ORIENTED_EDGE ( 'NONE', *, *, #2342, .F. ) ;
#655 = CARTESIAN_POINT ( 'NONE',  ( 31.41989001168345297, 20.65311940138419189, 8.082337975667082119 ) ) ;
#656 = DIRECTION ( 'NONE',  ( 0.000000000000000000, -0.5547001962252282592, 0.8320502943378443872 ) ) ;
#657 = LINE ( 'NONE', #3684, #2017 ) ;
#658 = ORIENTED_EDGE ( 'NONE', *, *, #1110, .F. ) ;
#659 = AXIS2_PLACEMENT_3D ( 'NONE', #2996, #400, #2272 ) ;
#660 = CARTESIAN_POINT ( 'NONE',  ( -30.75195868897867513, 13.53798496052307065, 1.175000000000002043 ) ) ;
#661 = EDGE_CURVE ( 'NONE', #1631, #1054, #1082, .T. ) ;
#662 = PLANE ( 'NONE',  #1060 ) ;
#663 = EDGE_CURVE ( 'NONE', #3087, #3962, #120, .T. ) ;
#664 = CARTESIAN_POINT ( 'NONE',  ( -22.68473268608509841, -18.86370318947275138, 47.50000000000000000 ) ) ;
#665 = ORIENTED_EDGE ( 'NONE', *, *, #329, .F. ) ;
#666 = CARTESIAN_POINT ( 'NONE',  ( -29.64583559319820694, 15.81452757665702258, 5.549596847990177828 ) ) ;
#667 = CARTESIAN_POINT ( 'NONE',  ( -26.37010394867085949, -20.85912207551498909, 43.30150319328689790 ) ) ;
#668 = ADVANCED_FACE ( 'NONE', ( #3302 ), #1038, .F. ) ;
#669 = VERTEX_POINT ( 'NONE', #2492 ) ;
#670 = DIRECTION ( 'NONE',  ( -0.000000000000000000, -0.000000000000000000, 1.000000000000000000 ) ) ;
#671 = EDGE_LOOP ( 'NONE', ( #1284, #2296, #2580, #1019 ) ) ;
#672 = CYLINDRICAL_SURFACE ( 'NONE', #4282, 3.999999999999996447 ) ;
#673 = FACE_OUTER_BOUND ( 'NONE', #2159, .T. ) ;
#674 = VERTEX_POINT ( 'NONE', #3672 ) ;
#675 = CARTESIAN_POINT ( 'NONE',  ( 30.15077314543531983, 14.82874567726030790, 7.205354012049506096 ) ) ;
#676 = ORIENTED_EDGE ( 'NONE', *, *, #966, .T. ) ;
#677 = VECTOR ( 'NONE', #4002, 1000.000000000000114 ) ;
#678 = CARTESIAN_POINT ( 'NONE',  ( 28.35000000000000142, -3.000000000000000000, 56.52499999999999858 ) ) ;
#679 = CARTESIAN_POINT ( 'NONE',  ( 7.303480905248766142, 29.07740637894529456, 7.499999999999996447 ) ) ;
#680 = CARTESIAN_POINT ( 'NONE',  ( -3.973663464049863148, -37.38947219121623533, 26.97277877832984316 ) ) ;
#681 = EDGE_LOOP ( 'NONE', ( #1898, #4215, #2489, #658 ) ) ;
#682 = DIRECTION ( 'NONE',  ( 0.4330127018922228510, -0.7499999999999980016, 0.5000000000000001110 ) ) ;
#683 = B_SPLINE_CURVE_WITH_KNOTS ( 'NONE', 3,
 ( #762, #298, #1429, #1131, #2263, #2239, #3738, #391, #4811, #1477, #2961, #1105, #4391, #1529 ),
 .UNSPECIFIED., .F., .F.,
 ( 4, 2, 2, 2, 2, 2, 4 ),
 ( 0.000000000000000000, 0.0003933967399762792658, 0.0007867934799525585316, 0.001180190219928837960, 0.001573586959905117063, 0.002360380439857656838, 0.003147173919810197264 ),
 .UNSPECIFIED. ) ;
#684 = DIRECTION ( 'NONE',  ( 0.000000000000000000, 1.000000000000000000, 6.123233995736763571E-17 ) ) ;
#685 = CARTESIAN_POINT ( 'NONE',  ( 33.62826062478475819, 16.81963398387585684, 7.351440376767674145 ) ) ;
#686 = ORIENTED_EDGE ( 'NONE', *, *, #3588, .F. ) ;
#687 = ADVANCED_FACE ( 'NONE', ( #1826 ), #624, .F. ) ;
#688 = CARTESIAN_POINT ( 'NONE',  ( -35.06132714734752653, -14.47600000000016962, 47.50000000000000000 ) ) ;
#689 = CARTESIAN_POINT ( 'NONE',  ( 1.036050789595284849, -37.58659391222219881, 31.37228633312822623 ) ) ;
#690 = VECTOR ( 'NONE', #1828, 1000.000000000000000 ) ;
#691 = VERTEX_POINT ( 'NONE', #4058 ) ;
#692 = CARTESIAN_POINT ( 'NONE',  ( 26.27819900743911319, -20.93839193742982729, 47.50000000000000000 ) ) ;
#693 = ORIENTED_EDGE ( 'NONE', *, *, #4026, .T. ) ;
#694 = LINE ( 'NONE', #2898, #2511 ) ;
#695 = ADVANCED_FACE ( 'NONE', ( #349 ), #3261, .T. ) ;
#696 = AXIS2_PLACEMENT_3D ( 'NONE', #1901, #397, #3042 ) ;
#697 = CARTESIAN_POINT ( 'NONE',  ( -35.06132714734752653, -14.47600000000016962, 47.50000000000000000 ) ) ;
#698 = VECTOR ( 'NONE', #281, 999.9999999999998863 ) ;
#699 = DIRECTION ( 'NONE',  ( 0.000000000000000000, 1.000000000000000000, 0.000000000000000000 ) ) ;
#700 = ORIENTED_EDGE ( 'NONE', *, *, #3181, .F. ) ;
#701 = CARTESIAN_POINT ( 'NONE',  ( -32.91985700450459262, 18.16759477772456677, 9.632407592830537268 ) ) ;
#702 = VERTEX_POINT ( 'NONE', #2583 ) ;
#703 = CARTESIAN_POINT ( 'NONE',  ( -33.62167838761961747, 16.83281233731033666, 7.204252519275893718 ) ) ;
#704 = PLANE ( 'NONE',  #1677 ) ;
#705 = FACE_OUTER_BOUND ( 'NONE', #3671, .T. ) ;
#706 = VERTEX_POINT ( 'NONE', #3599 ) ;
#707 = PLANE ( 'NONE',  #4672 ) ;
#708 = CIRCLE ( 'NONE', #2205, 3.999999999999996447 ) ;
#709 = VECTOR ( 'NONE', #621, 999.9999999999998863 ) ;
#710 = CARTESIAN_POINT ( 'NONE',  ( 0.000000000000000000, -37.60000000000000142, 31.50000000000000000 ) ) ;
#711 = CARTESIAN_POINT ( 'NONE',  ( 31.38036062478473909, 20.71311099420992363, 7.500000000000000000 ) ) ;
#712 = CARTESIAN_POINT ( 'NONE',  ( 2.175806788571390094, -37.53700426236073895, 6.916578647368959665 ) ) ;
#713 = CARTESIAN_POINT ( 'NONE',  ( 3.651740452624383071, 35.07740637894529812, 1.174999999999999600 ) ) ;
#714 = CARTESIAN_POINT ( 'NONE',  ( 3.178839508876957431, -37.46567126462614539, 29.94216182002966065 ) ) ;
#715 = EDGE_LOOP ( 'NONE', ( #889, #3048, #158, #763 ) ) ;
#716 = LINE ( 'NONE', #3280, #709 ) ;
#717 = VERTEX_POINT ( 'NONE', #1435 ) ;
#718 = CARTESIAN_POINT ( 'NONE',  ( 28.35000000000000142, -3.000000000000000000, 58.27499999999999858 ) ) ;
#719 = CARTESIAN_POINT ( 'NONE',  ( 33.22683644768282818, -17.59978076230925481, 45.71297066931278152 ) ) ;
#720 = EDGE_CURVE ( 'NONE', #425, #3001, #1664, .T. ) ;
#721 = DIRECTION ( 'NONE',  ( -0.8660254037844385966, 0.000000000000000000, 0.5000000000000003331 ) ) ;
#722 = EDGE_CURVE ( 'NONE', #2291, #3363, #2943, .T. ) ;
#723 = EDGE_LOOP ( 'NONE', ( #3609, #1036, #4137, #3431 ) ) ;
#724 = DIRECTION ( 'NONE',  ( -0.8660254037844432595, 0.4999999999999918954, 0.000000000000000000 ) ) ;
#725 = VECTOR ( 'NONE', #1713, 1000.000000000000000 ) ;
#726 = ORIENTED_EDGE ( 'NONE', *, *, #39, .T. ) ;
#727 = CARTESIAN_POINT ( 'NONE',  ( 28.55205479672465430, 20.70120318947278903, 13.82499999999999929 ) ) ;
#728 = EDGE_CURVE ( 'NONE', #164, #2829, #465, .T. ) ;
#729 = DIRECTION ( 'NONE',  ( -0.2500000000000015543, 0.4330127018922172999, -0.8660254037844391517 ) ) ;
#730 = ORIENTED_EDGE ( 'NONE', *, *, #4409, .F. ) ;
#731 = DIRECTION ( 'NONE',  ( 0.4999999999999919509, 0.8660254037844432595, -8.683899414665652514E-17 ) ) ;
#732 = DIRECTION ( 'NONE',  ( 0.000000000000000000, 0.5547001962252300356, 0.8320502943378429439 ) ) ;
#733 = CARTESIAN_POINT ( 'NONE',  ( 30.73841700679047406, -21.96349999999971914, 53.82499999999999574 ) ) ;
#734 = AXIS2_PLACEMENT_3D ( 'NONE', #2112, #3932, #2015 ) ;
#735 = CARTESIAN_POINT ( 'NONE',  ( 31.63187196905029808, -20.32710868644049995, 48.87047620595215847 ) ) ;
#736 = DIRECTION ( 'NONE',  ( 0.000000000000000000, -0.5547001962252292584, 0.8320502943378436100 ) ) ;
#737 = CARTESIAN_POINT ( 'NONE',  ( 28.35000000000000142, 4.500000000000000000, 85.40000000000000568 ) ) ;
#738 = ORIENTED_EDGE ( 'NONE', *, *, #4326, .T. ) ;
#739 = CARTESIAN_POINT ( 'NONE',  ( 29.08000000000000185, -3.000000000000000000, 52.35000000000000142 ) ) ;
#740 = ORIENTED_EDGE ( 'NONE', *, *, #4235, .F. ) ;
#741 = DIRECTION ( 'NONE',  ( -0.4999999999999927836, -0.8660254037844428154, 0.000000000000000000 ) ) ;
#742 = CARTESIAN_POINT ( 'NONE',  ( -3.651740452624386624, -35.07740637894529812, 13.82499999999999929 ) ) ;
#743 = CARTESIAN_POINT ( 'NONE',  ( 2.752883539803335132E-16, -37.60099999999999909, 5.252100000000000435 ) ) ;
#744 = ORIENTED_EDGE ( 'NONE', *, *, #1333, .T. ) ;
#745 = CARTESIAN_POINT ( 'NONE',  ( -32.63762135585731272, 18.66996700013305954, 9.747778117959182254 ) ) ;
#746 = ORIENTED_EDGE ( 'NONE', *, *, #3859, .T. ) ;
#747 = VECTOR ( 'NONE', #4092, 1000.000000000000000 ) ;
#748 = EDGE_CURVE ( 'NONE', #1345, #480, #1111, .T. ) ;
#749 = EDGE_CURVE ( 'NONE', #1755, #4160, #3065, .T. ) ;
#750 = CARTESIAN_POINT ( 'NONE',  ( -30.15093346661661045, 14.82842005969965982, 7.792519828954702632 ) ) ;
#751 = CARTESIAN_POINT ( 'NONE',  ( -3.014623164381069920, -37.47941010829556063, 30.14197360633381706 ) ) ;
#752 = ORIENTED_EDGE ( 'NONE', *, *, #4473, .T. ) ;
#753 = CARTESIAN_POINT ( 'NONE',  ( 33.62826062478475109, 16.81963398387585329, 7.500000000000000888 ) ) ;
#754 = AXIS2_PLACEMENT_3D ( 'NONE', #1220, #4503, #4552 ) ;
#755 = EDGE_CURVE ( 'NONE', #3962, #4657, #3377, .T. ) ;
#756 = CARTESIAN_POINT ( 'NONE',  ( 28.35000000000000142, 4.500000000000000000, 84.52500000000000568 ) ) ;
#757 = CARTESIAN_POINT ( 'NONE',  ( -23.93325264320789714, 16.70120318947243376, 3.175000000000000266 ) ) ;
#758 = CARTESIAN_POINT ( 'NONE',  ( 33.36089490169378990, -4.002832230083269494, 55.26141655292040156 ) ) ;
#759 = CARTESIAN_POINT ( 'NONE',  ( 32.19509465940823389, 19.42303821290584409, 5.366554327327827778 ) ) ;
#760 = DIRECTION ( 'NONE',  ( -0.1294080282565453210, 0.000000000000000000, 0.9915914290789090701 ) ) ;
#761 = PLANE ( 'NONE',  #1421 ) ;
#762 = CARTESIAN_POINT ( 'NONE',  ( 33.29729718760968638, 4.500000000000000000, 57.00000000000000000 ) ) ;
#763 = ORIENTED_EDGE ( 'NONE', *, *, #4723, .F. ) ;
#764 = PLANE ( 'NONE',  #953 ) ;
#765 = EDGE_LOOP ( 'NONE', ( #2620, #4608, #3069, #1158, #2849, #2614 ) ) ;
#766 = DIRECTION ( 'NONE',  ( 0.000000000000000000, 0.000000000000000000, -1.000000000000000000 ) ) ;
#767 = DIRECTION ( 'NONE',  ( 1.000000000000000000, 0.000000000000000000, 0.000000000000000000 ) ) ;
#768 = CARTESIAN_POINT ( 'NONE',  ( -27.10021823635434757, 19.86298496052311080, 1.175000000000002931 ) ) ;
#769 = ORIENTED_EDGE ( 'NONE', *, *, #809, .F. ) ;
#770 = CARTESIAN_POINT ( 'NONE',  ( -30.26650737441249461, -14.59104284671369456, 51.82499999999999574 ) ) ;
#771 = ORIENTED_EDGE ( 'NONE', *, *, #4599, .T. ) ;
#772 = CARTESIAN_POINT ( 'NONE',  ( -29.45506360630892573, 16.16718027627246812, 9.632403864397277360 ) ) ;
#773 = LINE ( 'NONE', #1520, #1149 ) ;
#774 = ORIENTED_EDGE ( 'NONE', *, *, #4177, .T. ) ;
#775 = EDGE_CURVE ( 'NONE', #1167, #1580, #3399, .T. ) ;
#776 = PLANE ( 'NONE',  #4483 ) ;
#777 = B_SPLINE_CURVE_WITH_KNOTS ( 'NONE', 3,
 ( #3269, #4753, #2546, #1933, #2688, #1980, #2301, #1168, #450, #798, #2274, #15, #85, #3774, #3724, #1591, #3073, #2664, #3749, #4550, #40, #3797, #3097, #1957, #3000, #2713, #1881, #4576, #4502, #3386 ),
 .UNSPECIFIED., .F., .F.,
 ( 4, 2, 2, 2, 2, 2, 2, 2, 2, 2, 2, 2, 2, 2, 4 ),
 ( 1.952501517548504060E-19, 0.0004393454774963885686, 0.0008786909549927769203, 0.001318036432489165218, 0.001757381909985553624, 0.002636072864978330436, 0.003514763819971108115, 0.003954109297467498473, 0.004393454774963887963, 0.004832800252460278320, 0.005272145729956667810, 0.005711491207453057301, 0.006150836684949447658, 0.006590182162445837148, 0.007029527639942227506 ),
 .UNSPECIFIED. ) ;
#778 = LINE ( 'NONE', #383, #4296 ) ;
#779 = CARTESIAN_POINT ( 'NONE',  ( 30.75195868897850460, 13.53798496052349698, 13.82499999999999929 ) ) ;
#780 = CARTESIAN_POINT ( 'NONE',  ( 27.00764282664245641, 11.37620318947276843, 1.175000000000000488 ) ) ;
#781 = CARTESIAN_POINT ( 'NONE',  ( 37.32974685153919125, 4.500000000000000000, 57.00000000000000000 ) ) ;
#782 = EDGE_CURVE ( 'NONE', #3700, #4706, #371, .T. ) ;
#783 = ADVANCED_FACE ( 'NONE', ( #1186 ), #4443, .F. ) ;
#784 = CARTESIAN_POINT ( 'NONE',  ( 34.02966547566128241, 11.21370318947280431, 7.500000000000000000 ) ) ;
#785 = VECTOR ( 'NONE', #3573, 999.9999999999998863 ) ;
#786 = DIRECTION ( 'NONE',  ( 0.000000000000000000, 0.000000000000000000, 1.000000000000000000 ) ) ;
#787 = ORIENTED_EDGE ( 'NONE', *, *, #96, .T. ) ;
#788 = VECTOR ( 'NONE', #1076, 1000.000000000000000 ) ;
#789 = DIRECTION ( 'NONE',  ( -0.9002631138313800241, 0.000000000000000000, 0.4353462138053204034 ) ) ;
#790 = VERTEX_POINT ( 'NONE', #3789 ) ;
#791 = DIRECTION ( 'NONE',  ( 1.000000000000000000, 0.000000000000000000, 0.000000000000000000 ) ) ;
#792 = CARTESIAN_POINT ( 'NONE',  ( -23.35590237401827807, 17.70120318947243732, 1.175000000000000488 ) ) ;
#793 = CARTESIAN_POINT ( 'NONE',  ( 33.62826062478475819, 16.81963398387586039, 7.797051249960111896 ) ) ;
#794 = ORIENTED_EDGE ( 'NONE', *, *, #2577, .F. ) ;
#795 = CARTESIAN_POINT ( 'NONE',  ( 29.02552828902442172, 16.92631729510917893, 5.252047623014964195 ) ) ;
#796 = ORIENTED_EDGE ( 'NONE', *, *, #3676, .F. ) ;
#797 = B_SPLINE_CURVE_WITH_KNOTS ( 'NONE', 3,
 ( #2718, #3441, #118, #2306, #1525, #3802, #758, #1621, #3780, #3006, #460, #2259, #3732, #387, #4531, #3416 ),
 .UNSPECIFIED., .F., .F.,
 ( 4, 2, 2, 2, 2, 2, 2, 4 ),
 ( 0.000000000000000000, 0.0003920814876580348460, 0.0007841629753160696921, 0.001176244462974104484, 0.001568325950632138300, 0.001960407438290172333, 0.002352488925948205932, 0.003136651901264273998 ),
 .UNSPECIFIED. ) ;
#798 = CARTESIAN_POINT ( 'NONE',  ( -1.797115098420323021, -37.55760156043565701, 8.881819334037723834 ) ) ;
#799 = ORIENTED_EDGE ( 'NONE', *, *, #4150, .T. ) ;
#800 = ORIENTED_EDGE ( 'NONE', *, *, #1502, .T. ) ;
#801 = AXIS2_PLACEMENT_3D ( 'NONE', #3911, #4584, #1253 ) ;
#802 = VECTOR ( 'NONE', #4828, 1000.000000000000000 ) ;
#803 = CARTESIAN_POINT ( 'NONE',  ( -3.013330736547354505, 37.47951461161151343, 30.14345095237253958 ) ) ;
#804 = DIRECTION ( 'NONE',  ( 0.4330127018922124149, 0.7500000000000042188, -0.4999999999999996669 ) ) ;
#805 = CARTESIAN_POINT ( 'NONE',  ( -32.05445819230551763, -10.07331673272204675, 47.50000000000000000 ) ) ;
#806 = DIRECTION ( 'NONE',  ( -1.000000000000000000, 0.000000000000000000, 0.000000000000000000 ) ) ;
#807 = CARTESIAN_POINT ( 'NONE',  ( 37.38784645799661632, -3.995912245178794731, 55.25091675973541072 ) ) ;
#808 = ADVANCED_FACE ( 'NONE', ( #3353 ), #2965, .T. ) ;
#809 = EDGE_CURVE ( 'NONE', #4625, #3696, #4494, .T. ) ;
#810 = APPLICATION_PROTOCOL_DEFINITION ( 'draft international standard', 'automotive_design', 1998, #3326 ) ;
#811 = CARTESIAN_POINT ( 'NONE',  ( 0.000000000000000000, 0.000000000000000000, 53.82499999999999574 ) ) ;
#812 = ORIENTED_EDGE ( 'NONE', *, *, #2107, .F. ) ;
#813 = FACE_OUTER_BOUND ( 'NONE', #1482, .T. ) ;
#814 = ORIENTED_EDGE ( 'NONE', *, *, #2500, .T. ) ;
#815 = VECTOR ( 'NONE', #285, 1000.000000000000114 ) ;
#816 = DIRECTION ( 'NONE',  ( 5.938002366549935092E-17, 1.028492179432894059E-16, -1.000000000000000000 ) ) ;
#817 = EDGE_CURVE ( 'NONE', #2291, #425, #2585, .T. ) ;
#818 = CARTESIAN_POINT ( 'NONE',  ( -23.35590237401827807, 17.70120318947243732, 1.175000000000000488 ) ) ;
#819 = DIRECTION ( 'NONE',  ( 0.000000000000000000, -1.000000000000000000, 0.000000000000000000 ) ) ;
#820 = DIRECTION ( 'NONE',  ( 0.2499999999999964750, 0.4330127018922225179, -0.8660254037844380415 ) ) ;
#821 = VERTEX_POINT ( 'NONE', #2680 ) ;
#822 = CARTESIAN_POINT ( 'NONE',  ( -30.96581327572829423, -13.06830492368652052, 48.93527643990336173 ) ) ;
#823 = ORIENTED_EDGE ( 'NONE', *, *, #3796, .F. ) ;
#824 = CARTESIAN_POINT ( 'NONE',  ( -30.10630585886337229, 14.91889720564330624, 8.224401638648510371 ) ) ;
#825 = CARTESIAN_POINT ( 'NONE',  ( 27.94927827331934722, -18.64936094425030433, 48.08202445517316903 ) ) ;
#826 = EDGE_LOOP ( 'NONE', ( #3189, #4698, #4284, #2144 ) ) ;
#827 = AXIS2_PLACEMENT_3D ( 'NONE', #248, #3886, #1748 ) ;
#828 = B_SPLINE_CURVE_WITH_KNOTS ( 'NONE', 3,
 ( #4462, #4488, #297, #1869, #2217, #4835, #1130, #4027, #1528, #4412, #3371, #2626, #1797, #3737, #3692, #3666, #320, #1476, #390, #1845, #1896, #4073, #4124, #1156, #3643, #3276, #3323, #3297, #2915, #4390 ),
 .UNSPECIFIED., .F., .F.,
 ( 4, 2, 2, 2, 2, 2, 2, 2, 2, 2, 2, 2, 2, 2, 4 ),
 ( 0.007029527639942225771, 0.007468772575771835849, 0.007908017511601445060, 0.008786507383260666951, 0.009225752319090275294, 0.009664997254919883637, 0.01010424219074949198, 0.01054348712657910206, 0.01098273206240871040, 0.01142197699823831875, 0.01186122193406792882, 0.01230046686989753717, 0.01273971180572714551, 0.01317895674155675559, 0.01405744661321597228 ),
 .UNSPECIFIED. ) ;
#829 =( BOUNDED_CURVE ( )  B_SPLINE_CURVE ( 3, ( #641, #2756, #4230, #2934 ),
 .UNSPECIFIED., .F., .F. ) 
 B_SPLINE_CURVE_WITH_KNOTS ( ( 4, 4 ),
 ( 1.421610220784992995, 1.496411084027251759 ),
 .UNSPECIFIED. ) 
 CURVE ( )  GEOMETRIC_REPRESENTATION_ITEM ( )  RATIONAL_B_SPLINE_CURVE ( ( 1.000000000000000000, 0.9995337902528685925, 0.9995337902528685925, 1.000000000000000000 ) ) 
 REPRESENTATION_ITEM ( '' )  );
#830 = CARTESIAN_POINT ( 'NONE',  ( -30.05589113325856943, -15.02020656392481968, 48.49704736173203656 ) ) ;
#831 = CARTESIAN_POINT ( 'NONE',  ( 28.80420743098457237, -17.30023912852133350, 45.32337369926036530 ) ) ;
#832 = DIRECTION ( 'NONE',  ( 0.8660254037844432595, -0.4999999999999919509, -0.000000000000000000 ) ) ;
#833 = CARTESIAN_POINT ( 'NONE',  ( -0.2957474612807567960, 37.59911285269021164, 9.733196098739496094 ) ) ;
#834 = DIRECTION ( 'NONE',  ( -4.341949707332756615E-17, -7.520477497009312185E-17, -1.000000000000000000 ) ) ;
#835 = ORIENTED_EDGE ( 'NONE', *, *, #2792, .F. ) ;
#836 = DIRECTION ( 'NONE',  ( -0.000000000000000000, -0.000000000000000000, -1.000000000000000000 ) ) ;
#837 = EDGE_CURVE ( 'NONE', #1580, #4744, #469, .T. ) ;
#838 = EDGE_LOOP ( 'NONE', ( #787, #1310 ) ) ;
#839 = EDGE_CURVE ( 'NONE', #1090, #2420, #4831, .T. ) ;
#840 = DIRECTION ( 'NONE',  ( -0.8660254037844363761, -0.5000000000000039968, 0.000000000000000000 ) ) ;
#841 = CARTESIAN_POINT ( 'NONE',  ( -30.06724731885722335, -23.12600000000013623, 47.50000000000000000 ) ) ;
#842 = LINE ( 'NONE', #2706, #251 ) ;
#843 = CARTESIAN_POINT ( 'NONE',  ( -31.68418793909166808, 11.25155947703519921, 9.588027562019416195 ) ) ;
#844 = ORIENTED_EDGE ( 'NONE', *, *, #755, .F. ) ;
#845 = CARTESIAN_POINT ( 'NONE',  ( 28.80275113783682173, 17.30266789802270466, 5.324092786706668079 ) ) ;
#846 = VERTEX_POINT ( 'NONE', #2244 ) ;
#847 = EDGE_CURVE ( 'NONE', #1106, #3219, #54, .T. ) ;
#848 = DIRECTION ( 'NONE',  ( 0.000000000000000000, -1.000000000000000000, 0.000000000000000000 ) ) ;
#849 = CARTESIAN_POINT ( 'NONE',  ( 27.97333936013366440, -18.61331464516886314, 48.22481758961328779 ) ) ;
#850 = CIRCLE ( 'NONE', #3576, 33.60000000000000142 ) ;
#851 = ORIENTED_EDGE ( 'NONE', *, *, #3555, .F. ) ;
#852 = CARTESIAN_POINT ( 'NONE',  ( -28.21451612636404960, -18.24587954895963904, 48.98491644884236251 ) ) ;
#853 = LINE ( 'NONE', #2354, #884 ) ;
#854 = DIRECTION ( 'NONE',  ( 0.000000000000000000, 0.000000000000000000, 1.000000000000000000 ) ) ;
#855 = CARTESIAN_POINT ( 'NONE',  ( 37.17797102789689490, 5.619020668250009010, 55.19974655528061191 ) ) ;
#856 = LINE ( 'NONE', #4000, #4775 ) ;
#857 = PRODUCT_CONTEXT ( 'NONE', #4821, 'mechanical' ) ;
#858 = LINE ( 'NONE', #2652, #2441 ) ;
#859 = ORIENTED_EDGE ( 'NONE', *, *, #1566, .F. ) ;
#860 = AXIS2_PLACEMENT_3D ( 'NONE', #1161, #816, #2656 ) ;
#861 = CARTESIAN_POINT ( 'NONE',  ( -27.29771202647715356, 19.60859769400262209, 4.622384460883249169 ) ) ;
#862 = ORIENTED_EDGE ( 'NONE', *, *, #3465, .F. ) ;
#863 = AXIS2_PLACEMENT_3D ( 'NONE', #2701, #3397, #3423 ) ;
#864 = DIRECTION ( 'NONE',  ( 1.000000000000000000, 0.000000000000000000, 0.000000000000000000 ) ) ;
#865 = CARTESIAN_POINT ( 'NONE',  ( -4.994079828490264106, -29.07740637894529456, 7.500000000000000000 ) ) ;
#866 = DIRECTION ( 'NONE',  ( 0.000000000000000000, -1.000000000000000000, 0.000000000000000000 ) ) ;
#867 = VECTOR ( 'NONE', #4810, 999.9999999999998863 ) ;
#868 = CARTESIAN_POINT ( 'NONE',  ( -3.651740452624389732, -32.07740637894529812, 1.175000000000000488 ) ) ;
#869 = VERTEX_POINT ( 'NONE', #1583 ) ;
#870 = CARTESIAN_POINT ( 'NONE',  ( -27.94928463046460010, -18.64935170510011986, 46.91761657317223211 ) ) ;
#871 = ORIENTED_EDGE ( 'NONE', *, *, #2375, .T. ) ;
#872 = CARTESIAN_POINT ( 'NONE',  ( 10.00000000000000178, -32.07740637894529812, 0.000000000000000000 ) ) ;
#873 = ADVANCED_FACE ( 'NONE', ( #2268, #4468 ), #4175, .F. ) ;
#874 = ADVANCED_FACE ( 'NONE', ( #3741 ), #1972, .F. ) ;
#875 = CARTESIAN_POINT ( 'NONE',  ( 25.21078340652006489, 27.89581330647186519, 54.99999999999999289 ) ) ;
#876 = ORIENTED_EDGE ( 'NONE', *, *, #1894, .F. ) ;
#877 = CARTESIAN_POINT ( 'NONE',  ( 28.95138335110885919, -17.05471901216236219, 49.74779481361245104 ) ) ;
#878 = EDGE_LOOP ( 'NONE', ( #2035, #4565, #3214, #2809 ) ) ;
#879 = CIRCLE ( 'NONE', #643, 0.8750000000000007772 ) ;
#880 = EDGE_CURVE ( 'NONE', #4675, #3529, #1084, .T. ) ;
#881 = PLANE ( 'NONE',  #4686 ) ;
#882 = CARTESIAN_POINT ( 'NONE',  ( 30.26650737441268291, -14.59104284671327889, 51.82499999999999574 ) ) ;
#883 = CARTESIAN_POINT ( 'NONE',  ( 30.26650737441269712, -14.59104284671327179, 43.17499999999999005 ) ) ;
#884 = VECTOR ( 'NONE', #4119, 1000.000000000000000 ) ;
#885 = CARTESIAN_POINT ( 'NONE',  ( 33.41944058089922009, -17.23100789401587463, 48.87124290603650678 ) ) ;
#886 = DIRECTION ( 'NONE',  ( -0.8660254037844363761, -0.5000000000000039968, 0.000000000000000000 ) ) ;
#887 = ORIENTED_EDGE ( 'NONE', *, *, #4601, .T. ) ;
#888 = CARTESIAN_POINT ( 'NONE',  ( -26.27819900743910608, 20.93839193742983795, 7.500000000000000000 ) ) ;
#889 = ORIENTED_EDGE ( 'NONE', *, *, #1691, .F. ) ;
#890 = FACE_OUTER_BOUND ( 'NONE', #348, .T. ) ;
#891 = DIRECTION ( 'NONE',  ( 0.5000000000000039968, -0.8660254037844363761, 0.000000000000000000 ) ) ;
#892 = CARTESIAN_POINT ( 'NONE',  ( 32.99897723120670889, -32.07740637894529812, 56.00590516225859261 ) ) ;
#893 = CARTESIAN_POINT ( 'NONE',  ( -3.651740452624386624, 35.07740637894529812, 13.82499999999999929 ) ) ;
#894 = ORIENTED_EDGE ( 'NONE', *, *, #1302, .F. ) ;
#895 = VECTOR ( 'NONE', #3151, 1000.000000000000114 ) ;
#897 = B_SPLINE_CURVE_WITH_KNOTS ( 'NONE', 3,
 ( #1244, #3361, #750, #4139, #824, #2327, #2250, #1518, #4477, #1145, #2641, #772, #402, #1908, #2006, #975, #211, #1739, #560, #1641, #2083, #138, #233, #3558, #3874, #2475, #4288, #3947, #3122, #4654 ),
 .UNSPECIFIED., .F., .F.,
 ( 4, 2, 2, 2, 2, 2, 2, 2, 2, 2, 2, 2, 2, 2, 4 ),
 ( 0.007029922751532323433, 0.007469192018332815666, 0.007908461285133307900, 0.008786999818734295836, 0.009226269085534784600, 0.009665538352335275099, 0.01010480761913576386, 0.01054407688593625436, 0.01098334615273674486, 0.01142261541953723536, 0.01186188468633772586, 0.01230115395313821462, 0.01274042321993870512, 0.01317969248673919389, 0.01405823102034016794 ),
 .UNSPECIFIED. ) ;
#896 = DIRECTION ( 'NONE',  ( -0.8660254037844363761, -0.5000000000000041078, -0.000000000000000000 ) ) ;
#898 = ORIENTED_EDGE ( 'NONE', *, *, #3111, .T. ) ;
#899 = CARTESIAN_POINT ( 'NONE',  ( 0.000000000000000000, 0.000000000000000000, 55.00000000000000000 ) ) ;
#900 = CARTESIAN_POINT ( 'NONE',  ( 37.60000000000000142, -3.000000000000000000, 52.35000000000000142 ) ) ;
#901 = ORIENTED_EDGE ( 'NONE', *, *, #2225, .T. ) ;
#902 = CARTESIAN_POINT ( 'NONE',  ( 0.000000000000000000, -5.000000000000000000, 55.00000000000000000 ) ) ;
#903 = EDGE_LOOP ( 'NONE', ( #3499, #1570 ) ) ;
#904 = EDGE_CURVE ( 'NONE', #1637, #2195, #1210, .T. ) ;
#905 = B_SPLINE_CURVE_WITH_KNOTS ( 'NONE', 3,
 ( #2799, #2415, #1282, #3060, #4558, #3858, #4193, #2773, #1965, #4247, #910, #515, #4169, #2042, #3443, #4535, #3518, #121, #172, #1624, #2018, #2747, #4272, #1601, #1678, #3832, #3418, #833, #935, #2438 ),
 .UNSPECIFIED., .F., .F.,
 ( 4, 2, 2, 2, 2, 2, 2, 2, 2, 2, 2, 2, 2, 2, 4 ),
 ( 1.787623838145916024E-20, 0.0004393454774963904659, 0.0008786909549927807150, 0.001318036432489171289, 0.001757381909985561430, 0.002636072864978341278, 0.003514763819971120692, 0.003954109297467508881, 0.004393454774963896636, 0.004832800252460285259, 0.005272145729956673015, 0.005711491207453061637, 0.006150836684949449393, 0.006590182162445837148, 0.007029527639942225771 ),
 .UNSPECIFIED. ) ;
#906 = CARTESIAN_POINT ( 'NONE',  ( 27.10021823635408111, 19.86298496052348384, 13.82499999999999751 ) ) ;
#907 = DIRECTION ( 'NONE',  ( 0.000000000000000000, 0.000000000000000000, 1.000000000000000000 ) ) ;
#908 = CARTESIAN_POINT ( 'NONE',  ( -33.41944058089923431, 17.23100789401587107, 6.128757093963497660 ) ) ;
#909 = CARTESIAN_POINT ( 'NONE',  ( -28.91254678047796389, -25.12600000000012912, 47.50000000000000000 ) ) ;
#910 = CARTESIAN_POINT ( 'NONE',  ( -1.964575270660974704, 37.54880887375236398, 6.368963576926899961 ) ) ;
#911 = ADVANCED_FACE ( 'NONE', ( #890, #2805 ), #917, .T. ) ;
#912 = CIRCLE ( 'NONE', #458, 37.60000000000000142 ) ;
#913 = CARTESIAN_POINT ( 'NONE',  ( -31.98453826676799494, -19.76775555585927435, 49.45041854755547206 ) ) ;
#914 = VERTEX_POINT ( 'NONE', #2727 ) ;
#915 = CARTESIAN_POINT ( 'NONE',  ( -25.21078340652007199, 27.89581330647185453, 55.00000000000000000 ) ) ;
#916 = ORIENTED_EDGE ( 'NONE', *, *, #1805, .T. ) ;
#917 = PLANE ( 'NONE',  #1953 ) ;
#918 = VECTOR ( 'NONE', #1188, 1000.000000000000114 ) ;
#919 = AXIS2_PLACEMENT_3D ( 'NONE', #2368, #1238, #2731 ) ;
#920 = CARTESIAN_POINT ( 'NONE',  ( 32.26875560754384509, -19.30046756286885667, 45.32336748364667756 ) ) ;
#921 = DIRECTION ( 'NONE',  ( 1.000000000000000000, 0.000000000000000000, 0.000000000000000000 ) ) ;
#922 = DIRECTION ( 'NONE',  ( 0.4999999999999991673, 0.000000000000000000, -0.8660254037844391517 ) ) ;
#923 = ORIENTED_EDGE ( 'NONE', *, *, #2878, .T. ) ;
#924 = CARTESIAN_POINT ( 'NONE',  ( 31.27227883592911084, 12.28839193743022129, 7.500000000000000000 ) ) ;
#925 = VERTEX_POINT ( 'NONE', #2047 ) ;
#926 = LINE ( 'NONE', #232, #3039 ) ;
#927 = DIRECTION ( 'NONE',  ( 0.2500000000000027756, -0.4330127018922195203, -0.8660254037844378194 ) ) ;
#928 = ORIENTED_EDGE ( 'NONE', *, *, #61, .F. ) ;
#929 = CARTESIAN_POINT ( 'NONE',  ( 2.497039914245130277, 35.07740637894529812, 11.82499999999999929 ) ) ;
#930 = ORIENTED_EDGE ( 'NONE', *, *, #2199, .T. ) ;
#931 = LINE ( 'NONE', #1353, #632 ) ;
#932 = CIRCLE ( 'NONE', #3654, 33.60000000000000142 ) ;
#933 = CARTESIAN_POINT ( 'NONE',  ( -31.85014489358446710, 19.98427780700387757, 5.702885273943192779 ) ) ;
#934 = PLANE ( 'NONE',  #602 ) ;
#935 = CARTESIAN_POINT ( 'NONE',  ( -0.1467260895869793580, 37.60000000000000142, 9.747899999999999565 ) ) ;
#936 = VECTOR ( 'NONE', #2454, 1000.000000000000000 ) ;
#937 = EDGE_CURVE ( 'NONE', #1757, #674, #4671, .T. ) ;
#938 = DIRECTION ( 'NONE',  ( -0.4999999999999991673, 0.000000000000000000, 0.8660254037844390407 ) ) ;
#939 = ADVANCED_FACE ( 'NONE', ( #1261, #178, #1233 ), #2073, .F. ) ;
#940 = VERTEX_POINT ( 'NONE', #573 ) ;
#941 = CARTESIAN_POINT ( 'NONE',  ( -24.49185310390942760, 28.54554507605234193, 49.49118315317689110 ) ) ;
#942 = ORIENTED_EDGE ( 'NONE', *, *, #3174, .F. ) ;
#943 = CARTESIAN_POINT ( 'NONE',  ( 0.000000000000000000, 0.000000000000000000, 55.00000000000000000 ) ) ;
#944 = CARTESIAN_POINT ( 'NONE',  ( -2.497039914245137382, 35.07740637894529812, 3.175000000000000266 ) ) ;
#945 = CARTESIAN_POINT ( 'NONE',  ( 0.5207107661393984843, 37.59728065049743151, 23.52531649372839340 ) ) ;
#946 = EDGE_CURVE ( 'NONE', #4010, #2612, #2753, .T. ) ;
#947 = DIRECTION ( 'NONE',  ( 0.000000000000000000, 1.000000000000000000, 1.028492179432894059E-16 ) ) ;
#948 = ORIENTED_EDGE ( 'NONE', *, *, #1198, .T. ) ;
#949 = CARTESIAN_POINT ( 'NONE',  ( -29.75892025503032201, -15.60069239864774637, 45.71091925718071991 ) ) ;
#950 = ORIENTED_EDGE ( 'NONE', *, *, #1478, .T. ) ;
#951 = FACE_OUTER_BOUND ( 'NONE', #476, .T. ) ;
#952 = CIRCLE ( 'NONE', #4292, 3.999999999999996447 ) ;
#953 = AXIS2_PLACEMENT_3D ( 'NONE', #2290, #1207, #2654 ) ;
#954 = LINE ( 'NONE', #3192, #3605 ) ;
#955 = ORIENTED_EDGE ( 'NONE', *, *, #3917, .T. ) ;
#956 = DIRECTION ( 'NONE',  ( 0.000000000000000000, -1.000000000000000000, 0.000000000000000000 ) ) ;
#957 = ORIENTED_EDGE ( 'NONE', *, *, #3727, .F. ) ;
#958 = CARTESIAN_POINT ( 'NONE',  ( 33.81280719022517900, -16.63849999999969853, 51.82499999999999574 ) ) ;
#959 = CARTESIAN_POINT ( 'NONE',  ( 29.02336870257778756, 16.93003462542925064, 9.747779114535385148 ) ) ;
#960 = CARTESIAN_POINT ( 'NONE',  ( -32.05445819230551763, -10.07331673272204675, 47.50000000000000000 ) ) ;
#961 = CARTESIAN_POINT ( 'NONE',  ( -7.303480905248769695, -29.07740637894529456, 7.500000000000000000 ) ) ;
#962 = DIRECTION ( 'NONE',  ( -0.4330127018922229620, 0.7499999999999984457, 0.4999999999999991118 ) ) ;
#963 = CARTESIAN_POINT ( 'NONE',  ( -33.57662936220515348, -16.92256349017689132, 48.22478506498021034 ) ) ;
#964 = ORIENTED_EDGE ( 'NONE', *, *, #720, .F. ) ;
#965 = ADVANCED_FACE ( 'NONE', ( #3525, #3161, #4566, #1313, #1657 ), #4199, .T. ) ;
#966 = EDGE_CURVE ( 'NONE', #2690, #2909, #246, .T. ) ;
#967 = VECTOR ( 'NONE', #1527, 999.9999999999998863 ) ;
#968 = CARTESIAN_POINT ( 'NONE',  ( -30.05603494488356020, 15.01991869800436774, 6.503594861281498218 ) ) ;
#969 = LINE ( 'NONE', #3939, #3049 ) ;
#970 = ORIENTED_EDGE ( 'NONE', *, *, #62, .F. ) ;
#971 = CARTESIAN_POINT ( 'NONE',  ( 29.12940506591428758, 19.70120318947278548, 11.82499999999999929 ) ) ;
#972 = ORIENTED_EDGE ( 'NONE', *, *, #2479, .T. ) ;
#973 = DIRECTION ( 'NONE',  ( 0.8660254037844390407, 0.000000000000000000, 0.4999999999999995004 ) ) ;
#974 = EDGE_CURVE ( 'NONE', #1219, #266, #3500, .T. ) ;
#975 = CARTESIAN_POINT ( 'NONE',  ( -29.02520337421767138, 16.92688903340800266, 9.748019410697841280 ) ) ;
#976 = ORIENTED_EDGE ( 'NONE', *, *, #4740, .T. ) ;
#977 = CARTESIAN_POINT ( 'NONE',  ( -33.62826062478498557, 16.81963398387538433, 7.500000000000000000 ) ) ;
#978 = VERTEX_POINT ( 'NONE', #4226 ) ;
#979 = CARTESIAN_POINT ( 'NONE',  ( -32.26716207641047163, -19.30313172200467875, 45.32419322241437953 ) ) ;
#980 = CARTESIAN_POINT ( 'NONE',  ( 23.93325264320767332, 16.70120318947276061, 3.175000000000000711 ) ) ;
#981 = CARTESIAN_POINT ( 'NONE',  ( -31.50552370736221874, 20.52230908866741288, 6.502980893833617770 ) ) ;
#982 = CARTESIAN_POINT ( 'NONE',  ( 0.000000000000000000, 0.000000000000000000, 55.00000000000000000 ) ) ;
#983 = DIRECTION ( 'NONE',  ( -0.4330127018922229620, 0.7499999999999984457, 0.4999999999999991118 ) ) ;
#984 = CARTESIAN_POINT ( 'NONE',  ( 0.000000000000000000, 32.07740637894529812, 75.05787354967810643 ) ) ;
#985 = ORIENTED_EDGE ( 'NONE', *, *, #3181, .T. ) ;
#986 =( GEOMETRIC_REPRESENTATION_CONTEXT ( 3 ) GLOBAL_UNCERTAINTY_ASSIGNED_CONTEXT ( ( #1610 ) ) GLOBAL_UNIT_ASSIGNED_CONTEXT ( ( #48, #2019, #1650 ) ) REPRESENTATION_CONTEXT ( 'NONE', 'WORKASPACE' ) );
#987 =( BOUNDED_CURVE ( )  B_SPLINE_CURVE ( 3, ( #3057, #1549, #3031, #882 ),
 .UNSPECIFIED., .F., .F. ) 
 B_SPLINE_CURVE_WITH_KNOTS ( ( 4, 4 ),
 ( 1.421610220784993439, 1.496411084027253091 ),
 .UNSPECIFIED. ) 
 CURVE ( )  GEOMETRIC_REPRESENTATION_ITEM ( )  RATIONAL_B_SPLINE_CURVE ( ( 1.000000000000000000, 0.9995337902528685925, 0.9995337902528685925, 1.000000000000000000 ) ) 
 REPRESENTATION_ITEM ( '' )  );
#988 = FACE_OUTER_BOUND ( 'NONE', #3624, .T. ) ;
#989 = DIRECTION ( 'NONE',  ( -0.8660254037844363761, -0.5000000000000039968, -0.000000000000000000 ) ) ;
#990 = EDGE_CURVE ( 'NONE', #1629, #4706, #1632, .T. ) ;
#991 = EDGE_CURVE ( 'NONE', #3696, #1069, #1738, .T. ) ;
#992 = ORIENTED_EDGE ( 'NONE', *, *, #2529, .T. ) ;
#993 = CARTESIAN_POINT ( 'NONE',  ( 24.75097728705702593, -22.72331673272165631, 47.50000000000000000 ) ) ;
#994 = EDGE_LOOP ( 'NONE', ( #2628, #1216, #2903, #2930 ) ) ;
#995 = CARTESIAN_POINT ( 'NONE',  ( 22.68473268608536131, -18.86370318947242808, 47.50000000000000000 ) ) ;
#996 = VECTOR ( 'NONE', #729, 1000.000000000000114 ) ;
#997 = EDGE_CURVE ( 'NONE', #4014, #628, #1967, .T. ) ;
#998 = FACE_OUTER_BOUND ( 'NONE', #4363, .T. ) ;
#999 = EDGE_CURVE ( 'NONE', #2136, #10, #1998, .T. ) ;
#1000 = VERTEX_POINT ( 'NONE', #3109 ) ;
#1001 = CARTESIAN_POINT ( 'NONE',  ( 31.38036062478502686, -20.71311099420948665, 47.49999999999999289 ) ) ;
#1002 = ORIENTED_EDGE ( 'NONE', *, *, #2936, .F. ) ;
#1003 = DIRECTION ( 'NONE',  ( -0.4999999999999999445, 0.000000000000000000, 0.8660254037844387076 ) ) ;
#1004 = CARTESIAN_POINT ( 'NONE',  ( 29.95005596787312641, 15.23026334306199026, 8.873968715497310811 ) ) ;
#1005 = CARTESIAN_POINT ( 'NONE',  ( 23.59999999999999787, -3.000000000000000000, 59.89999999999999858 ) ) ;
#1006 = DIRECTION ( 'NONE',  ( 0.8660254037844363761, 0.5000000000000041078, 0.000000000000000000 ) ) ;
#1007 = CARTESIAN_POINT ( 'NONE',  ( -31.42014482179683554, -20.65273173604281354, 48.08385173546781743 ) ) ;
#1008 = VERTEX_POINT ( 'NONE', #129 ) ;
#1009 = AXIS2_PLACEMENT_3D ( 'NONE', #1266, #4648, #947 ) ;
#1010 = LINE ( 'NONE', #3234, #2974 ) ;
#1011 = CARTESIAN_POINT ( 'NONE',  ( 21.53003214770612672, -20.86370318947243874, 47.50000000000000000 ) ) ;
#1012 = ORIENTED_EDGE ( 'NONE', *, *, #3641, .F. ) ;
#1013 = DIRECTION ( 'NONE',  ( -0.5000000000000002220, -0.000000000000000000, -0.8660254037844384856 ) ) ;
#1014 = EDGE_LOOP ( 'NONE', ( #4141, #1088, #4726, #585 ) ) ;
#1015 = CARTESIAN_POINT ( 'NONE',  ( -27.67881251457539804, -10.21370318947278655, 47.50000000000000000 ) ) ;
#1016 = DIRECTION ( 'NONE',  ( 0.4330127018922120818, 0.7500000000000033307, 0.5000000000000013323 ) ) ;
#1017 = VERTEX_POINT ( 'NONE', #2026 ) ;
#1018 = CARTESIAN_POINT ( 'NONE',  ( -33.22683644768282818, 17.59978076230926192, 9.287029330687225581 ) ) ;
#1019 = ORIENTED_EDGE ( 'NONE', *, *, #2417, .T. ) ;
#1020 = AXIS2_PLACEMENT_3D ( 'NONE', #1523, #1888, #90 ) ;
#1021 = ADVANCED_FACE ( 'NONE', ( #152 ), #4167, .F. ) ;
#1022 = EDGE_CURVE ( 'NONE', #3640, #1666, #2670, .T. ) ;
#1023 = LINE ( 'NONE', #678, #4020 ) ;
#1024 = DIRECTION ( 'NONE',  ( -1.000000000000000000, 0.000000000000000000, 0.000000000000000000 ) ) ;
#1025 = VECTOR ( 'NONE', #3502, 1000.000000000000000 ) ;
#1026 = CARTESIAN_POINT ( 'NONE',  ( -3.796328306181778967, -37.40799431753987392, 28.78710344208067795 ) ) ;
#1027 = ORIENTED_EDGE ( 'NONE', *, *, #386, .T. ) ;
#1028 = DIRECTION ( 'NONE',  ( 0.8660254037844387076, 0.000000000000000000, -0.4999999999999999445 ) ) ;
#1029 = DIRECTION ( 'NONE',  ( -0.8660254037844363761, -0.5000000000000039968, 0.000000000000000000 ) ) ;
#1030 = CARTESIAN_POINT ( 'NONE',  ( -4.994079828490264106, -32.07740637894529812, 7.500000000000000000 ) ) ;
#1031 = VERTEX_POINT ( 'NONE', #4120 ) ;
#1032 = CARTESIAN_POINT ( 'NONE',  ( -26.43029255745281247, -12.37620318947278975, 43.17499999999999005 ) ) ;
#1033 = CARTESIAN_POINT ( 'NONE',  ( 37.26607035897399811, -5.000000000000000000, 55.00000000000000000 ) ) ;
#1034 = EDGE_LOOP ( 'NONE', ( #4528, #482, #2378, #2631 ) ) ;
#1035 = CARTESIAN_POINT ( 'NONE',  ( 34.59999999999999432, 4.500000000000000000, 59.89999999999999147 ) ) ;
#1036 = ORIENTED_EDGE ( 'NONE', *, *, #4115, .T. ) ;
#1038 = PLANE ( 'NONE',  #3205 ) ;
#1037 = VECTOR ( 'NONE', #4186, 1000.000000000000114 ) ;
#1039 = CARTESIAN_POINT ( 'NONE',  ( -43.35851060384926825, -27.62869910901660830, 47.50000000000000000 ) ) ;
#1040 = ORIENTED_EDGE ( 'NONE', *, *, #1083, .F. ) ;
#1041 = DIRECTION ( 'NONE',  ( -1.000000000000000000, 0.000000000000000000, 0.000000000000000000 ) ) ;
#1042 = ORIENTED_EDGE ( 'NONE', *, *, #420, .F. ) ;
#1043 = CARTESIAN_POINT ( 'NONE',  ( 32.41373857398730252, 19.05597529384456479, 9.733124880169878423 ) ) ;
#1044 = DIRECTION ( 'NONE',  ( 0.000000000000000000, 0.000000000000000000, 1.000000000000000000 ) ) ;
#1045 = CARTESIAN_POINT ( 'NONE',  ( -2.646158986183279715, -37.50722567064742208, 30.51095001280806684 ) ) ;
#1046 = EDGE_CURVE ( 'NONE', #425, #4649, #1938, .T. ) ;
#1047 = VERTEX_POINT ( 'NONE', #4096 ) ;
#1048 = EDGE_CURVE ( 'NONE', #4334, #4313, #797, .T. ) ;
#1049 = COLOUR_RGB ( '',0.7921568627450980005, 0.8196078431372548767, 0.9333333333333333481 ) ;
#1050 = DIRECTION ( 'NONE',  ( -1.000000000000000000, 0.000000000000000000, 0.000000000000000000 ) ) ;
#1051 = LINE ( 'NONE', #2551, #802 ) ;
#1052 = DIRECTION ( 'NONE',  ( 0.000000000000000000, 1.000000000000000000, -7.520477497009312185E-17 ) ) ;
#1053 = ADVANCED_FACE ( 'NONE', ( #1987 ), #1913, .T. ) ;
#1054 = VERTEX_POINT ( 'NONE', #1891 ) ;
#1055 = DIRECTION ( 'NONE',  ( -0.000000000000000000, -0.000000000000000000, -1.000000000000000000 ) ) ;
#1056 = CARTESIAN_POINT ( 'NONE',  ( -25.58623030884996652, -21.81353191501620259, 45.41197243798060157 ) ) ;
#1057 = VERTEX_POINT ( 'NONE', #1152 ) ;
#1058 = ORIENTED_EDGE ( 'NONE', *, *, #519, .F. ) ;
#1059 = LINE ( 'NONE', #995, #3589 ) ;
#1060 = AXIS2_PLACEMENT_3D ( 'NONE', #3710, #3273, #2889 ) ;
#1061 = CARTESIAN_POINT ( 'NONE',  ( -25.58623030885026850, 21.81353191501584377, 9.588027562019405536 ) ) ;
#1062 = DIRECTION ( 'NONE',  ( 0.000000000000000000, 0.000000000000000000, 1.000000000000000000 ) ) ;
#1063 = EDGE_LOOP ( 'NONE', ( #404, #1928 ) ) ;
#1064 = CARTESIAN_POINT ( 'NONE',  ( 30.15721039549289273, 14.81562219962346383, 7.351431367300365949 ) ) ;
#1065 = ORIENTED_EDGE ( 'NONE', *, *, #4808, .T. ) ;
#1066 = CARTESIAN_POINT ( 'NONE',  ( 43.35851060384948141, -27.62869910901591552, 47.50000000000000000 ) ) ;
#1067 = DIRECTION ( 'NONE',  ( 0.000000000000000000, -0.000000000000000000, 1.000000000000000000 ) ) ;
#1068 = CARTESIAN_POINT ( 'NONE',  ( 0.000000000000000000, 0.000000000000000000, 55.00000000000000000 ) ) ;
#1069 = VERTEX_POINT ( 'NONE', #434 ) ;
#1070 = CARTESIAN_POINT ( 'NONE',  ( 4.898587196589412829E-16, -37.60000000000000142, 23.50000000000000355 ) ) ;
#1071 = DIRECTION ( 'NONE',  ( 0.8660254037844388186, 0.000000000000000000, 0.4999999999999997224 ) ) ;
#1072 = CARTESIAN_POINT ( 'NONE',  ( 33.57662936220512506, 16.92256349017689487, 6.775214935019789664 ) ) ;
#1073 = CARTESIAN_POINT ( 'NONE',  ( 37.26607035897399811, -5.000000000000000000, 55.00000000000000000 ) ) ;
#1074 = EDGE_CURVE ( 'NONE', #1587, #2251, #4446, .T. ) ;
#1075 = EDGE_CURVE ( 'NONE', #1666, #1872, #4509, .T. ) ;
#1076 = DIRECTION ( 'NONE',  ( -0.8660254037844432595, 0.4999999999999919509, 0.000000000000000000 ) ) ;
#1077 = CARTESIAN_POINT ( 'NONE',  ( 2.644634797769021883, -37.50733374203306880, 30.51229179394187696 ) ) ;
#1078 = CIRCLE ( 'NONE', #2813, 33.60000000000000142 ) ;
#1079 = VERTEX_POINT ( 'NONE', #2355 ) ;
#1080 = CARTESIAN_POINT ( 'NONE',  ( 27.76946746016733769, 18.91604284671367964, 3.175000000000000711 ) ) ;
#1081 = VERTEX_POINT ( 'NONE', #3080 ) ;
#1082 = LINE ( 'NONE', #3625, #1094 ) ;
#1083 = EDGE_CURVE ( 'NONE', #717, #572, #3754, .T. ) ;
#1084 = CIRCLE ( 'NONE', #68, 37.60000000000000142 ) ;
#1085 = CARTESIAN_POINT ( 'NONE',  ( 33.50073500173194674, -17.07258998720575960, 46.36983540505114831 ) ) ;
#1086 = AXIS2_PLACEMENT_3D ( 'NONE', #557, #973, #4309 ) ;
#1087 = DIRECTION ( 'NONE',  ( -0.8660254037844432595, 0.4999999999999919509, 0.000000000000000000 ) ) ;
#1088 = ORIENTED_EDGE ( 'NONE', *, *, #1302, .T. ) ;
#1089 = CARTESIAN_POINT ( 'NONE',  ( -33.62826062478497846, 16.81963398387538788, 7.646692513284939707 ) ) ;
#1090 = VERTEX_POINT ( 'NONE', #44 ) ;
#1091 = PLANE ( 'NONE',  #2797 ) ;
#1092 = B_SPLINE_CURVE_WITH_KNOTS ( 'NONE', 3,
 ( #1499, #685, #2553, #1865, #1072, #1843, #363, #2981, #3007, #1450, #1153, #2575, #4046, #1127, #2236, #3274, #759, #3318, #4121, #4807, #4097, #4460, #1474, #2260, #3345, #2165, #3711, #4410, #3733, #711 ),
 .UNSPECIFIED., .F., .F.,
 ( 4, 2, 2, 2, 2, 2, 2, 2, 2, 2, 2, 2, 2, 2, 4 ),
 ( 8.673617379884035472E-19, 0.0004393454662973487719, 0.0008786909325946966765, 0.001318036398892044473, 0.001757381865189392486, 0.002636072797784079404, 0.003514763730378766757, 0.003954109196676115420, 0.004393454662973464084, 0.004832800129270812747, 0.005272145595568161411, 0.005711491061865510074, 0.006150836528162858738, 0.006590181994460207401, 0.007029527460757556065 ),
 .UNSPECIFIED. ) ;
#1093 = CARTESIAN_POINT ( 'NONE',  ( 33.81280719022518610, -16.63849999999968787, 43.17499999999999005 ) ) ;
#1094 = VECTOR ( 'NONE', #4768, 1000.000000000000000 ) ;
#1095 = CARTESIAN_POINT ( 'NONE',  ( -4.994079828490264106, 32.07740637894529812, 7.500000000000000000 ) ) ;
#1096 = EDGE_LOOP ( 'NONE', ( #2572, #2924 ) ) ;
#1097 = VECTOR ( 'NONE', #1531, 1000.000000000000000 ) ;
#1098 = DIRECTION ( 'NONE',  ( 0.8660254037844363761, 0.5000000000000041078, 0.000000000000000000 ) ) ;
#1099 = VECTOR ( 'NONE', #2269, 1000.000000000000114 ) ;
#1100 = DIRECTION ( 'NONE',  ( -0.000000000000000000, 1.000000000000000000, -0.000000000000000000 ) ) ;
#1101 = AXIS2_PLACEMENT_3D ( 'NONE', #943, #4644, #3548 ) ;
#1102 = CARTESIAN_POINT ( 'NONE',  ( 10.00000000000000178, 32.07740637894529812, 0.000000000000000000 ) ) ;
#1103 = CARTESIAN_POINT ( 'NONE',  ( 31.44368456075091700, -20.61693225603556101, 48.22478506498021034 ) ) ;
#1104 = DIRECTION ( 'NONE',  ( 0.000000000000000000, 1.000000000000000000, 0.000000000000000000 ) ) ;
#1105 = CARTESIAN_POINT ( 'NONE',  ( 33.06465408133284711, 5.978943356357292238, 55.05177204404727576 ) ) ;
#1106 = VERTEX_POINT ( 'NONE', #4556 ) ;
#1107 = DIRECTION ( 'NONE',  ( 0.4330127018922224069, -0.7499999999999973355, 0.5000000000000015543 ) ) ;
#1108 = EDGE_CURVE ( 'NONE', #286, #561, #3058, .T. ) ;
#1109 = ORIENTED_EDGE ( 'NONE', *, *, #2207, .T. ) ;
#1110 = EDGE_CURVE ( 'NONE', #331, #4275, #1201, .T. ) ;
#1111 = LINE ( 'NONE', #1533, #4681 ) ;
#1112 = DIRECTION ( 'NONE',  ( 0.4330127018922124149, 0.7500000000000042188, 0.4999999999999998890 ) ) ;
#1113 = CARTESIAN_POINT ( 'NONE',  ( 0.000000000000000000, -32.07740637894529812, 7.500000000000000000 ) ) ;
#1114 = ORIENTED_EDGE ( 'NONE', *, *, #2527, .F. ) ;
#1115 = CARTESIAN_POINT ( 'NONE',  ( -33.50073500173193963, 17.07258998720575960, 8.630164594948855239 ) ) ;
#1116 = VECTOR ( 'NONE', #4045, 1000.000000000000000 ) ;
#1117 = ORIENTED_EDGE ( 'NONE', *, *, #2851, .T. ) ;
#1118 = ADVANCED_FACE ( 'NONE', ( #4145 ), #2693, .F. ) ;
#1119 = DIRECTION ( 'NONE',  ( 1.000000000000000000, 0.000000000000000000, 0.000000000000000000 ) ) ;
#1120 = CARTESIAN_POINT ( 'NONE',  ( -3.010978474700271246, -37.47970431551550519, 24.85387397381700936 ) ) ;
#1121 = VERTEX_POINT ( 'NONE', #4459 ) ;
#1122 = DIRECTION ( 'NONE',  ( -0.4330127018922229065, 0.7499999999999980016, 0.4999999999999999445 ) ) ;
#1123 = CARTESIAN_POINT ( 'NONE',  ( -1.039387027037408595, 37.58650669095484886, 23.62855619634251525 ) ) ;
#1124 = FACE_OUTER_BOUND ( 'NONE', #522, .T. ) ;
#1125 = CARTESIAN_POINT ( 'NONE',  ( -32.87496493728219349, 13.21370318947234423, 7.500000000000000000 ) ) ;
#1126 = VECTOR ( 'NONE', #3194, 1000.000000000000000 ) ;
#1127 = CARTESIAN_POINT ( 'NONE',  ( 32.48963331240297947, 18.92631063271638681, 5.252047736676800582 ) ) ;
#1128 = AXIS2_PLACEMENT_3D ( 'NONE', #3463, #832, #3367 ) ;
#1129 = CARTESIAN_POINT ( 'NONE',  ( 2.020875970865765758, -37.54569544912584433, 8.495420326084291318 ) ) ;
#1130 = CARTESIAN_POINT ( 'NONE',  ( 1.381019617101215902, 37.57520279936632335, 9.297700333752429103 ) ) ;
#1131 = CARTESIAN_POINT ( 'NONE',  ( 33.28851314511048542, 4.564599316567059084, 56.47901686818115508 ) ) ;
#1132 = EDGE_LOOP ( 'NONE', ( #3551, #1042, #2946, #5 ) ) ;
#1133 = DIRECTION ( 'NONE',  ( 1.000000000000000000, 0.000000000000000000, 0.000000000000000000 ) ) ;
#1134 = ORIENTED_EDGE ( 'NONE', *, *, #2012, .T. ) ;
#1135 = CARTESIAN_POINT ( 'NONE',  ( 44.48246060384946787, -25.68196060384886437, 47.50000000000000000 ) ) ;
#1136 = PLANE ( 'NONE',  #4360 ) ;
#1137 = EDGE_CURVE ( 'NONE', #1047, #1587, #2160, .T. ) ;
#1138 = CARTESIAN_POINT ( 'NONE',  ( -27.29771202647716422, 19.60859769400262564, 10.37761553911674106 ) ) ;
#1139 = ORIENTED_EDGE ( 'NONE', *, *, #3788, .T. ) ;
#1140 = CARTESIAN_POINT ( 'NONE',  ( 31.24958159237225530, -12.40761888222765386, 43.30150319328691921 ) ) ;
#1141 = VERTEX_POINT ( 'NONE', #2821 ) ;
#1142 = AXIS2_PLACEMENT_3D ( 'NONE', #3544, #1335, #2824 ) ;
#1143 = ADVANCED_FACE ( 'NONE', ( #2436 ), #2461, .F. ) ;
#1144 = EDGE_CURVE ( 'NONE', #3572, #978, #622, .T. ) ;
#1145 = CARTESIAN_POINT ( 'NONE',  ( -29.64588494670439900, 15.81443801095409540, 9.450380556324619263 ) ) ;
#1146 = DIRECTION ( 'NONE',  ( -0.8660254037844363761, -0.5000000000000039968, -0.000000000000000000 ) ) ;
#1147 = ORIENTED_EDGE ( 'NONE', *, *, #4088, .T. ) ;
#1148 = PLANE ( 'NONE',  #4330 ) ;
#1149 = VECTOR ( 'NONE', #1909, 1000.000000000000114 ) ;
#1150 = CARTESIAN_POINT ( 'NONE',  ( -22.98139909578736351, 24.51153392997149894, 37.91730115643939314 ) ) ;
#1151 = CARTESIAN_POINT ( 'NONE',  ( 29.58495307683690356, -15.92824665738686640, 45.48052071900244897 ) ) ;
#1152 = CARTESIAN_POINT ( 'NONE',  ( 26.43029255745298656, -12.37620318947241316, 51.82499999999999574 ) ) ;
#1153 = CARTESIAN_POINT ( 'NONE',  ( 33.11418164224870964, 17.81247293841683543, 5.535424893934413504 ) ) ;
#1154 =( BOUNDED_CURVE ( )  B_SPLINE_CURVE ( 3, ( #2484, #1424, #292, #3635 ),
 .UNSPECIFIED., .F., .F. ) 
 B_SPLINE_CURVE_WITH_KNOTS ( ( 4, 4 ),
 ( 4.821286836316171609, 4.931503606078000423 ),
 .UNSPECIFIED. ) 
 CURVE ( )  GEOMETRIC_REPRESENTATION_ITEM ( )  RATIONAL_B_SPLINE_CURVE ( ( 1.000000000000000000, 0.9989879448062453093, 0.9989879448062453093, 1.000000000000000000 ) ) 
 REPRESENTATION_ITEM ( '' )  );
#1155 = CARTESIAN_POINT ( 'NONE',  ( 37.30129596418456117, -4.737456023556977591, 54.99999999999998579 ) ) ;
#1156 = CARTESIAN_POINT ( 'NONE',  ( 1.486990649795983499, 37.57072821162969234, 5.807834482321000635 ) ) ;
#1157 = CARTESIAN_POINT ( 'NONE',  ( 1.773214674157216120, -37.55894674951105827, 23.90494030088553146 ) ) ;
#1158 = ORIENTED_EDGE ( 'NONE', *, *, #4478, .F. ) ;
#1159 = DIRECTION ( 'NONE',  ( 0.8660254037844432595, -0.4999999999999920064, 0.000000000000000000 ) ) ;
#1160 = ORIENTED_EDGE ( 'NONE', *, *, #4590, .T. ) ;
#1161 = CARTESIAN_POINT ( 'NONE',  ( 0.000000000000000000, 0.000000000000000000, 1.175000000000002487 ) ) ;
#1162 = PLANE ( 'NONE',  #1737 ) ;
#1163 = VECTOR ( 'NONE', #4371, 1000.000000000000227 ) ;
#1164 = CARTESIAN_POINT ( 'NONE',  ( 23.77580668090243066, -32.07740637894529812, 61.33090516225858835 ) ) ;
#1165 = ORIENTED_EDGE ( 'NONE', *, *, #4350, .T. ) ;
#1166 = LINE ( 'NONE', #4136, #4005 ) ;
#1167 = VERTEX_POINT ( 'NONE', #3155 ) ;
#1168 = CARTESIAN_POINT ( 'NONE',  ( -1.370476588342083524, -37.57521439250317741, 9.287856234442218195 ) ) ;
#1169 = FILL_AREA_STYLE ('',( #4113 ) ) ;
#1170 = VERTEX_POINT ( 'NONE', #589 ) ;
#1171 = ADVANCED_FACE ( 'NONE', ( #2744, #3515, #3129 ), #2795, .F. ) ;
#1172 = EDGE_CURVE ( 'NONE', #4237, #1878, #2090, .T. ) ;
#1173 =( BOUNDED_CURVE ( )  B_SPLINE_CURVE ( 3, ( #590, #1379, #243, #1676 ),
 .UNSPECIFIED., .F., .F. ) 
 B_SPLINE_CURVE_WITH_KNOTS ( ( 4, 4 ),
 ( 3.863841560150360177, 3.959197834634077928 ),
 .UNSPECIFIED. ) 
 CURVE ( )  GEOMETRIC_REPRESENTATION_ITEM ( )  RATIONAL_B_SPLINE_CURVE ( ( 1.000000000000000000, 0.9992424086060595068, 0.9992424086060595068, 1.000000000000000000 ) ) 
 REPRESENTATION_ITEM ( '' )  );
#1174 = CARTESIAN_POINT ( 'NONE',  ( -29.24551159449255522, -16.54527395068080509, 49.74779481361243683 ) ) ;
#1175 = FACE_OUTER_BOUND ( 'NONE', #570, .T. ) ;
#1176 = DIRECTION ( 'NONE',  ( 0.000000000000000000, 1.000000000000000000, 0.000000000000000000 ) ) ;
#1177 = CARTESIAN_POINT ( 'NONE',  ( 0.000000000000000000, 0.000000000000000000, 55.00000000000000000 ) ) ;
#1178 = AXIS2_PLACEMENT_3D ( 'NONE', #2423, #866, #132 ) ;
#1179 = CARTESIAN_POINT ( 'NONE',  ( 37.46331483018272479, -3.203529293030531466, 56.11121405591193678 ) ) ;
#1180 = EDGE_CURVE ( 'NONE', #2078, #1465, #3200, .T. ) ;
#1181 = AXIS2_PLACEMENT_3D ( 'NONE', #1778, #1800, #647 ) ;
#1182 = LINE ( 'NONE', #124, #3946 ) ;
#1183 = VERTEX_POINT ( 'NONE', #3542 ) ;
#1184 = DIRECTION ( 'NONE',  ( 0.000000000000000000, 0.000000000000000000, 1.000000000000000000 ) ) ;
#1185 = ORIENTED_EDGE ( 'NONE', *, *, #245, .F. ) ;
#1186 = FACE_OUTER_BOUND ( 'NONE', #3263, .T. ) ;
#1187 = CARTESIAN_POINT ( 'NONE',  ( 29.08000000000000185, -3.000000000000000000, 52.35000000000000142 ) ) ;
#1188 = DIRECTION ( 'NONE',  ( -0.5000000000000002220, 0.000000000000000000, -0.8660254037844384856 ) ) ;
#1189 = PLANE ( 'NONE',  #1559 ) ;
#1190 = EDGE_LOOP ( 'NONE', ( #3312, #1276, #4742, #2175 ) ) ;
#1191 = CARTESIAN_POINT ( 'NONE',  ( 32.05445819230566684, -10.07331673272158312, 47.50000000000002842 ) ) ;
#1192 = ORIENTED_EDGE ( 'NONE', *, *, #3851, .T. ) ;
#1193 = FACE_OUTER_BOUND ( 'NONE', #149, .T. ) ;
#1194 = CARTESIAN_POINT ( 'NONE',  ( 0.000000000000000000, 0.000000000000000000, 55.00000000000000000 ) ) ;
#1195 = ORIENTED_EDGE ( 'NONE', *, *, #4355, .T. ) ;
#1196 = CLOSED_SHELL ( 'NONE', ( #874, #3621, #451, #3674, #1396, #2374, #3918, #687, #604, #3438, #580, #965, #3079, #1803, #3017, #4082, #3403, #939, #3411, #3379, #4241, #514, #2736, #2639, #1303, #4697, #4123, #3642, #2494, #2084, #1955, #3370, #3227, #1053, #4568, #1171, #4803, #2609, #3140, #484, #1599, #4692, #4407, #3055, #1418, #4538, #1143, #115, #446, #2550, #478, #190, #4117, #1021, #3819, #270, #4349, #1749, #1932, #2048, #2905, #668, #3203, #4444, #2762, #3025, #1118, #2724, #4204, #274, #2058, #412, #1773, #4299, #358, #360, #2326, #3149, #3972, #1862, #911, #304, #783, #4773, #2256, #3313, #1655, #154, #4212, #4054, #3405, #3533, #3232, #578, #3018, #2135, #2904, #1339, #4176, #1841, #4500, #125, #2584, #2966, #2224, #3971, #2288, #3026, #1200, #1983, #89, #2763, #1243, #477, #2522, #4748, #1921, #2163, #2859, #1774, #1235, #695, #2077, #550, #2169, #808, #3531, #873, #1390 ) ) ;
#1197 = PLANE ( 'NONE',  #1020 ) ;
#1198 = EDGE_CURVE ( 'NONE', #561, #2247, #4316, .T. ) ;
#1199 = CARTESIAN_POINT ( 'NONE',  ( 23.59999999999999432, -3.000000000000000000, 87.79999999999998295 ) ) ;
#1200 = ADVANCED_FACE ( 'NONE', ( #1675, #1647 ), #3908, .T. ) ;
#1201 = LINE ( 'NONE', #3032, #503 ) ;
#1202 = CARTESIAN_POINT ( 'NONE',  ( 28.35000000000000142, -3.000000000000000000, 85.40000000000000568 ) ) ;
#1203 = FACE_OUTER_BOUND ( 'NONE', #3863, .T. ) ;
#1204 = DIRECTION ( 'NONE',  ( -1.000000000000000000, 0.000000000000000000, 0.000000000000000000 ) ) ;
#1205 = EDGE_CURVE ( 'NONE', #4259, #2198, #3657, .T. ) ;
#1206 = EDGE_LOOP ( 'NONE', ( #3592, #4291, #1919, #303, #3553, #234 ) ) ;
#1207 = DIRECTION ( 'NONE',  ( 0.000000000000000000, 1.000000000000000000, 0.000000000000000000 ) ) ;
#1208 = ORIENTED_EDGE ( 'NONE', *, *, #3266, .F. ) ;
#1209 = AXIS2_PLACEMENT_3D ( 'NONE', #2613, #2972, #1394 ) ;
#1210 = LINE ( 'NONE', #2338, #4041 ) ;
#1211 = DIRECTION ( 'NONE',  ( -0.000000000000000000, -0.000000000000000000, -1.000000000000000000 ) ) ;
#1212 = CARTESIAN_POINT ( 'NONE',  ( 0.000000000000000000, 0.000000000000000000, 55.00000000000000000 ) ) ;
#1213 = CARTESIAN_POINT ( 'NONE',  ( 37.60000000000000142, 4.604671964794047724E-15, 0.000000000000000000 ) ) ;
#1214 = EDGE_LOOP ( 'NONE', ( #3837, #376 ) ) ;
#1215 = CARTESIAN_POINT ( 'NONE',  ( 28.38907648194947697, 17.97317965730625033, 5.712345174731469299 ) ) ;
#1216 = ORIENTED_EDGE ( 'NONE', *, *, #4385, .T. ) ;
#1217 = B_SPLINE_CURVE_WITH_KNOTS ( 'NONE', 3,
 ( #2171, #1897, #1798, #689, #1846, #2603, #3373, #2218, #1077, #367, #714, #2194, #4764, #1, #3693, #3644, #1504, #2986, #3010, #2627, #27, #4050, #3715, #4490, #1870, #2916, #4101, #3278, #1157, #4413, #3298, #3325, #4437, #3348 ),
 .UNSPECIFIED., .F., .F.,
 ( 4, 2, 2, 2, 2, 2, 2, 2, 2, 2, 2, 2, 2, 2, 2, 2, 4 ),
 ( 1.701849950765807433E-18, 0.0007821670666130259211, 0.001564334133226050107, 0.002346501199839074077, 0.003128668266452098480, 0.003910835333065122883, 0.004693002399678146419, 0.005475169466291170822, 0.006257336532904195225, 0.007039503599517219629, 0.007821670666130244032, 0.008603837732743268435, 0.009386004799356291103, 0.01016817186596931551, 0.01095033893258233991, 0.01173250599919536431, 0.01251467306580838872 ),
 .UNSPECIFIED. ) ;
#1218 = LINE ( 'NONE', #2348, #1037 ) ;
#1219 = VERTEX_POINT ( 'NONE', #1787 ) ;
#1220 = CARTESIAN_POINT ( 'NONE',  ( -30.06724731885722335, -23.12600000000013623, 47.50000000000000000 ) ) ;
#1221 = VERTEX_POINT ( 'NONE', #4337 ) ;
#1222 = AXIS2_PLACEMENT_3D ( 'NONE', #2116, #174, #1679 ) ;
#1223 = CARTESIAN_POINT ( 'NONE',  ( -28.32808138784998064, -18.06905768553932035, 49.19474532668434819 ) ) ;
#1224 = CARTESIAN_POINT ( 'NONE',  ( 28.73049295787065915, -17.42232340172245841, 45.36641808435343393 ) ) ;
#1225 = CARTESIAN_POINT ( 'NONE',  ( 2.497039914245130277, 29.07740637894529456, 3.175000000000000711 ) ) ;
#1226 = FACE_BOUND ( 'NONE', #2861, .T. ) ;
#1227 = CIRCLE ( 'NONE', #3952, 33.60000000000000142 ) ;
#1228 = CARTESIAN_POINT ( 'NONE',  ( 33.04910476670153940, -17.93140283602605578, 49.52082285593848354 ) ) ;
#1229 = LINE ( 'NONE', #414, #1808 ) ;
#1230 = ORIENTED_EDGE ( 'NONE', *, *, #4471, .F. ) ;
#1231 = CARTESIAN_POINT ( 'NONE',  ( -31.24958159237225530, 12.40761888222765208, 3.301503193286926319 ) ) ;
#1232 = ORIENTED_EDGE ( 'NONE', *, *, #2049, .T. ) ;
#1233 = FACE_BOUND ( 'NONE', #1241, .T. ) ;
#1234 = EDGE_CURVE ( 'NONE', #2948, #1580, #2949, .T. ) ;
#1235 = ADVANCED_FACE ( 'NONE', ( #2545 ), #1091, .T. ) ;
#1236 = CARTESIAN_POINT ( 'NONE',  ( 31.41342413809961087, -20.66323890090030702, 46.90784501966438569 ) ) ;
#1237 = PLANE ( 'NONE',  #2828 ) ;
#1238 = DIRECTION ( 'NONE',  ( 0.4330127018922128590, 0.7500000000000048850, -0.4999999999999982236 ) ) ;
#1239 = VERTEX_POINT ( 'NONE', #3768 ) ;
#1240 = CARTESIAN_POINT ( 'NONE',  ( 28.03564862769053789, 18.51933045029966607, 6.503594861281499995 ) ) ;
#1241 = EDGE_LOOP ( 'NONE', ( #2155, #3486, #2046, #191, #2760, #642 ) ) ;
#1242 = CARTESIAN_POINT ( 'NONE',  ( 0.000000000000000000, 0.000000000000000000, 41.17499999999999005 ) ) ;
#1243 = ADVANCED_FACE ( 'NONE', ( #423 ), #4402, .F. ) ;
#1244 = CARTESIAN_POINT ( 'NONE',  ( -30.15721039549309879, 14.81562219962304816, 7.500000000000000000 ) ) ;
#1245 = ORIENTED_EDGE ( 'NONE', *, *, #1267, .F. ) ;
#1246 = CARTESIAN_POINT ( 'NONE',  ( 28.51737592189480353, -17.77055137382621197, 49.46456078297379122 ) ) ;
#1247 = VECTOR ( 'NONE', #1661, 1000.000000000000000 ) ;
#1248 = VERTEX_POINT ( 'NONE', #2927 ) ;
#1249 = CARTESIAN_POINT ( 'NONE',  ( -33.27958851711392185, -17.49970794091171911, 45.80573898401733857 ) ) ;
#1250 = DIRECTION ( 'NONE',  ( 0.000000000000000000, 0.5547001962252267049, 0.8320502943378452754 ) ) ;
#1251 = CARTESIAN_POINT ( 'NONE',  ( 27.76946746016734124, 18.91604284671368319, 11.82499999999999574 ) ) ;
#1252 = DIRECTION ( 'NONE',  ( -0.000000000000000000, -0.000000000000000000, -1.000000000000000000 ) ) ;
#1253 = DIRECTION ( 'NONE',  ( 1.000000000000000000, 0.000000000000000000, 0.000000000000000000 ) ) ;
#1254 = SHAPE_DEFINITION_REPRESENTATION ( #1455, #3680 ) ;
#1255 = CARTESIAN_POINT ( 'NONE',  ( -31.27227883592928492, 12.28839193742979141, 7.500000000000000000 ) ) ;
#1256 = ORIENTED_EDGE ( 'NONE', *, *, #782, .T. ) ;
#1257 = AXIS2_PLACEMENT_3D ( 'NONE', #1135, #33, #741 ) ;
#1258 = CARTESIAN_POINT ( 'NONE',  ( -30.73841700679016498, -21.96350000000014546, 41.17499999999999716 ) ) ;
#1259 = ORIENTED_EDGE ( 'NONE', *, *, #637, .F. ) ;
#1260 = VECTOR ( 'NONE', #2993, 1000.000000000000000 ) ;
#1261 = FACE_OUTER_BOUND ( 'NONE', #4524, .T. ) ;
#1262 = FACE_OUTER_BOUND ( 'NONE', #2004, .T. ) ;
#1263 = PLANE ( 'NONE',  #2138 ) ;
#1264 = AXIS2_PLACEMENT_3D ( 'NONE', #4622, #3790, #1999 ) ;
#1265 = EDGE_CURVE ( 'NONE', #3029, #1662, #1023, .T. ) ;
#1266 = CARTESIAN_POINT ( 'NONE',  ( -32.20379524934926252, 14.37620318947234921, 1.174999999999999600 ) ) ;
#1267 = EDGE_CURVE ( 'NONE', #3497, #339, #2132, .T. ) ;
#1268 = ORIENTED_EDGE ( 'NONE', *, *, #3948, .T. ) ;
#1269 = DIRECTION ( 'NONE',  ( 0.000000000000000000, 1.000000000000000000, 0.000000000000000000 ) ) ;
#1270 = ORIENTED_EDGE ( 'NONE', *, *, #2137, .T. ) ;
#1271 = CARTESIAN_POINT ( 'NONE',  ( -21.53003214770583895, -20.86370318947274782, 47.50000000000000000 ) ) ;
#1272 = DIRECTION ( 'NONE',  ( -1.000000000000000000, 0.000000000000000000, 1.187600473310006247E-16 ) ) ;
#1273 = EDGE_CURVE ( 'NONE', #4474, #352, #4641, .T. ) ;
#1274 = ORIENTED_EDGE ( 'NONE', *, *, #3228, .F. ) ;
#1275 = CARTESIAN_POINT ( 'NONE',  ( 30.12525074598498520, -14.88052744986970666, 48.08388163032534379 ) ) ;
#1276 = ORIENTED_EDGE ( 'NONE', *, *, #4478, .T. ) ;
#1277 = CARTESIAN_POINT ( 'NONE',  ( -32.91818860050230455, -18.17062021952480677, 45.36639923547421915 ) ) ;
#1278 = FACE_OUTER_BOUND ( 'NONE', #1206, .T. ) ;
#1279 = CARTESIAN_POINT ( 'NONE',  ( -32.41549565214099005, 19.05470202831691751, 5.252204957238184591 ) ) ;
#1280 = CARTESIAN_POINT ( 'NONE',  ( 37.32974685153918415, 4.500000000000000888, 56.73430087968739599 ) ) ;
#1281 = VECTOR ( 'NONE', #3637, 1000.000000000000227 ) ;
#1282 = CARTESIAN_POINT ( 'NONE',  ( -0.2946298061826067016, 37.59912021652426262, 5.266682151708731219 ) ) ;
#1283 = CARTESIAN_POINT ( 'NONE',  ( -33.62826062478475819, -16.81963398387583908, 47.64855962323233030 ) ) ;
#1284 = ORIENTED_EDGE ( 'NONE', *, *, #4630, .F. ) ;
#1285 = CARTESIAN_POINT ( 'NONE',  ( 0.000000000000000000, 0.000000000000000000, 55.00000000000000000 ) ) ;
#1286 = ORIENTED_EDGE ( 'NONE', *, *, #775, .F. ) ;
#1287 = CARTESIAN_POINT ( 'NONE',  ( -21.53003214770612317, 20.86370318947244940, 7.500000000000000000 ) ) ;
#1288 = LINE ( 'NONE', #2779, #2359 ) ;
#1289 = CARTESIAN_POINT ( 'NONE',  ( 28.35000000000000142, 4.500000000000000000, 57.39999999999999858 ) ) ;
#1290 = CARTESIAN_POINT ( 'NONE',  ( -25.58623030885026850, 21.81353191501584732, 5.411972437980594464 ) ) ;
#1291 = ORIENTED_EDGE ( 'NONE', *, *, #3562, .T. ) ;
#1292 = AXIS2_PLACEMENT_3D ( 'NONE', #2248, #2661, #4525 ) ;
#1293 = CARTESIAN_POINT ( 'NONE',  ( -28.94953333539797669, -17.05594216891879711, 45.26687813019299256 ) ) ;
#1294 = ORIENTED_EDGE ( 'NONE', *, *, #4376, .F. ) ;
#1295 = LINE ( 'NONE', #2812, #936 ) ;
#1296 = EDGE_CURVE ( 'NONE', #1806, #821, #4356, .T. ) ;
#1297 = EDGE_CURVE ( 'NONE', #4744, #576, #1377, .T. ) ;
#1298 = LINE ( 'NONE', #2059, #725 ) ;
#1299 = VERTEX_POINT ( 'NONE', #443 ) ;
#1300 = LINE ( 'NONE', #2431, #3304 ) ;
#1301 = ORIENTED_EDGE ( 'NONE', *, *, #7, .T. ) ;
#1302 = EDGE_CURVE ( 'NONE', #2131, #3596, #3114, .T. ) ;
#1303 = ADVANCED_FACE ( 'NONE', ( #4180, #526 ), #2730, .F. ) ;
#1304 = CARTESIAN_POINT ( 'NONE',  ( 34.39015745941480162, -15.63849999999968077, 41.17499999999999716 ) ) ;
#1305 = CARTESIAN_POINT ( 'NONE',  ( 30.15721039549290694, 14.81562219962347093, 7.797069025249449226 ) ) ;
#1306 = CARTESIAN_POINT ( 'NONE',  ( -31.68320219767554846, 20.24711018401554696, 6.013862021898402688 ) ) ;
#1307 = CARTESIAN_POINT ( 'NONE',  ( -25.58623030884998428, -21.81353191501619193, 49.58802756201942685 ) ) ;
#1308 = CARTESIAN_POINT ( 'NONE',  ( 33.27940889162621119, -17.50005654965434587, 49.19475497351170645 ) ) ;
#1309 = LINE ( 'NONE', #569, #3169 ) ;
#1310 = ORIENTED_EDGE ( 'NONE', *, *, #4534, .T. ) ;
#1311 = CARTESIAN_POINT ( 'NONE',  ( 4.994079828490260553, 32.07740637894529812, 7.500000000000000000 ) ) ;
#1312 = ORIENTED_EDGE ( 'NONE', *, *, #1334, .T. ) ;
#1313 = FACE_BOUND ( 'NONE', #2777, .T. ) ;
#1314 = AXIS2_PLACEMENT_3D ( 'NONE', #1835, #3973, #633 ) ;
#1315 = AXIS2_PLACEMENT_3D ( 'NONE', #145, #4613, #410 ) ;
#1316 = CARTESIAN_POINT ( 'NONE',  ( 27.67881251457553660, -10.21370318947239575, 47.50000000000000000 ) ) ;
#1317 = CARTESIAN_POINT ( 'NONE',  ( 2.440687893727233604, 37.52134076817799979, 24.32003439009537615 ) ) ;
#1318 = PLANE ( 'NONE',  #4585 ) ;
#1319 = B_SPLINE_CURVE_WITH_KNOTS ( 'NONE', 3,
 ( #3008, #2957, #2261, #4072, #1103, #2600, #4487, #735, #3736, #364, #3369, #1868, #568, #4221, #1649, #3493, #3884, #1228, #490, #2358, #1308, #146, #885, #3132, #2333, #1577, #3082, #1989, #2695, #4615 ),
 .UNSPECIFIED., .F., .F.,
 ( 4, 2, 2, 2, 2, 2, 2, 2, 2, 2, 2, 2, 2, 2, 4 ),
 ( 6.938893903907228378E-18, 0.0004393454662973541387, 0.0008786909325947013386, 0.001318036398892048593, 0.001757381865189395738, 0.002636072797784096318, 0.003514763730378797114, 0.003954109196676142308, 0.004393454662973488370, 0.004832800129270833564, 0.005272145595568179625, 0.005711491061865524820, 0.006150836528162870881, 0.006590181994460216075, 0.007029527460757562136 ),
 .UNSPECIFIED. ) ;
#1320 = EDGE_LOOP ( 'NONE', ( #3003, #2104 ) ) ;
#1321 = CARTESIAN_POINT ( 'NONE',  ( -29.24413147127759416, -16.54573703773386484, 45.26647607437173093 ) ) ;
#1322 = ORIENTED_EDGE ( 'NONE', *, *, #4383, .F. ) ;
#1323 = DIRECTION ( 'NONE',  ( 0.4330127018922224624, -0.7499999999999974465, 0.5000000000000012212 ) ) ;
#1324 = DIRECTION ( 'NONE',  ( 0.4999999999999998890, 0.000000000000000000, 0.8660254037844385966 ) ) ;
#1325 = EDGE_LOOP ( 'NONE', ( #1950, #1654, #4035, #4332 ) ) ;
#1326 = CARTESIAN_POINT ( 'NONE',  ( 23.59999999999999787, 4.500000000000000000, 59.89999999999999858 ) ) ;
#1327 = VERTEX_POINT ( 'NONE', #1948 ) ;
#1328 = LINE ( 'NONE', #2793, #3437 ) ;
#1329 = CARTESIAN_POINT ( 'NONE',  ( 31.24958159237224464, -12.40761888222769116, 51.69849680671313763 ) ) ;
#1330 = VECTOR ( 'NONE', #1804, 1000.000000000000000 ) ;
#1331 = CARTESIAN_POINT ( 'NONE',  ( -32.91839184075657698, 18.17025074583917288, 5.366554327327827778 ) ) ;
#1332 = CARTESIAN_POINT ( 'NONE',  ( 4.898587196589412829E-16, -32.07740637894529812, 23.50000000000000355 ) ) ;
#1333 = EDGE_CURVE ( 'NONE', #3580, #4675, #2780, .T. ) ;
#1334 = EDGE_CURVE ( 'NONE', #3505, #3986, #2028, .T. ) ;
#1335 = DIRECTION ( 'NONE',  ( -0.4330127018922123594, -0.7500000000000039968, -0.5000000000000002220 ) ) ;
#1336 = AXIS2_PLACEMENT_3D ( 'NONE', #4105, #1945, #3425 ) ;
#1337 = VECTOR ( 'NONE', #2877, 1000.000000000000000 ) ;
#1338 = CARTESIAN_POINT ( 'NONE',  ( -33.11418164224873095, -17.81247293841683543, 49.46457510606557406 ) ) ;
#1339 = ADVANCED_FACE ( 'NONE', ( #103 ), #1263, .F. ) ;
#1340 = CARTESIAN_POINT ( 'NONE',  ( 0.000000000000000000, 32.07740637894529812, 13.82499999999999751 ) ) ;
#1341 = CARTESIAN_POINT ( 'NONE',  ( -27.97333936013366795, 18.61331464516886669, 6.775182410386715759 ) ) ;
#1342 = CARTESIAN_POINT ( 'NONE',  ( 0.2644283163517340274, 37.60000000000000142, 31.50000000000000711 ) ) ;
#1343 = ORIENTED_EDGE ( 'NONE', *, *, #1411, .T. ) ;
#1344 = CARTESIAN_POINT ( 'NONE',  ( -28.72872062996920661, -17.42524321501363360, 45.36759613560273863 ) ) ;
#1345 = VERTEX_POINT ( 'NONE', #1974 ) ;
#1346 = CARTESIAN_POINT ( 'NONE',  ( 2.497039914245130277, -35.07740637894529812, 3.175000000000000711 ) ) ;
#1347 = VECTOR ( 'NONE', #4344, 1000.000000000000000 ) ;
#1348 = CIRCLE ( 'NONE', #4758, 2.247900000000000453 ) ;
#1349 = LINE ( 'NONE', #3218, #65 ) ;
#1350 = ORIENTED_EDGE ( 'NONE', *, *, #1692, .F. ) ;
#1351 = DIRECTION ( 'NONE',  ( 4.750401893240077249E-16, -8.227937435463111060E-16, -1.000000000000000000 ) ) ;
#1352 = ORIENTED_EDGE ( 'NONE', *, *, #1511, .T. ) ;
#1353 = CARTESIAN_POINT ( 'NONE',  ( 25.21078340652006844, -37.60099999999999199, 54.99999999999999289 ) ) ;
#1354 = DIRECTION ( 'NONE',  ( 1.000000000000000000, 0.000000000000000000, 0.000000000000000000 ) ) ;
#1355 = CARTESIAN_POINT ( 'NONE',  ( -29.12940506591455403, 19.70120318947238758, 3.175000000000000266 ) ) ;
#1356 = DIRECTION ( 'NONE',  ( -0.000000000000000000, -0.000000000000000000, -1.000000000000000000 ) ) ;
#1357 = CARTESIAN_POINT ( 'NONE',  ( -3.651740452624386624, -35.07740637894529812, 13.82499999999999929 ) ) ;
#1358 = EDGE_CURVE ( 'NONE', #98, #1662, #879, .T. ) ;
#1359 = EDGE_CURVE ( 'NONE', #2251, #266, #842, .T. ) ;
#1360 = PLANE ( 'NONE',  #1460 ) ;
#1361 = VECTOR ( 'NONE', #3485, 1000.000000000000000 ) ;
#1362 = CARTESIAN_POINT ( 'NONE',  ( 26.43029255745282668, 12.37620318947276843, 3.175000000000000266 ) ) ;
#1363 = EDGE_CURVE ( 'NONE', #846, #2060, #4451, .T. ) ;
#1364 = CARTESIAN_POINT ( 'NONE',  ( -27.90931039549312587, 18.70909920995714515, 7.351431367300366837 ) ) ;
#1365 = CARTESIAN_POINT ( 'NONE',  ( 3.873085659239441370, 37.40002409581276055, 28.53304148763121262 ) ) ;
#1366 = VERTEX_POINT ( 'NONE', #4544 ) ;
#1367 = CARTESIAN_POINT ( 'NONE',  ( -30.02431005703193279, -15.08335438743521806, 46.37130266153210556 ) ) ;
#1368 = ORIENTED_EDGE ( 'NONE', *, *, #3885, .F. ) ;
#1369 = CYLINDRICAL_SURFACE ( 'NONE', #3658, 33.60000000000000142 ) ;
#1370 =( BOUNDED_CURVE ( )  B_SPLINE_CURVE ( 3, ( #1485, #1513, #1138, #2634 ),
 .UNSPECIFIED., .F., .F. ) 
 B_SPLINE_CURVE_WITH_KNOTS ( ( 4, 4 ),
 ( 1.421610220784992995, 1.496411084027251759 ),
 .UNSPECIFIED. ) 
 CURVE ( )  GEOMETRIC_REPRESENTATION_ITEM ( )  RATIONAL_B_SPLINE_CURVE ( ( 1.000000000000000000, 0.9995337902528685925, 0.9995337902528685925, 1.000000000000000000 ) ) 
 REPRESENTATION_ITEM ( '' )  );
#1371 = AXIS2_PLACEMENT_3D ( 'NONE', #3286, #353, #3334 ) ;
#1372 = DIRECTION ( 'NONE',  ( 0.000000000000000000, 1.000000000000000000, 0.000000000000000000 ) ) ;
#1373 = EDGE_LOOP ( 'NONE', ( #2007, #2219, #2869, #898, #291, #2335 ) ) ;
#1374 = VECTOR ( 'NONE', #1722, 1000.000000000000114 ) ;
#1375 = LINE ( 'NONE', #3876, #895 ) ;
#1376 = ORIENTED_EDGE ( 'NONE', *, *, #244, .F. ) ;
#1377 = LINE ( 'NONE', #3994, #918 ) ;
#1378 = CARTESIAN_POINT ( 'NONE',  ( 29.81248290583733507, 15.49795648243610735, 9.194246521044147968 ) ) ;
#1379 = CARTESIAN_POINT ( 'NONE',  ( 24.50449545751081715, 23.01371700667528231, 49.58805542333993799 ) ) ;
#1380 = LINE ( 'NONE', #2528, #3689 ) ;
#1381 = CARTESIAN_POINT ( 'NONE',  ( -32.48963331240298658, -18.92631063271638325, 49.74795226332320652 ) ) ;
#1382 = EDGE_LOOP ( 'NONE', ( #1594, #769, #859, #796 ) ) ;
#1383 = CIRCLE ( 'NONE', #122, 0.8750000000000007772 ) ;
#1384 = FACE_BOUND ( 'NONE', #2917, .T. ) ;
#1385 = CARTESIAN_POINT ( 'NONE',  ( 1.036941014697005725, 37.58658544409535551, 23.62779106851912658 ) ) ;
#1386 = EDGE_LOOP ( 'NONE', ( #193, #207, #4388, #3092 ) ) ;
#1387 = CARTESIAN_POINT ( 'NONE',  ( 28.35000000000000142, -3.000000000000000000, 84.52500000000000568 ) ) ;
#1388 = EDGE_CURVE ( 'NONE', #2149, #4694, #3600, .T. ) ;
#1389 = ORIENTED_EDGE ( 'NONE', *, *, #1725, .T. ) ;
#1390 = ADVANCED_FACE ( 'NONE', ( #4229 ), #1608, .F. ) ;
#1391 = CARTESIAN_POINT ( 'NONE',  ( -33.60000000000000142, 0.000000000000000000, 0.000000000000000000 ) ) ;
#1392 = DIRECTION ( 'NONE',  ( 0.8660254037844363761, 0.5000000000000039968, 0.000000000000000000 ) ) ;
#1393 = ORIENTED_EDGE ( 'NONE', *, *, #2022, .F. ) ;
#1394 = DIRECTION ( 'NONE',  ( 0.5000000000000031086, -0.8660254037844368202, 0.000000000000000000 ) ) ;
#1395 = VERTEX_POINT ( 'NONE', #498 ) ;
#1396 = ADVANCED_FACE ( 'NONE', ( #2682 ), #3894, .F. ) ;
#1397 = CARTESIAN_POINT ( 'NONE',  ( 32.84907301813397851, 18.29532832320994729, 9.676632516353311786 ) ) ;
#1398 = DIRECTION ( 'NONE',  ( 0.4330127018922120263, 0.7500000000000034417, 0.5000000000000012212 ) ) ;
#1399 = CARTESIAN_POINT ( 'NONE',  ( -0.2610907468657938657, -37.60000000000000142, 23.50000000000000000 ) ) ;
#1400 = ORIENTED_EDGE ( 'NONE', *, *, #4723, .T. ) ;
#1401 = FACE_OUTER_BOUND ( 'NONE', #309, .T. ) ;
#1402 = PLANE ( 'NONE',  #1516 ) ;
#1403 = CARTESIAN_POINT ( 'NONE',  ( 29.08000000000000185, -3.000000000000000000, 52.35000000000000142 ) ) ;
#1404 = CARTESIAN_POINT ( 'NONE',  ( 32.05445819230552473, 10.07331673272203609, 7.500000000000000000 ) ) ;
#1405 = CARTESIAN_POINT ( 'NONE',  ( -30.15721039549309879, 14.81562219962304816, 7.500000000000000000 ) ) ;
#1406 = LINE ( 'NONE', #2098, #1347 ) ;
#1407 = ORIENTED_EDGE ( 'NONE', *, *, #4409, .T. ) ;
#1408 = CARTESIAN_POINT ( 'NONE',  ( -21.53003214770612317, 20.86370318947244940, 7.500000000000000000 ) ) ;
#1409 = ORIENTED_EDGE ( 'NONE', *, *, #2479, .F. ) ;
#1410 = DIRECTION ( 'NONE',  ( -0.000000000000000000, -0.000000000000000000, 1.000000000000000000 ) ) ;
#1411 = EDGE_CURVE ( 'NONE', #821, #1716, #3090, .T. ) ;
#1412 = EDGE_CURVE ( 'NONE', #4004, #331, #3503, .T. ) ;
#1413 = CARTESIAN_POINT ( 'NONE',  ( 0.000000000000000000, 0.000000000000000000, 13.82499999999999751 ) ) ;
#1414 = ORIENTED_EDGE ( 'NONE', *, *, #1832, .F. ) ;
#1415 = CARTESIAN_POINT ( 'NONE',  ( 23.35590237401804359, 17.70120318947276061, 1.174999999999999600 ) ) ;
#1416 = ORIENTED_EDGE ( 'NONE', *, *, #2611, .T. ) ;
#1417 = AXIS2_PLACEMENT_3D ( 'NONE', #2759, #4232, #2400 ) ;
#1418 = ADVANCED_FACE ( 'NONE', ( #3791 ), #1237, .T. ) ;
#1419 = CARTESIAN_POINT ( 'NONE',  ( 33.37576975824710956, 17.31556475920163862, 8.986990197796799862 ) ) ;
#1420 = DIRECTION ( 'NONE',  ( -0.4999999999999997224, 0.000000000000000000, 0.8660254037844388186 ) ) ;
#1421 = AXIS2_PLACEMENT_3D ( 'NONE', #713, #2651, #2262 ) ;
#1422 = CARTESIAN_POINT ( 'NONE',  ( 7.303480905248766142, -35.07740637894529812, 7.499999999999996447 ) ) ;
#1423 = ORIENTED_EDGE ( 'NONE', *, *, #2417, .F. ) ;
#1424 = CARTESIAN_POINT ( 'NONE',  ( 26.37010394867086305, 20.85912207551498199, 11.69849680671310210 ) ) ;
#1425 = DIRECTION ( 'NONE',  ( -1.000000000000000000, 0.000000000000000000, -0.000000000000000000 ) ) ;
#1426 = CARTESIAN_POINT ( 'NONE',  ( 0.000000000000000000, 0.000000000000000000, 51.82499999999999574 ) ) ;
#1427 = DIRECTION ( 'NONE',  ( 0.000000000000000000, 1.000000000000000000, 0.000000000000000000 ) ) ;
#1428 = CARTESIAN_POINT ( 'NONE',  ( -27.10021823635437599, 19.86298496052311791, 13.82499999999999929 ) ) ;
#1429 = CARTESIAN_POINT ( 'NONE',  ( 33.29552891946140392, 4.513139517709103821, 56.73621096879656278 ) ) ;
#1430 = ORIENTED_EDGE ( 'NONE', *, *, #1866, .T. ) ;
#1431 = CYLINDRICAL_SURFACE ( 'NONE', #80, 0.8750000000000007772 ) ;
#1432 = ORIENTED_EDGE ( 'NONE', *, *, #3885, .T. ) ;
#1433 = AXIS2_PLACEMENT_3D ( 'NONE', #72, #462, #95 ) ;
#1435 = CARTESIAN_POINT ( 'NONE',  ( -33.62826062478475109, -16.81963398387584263, 47.50000000000000000 ) ) ;
#1434 = AXIS2_PLACEMENT_3D ( 'NONE', #1199, #1720, #907 ) ;
#1436 = CARTESIAN_POINT ( 'NONE',  ( -26.37010394867114726, 20.85912207551461961, 11.69849680671309144 ) ) ;
#1437 = FACE_OUTER_BOUND ( 'NONE', #1132, .T. ) ;
#1438 = EDGE_LOOP ( 'NONE', ( #794, #3764, #4733, #738 ) ) ;
#1439 = CARTESIAN_POINT ( 'NONE',  ( 30.02494519103868598, 15.08208680024395676, 6.373844918710996232 ) ) ;
#1440 = ORIENTED_EDGE ( 'NONE', *, *, #3465, .T. ) ;
#1441 = CARTESIAN_POINT ( 'NONE',  ( 33.62826062478475109, 16.81963398387585329, 7.500000000000000888 ) ) ;
#1442 = DIRECTION ( 'NONE',  ( 1.000000000000000000, 0.000000000000000000, 0.000000000000000000 ) ) ;
#1443 = LINE ( 'NONE', #1422, #1623 ) ;
#1444 = ORIENTED_EDGE ( 'NONE', *, *, #1359, .F. ) ;
#1445 = AXIS2_PLACEMENT_3D ( 'NONE', #1741, #2816, #2862 ) ;
#1446 = EDGE_CURVE ( 'NONE', #1079, #3640, #79, .T. ) ;
#1447 = DIRECTION ( 'NONE',  ( 0.000000000000000000, 0.000000000000000000, 1.000000000000000000 ) ) ;
#1448 = EDGE_CURVE ( 'NONE', #3072, #4334, #3277, .T. ) ;
#1449 = PLANE ( 'NONE',  #1701 ) ;
#1450 = CARTESIAN_POINT ( 'NONE',  ( 33.23196470394324109, 17.59089568855726782, 5.702885273943193667 ) ) ;
#1451 = CARTESIAN_POINT ( 'NONE',  ( 37.48012806808430497, -3.000000000000000444, 56.86753082832283468 ) ) ;
#1452 = EDGE_CURVE ( 'NONE', #1170, #2264, #217, .T. ) ;
#1453 = CARTESIAN_POINT ( 'NONE',  ( 23.93325264320767332, 16.70120318947276061, 11.82499999999999929 ) ) ;
#1454 = PLANE ( 'NONE',  #4757 ) ;
#1455 = PRODUCT_DEFINITION_SHAPE ( 'NONE', 'NONE',  #3126 ) ;
#1456 = ORIENTED_EDGE ( 'NONE', *, *, #1502, .F. ) ;
#1457 = DIRECTION ( 'NONE',  ( 0.8660254037844432595, -0.4999999999999920064, 0.000000000000000000 ) ) ;
#1458 = VERTEX_POINT ( 'NONE', #1033 ) ;
#1459 = CARTESIAN_POINT ( 'NONE',  ( -31.27227883592928492, 12.28839193742979141, 7.500000000000000000 ) ) ;
#1460 = AXIS2_PLACEMENT_3D ( 'NONE', #984, #2485, #2140 ) ;
#1461 = CARTESIAN_POINT ( 'NONE',  ( 33.62826062478498557, -16.81963398387538433, 47.50000000000000000 ) ) ;
#1462 = CARTESIAN_POINT ( 'NONE',  ( -23.93325264320789714, 16.70120318947243376, 3.175000000000000266 ) ) ;
#1463 = ORIENTED_EDGE ( 'NONE', *, *, #184, .T. ) ;
#1464 = CARTESIAN_POINT ( 'NONE',  ( -31.85672299638883587, 19.97308521176083929, 9.289100535670305803 ) ) ;
#1465 = VERTEX_POINT ( 'NONE', #253 ) ;
#1466 = CARTESIAN_POINT ( 'NONE',  ( 33.04906648003722580, 17.93147469391524140, 9.520875827797549817 ) ) ;
#1467 = CARTESIAN_POINT ( 'NONE',  ( -30.73841700679016498, -21.96350000000014546, 41.17499999999999716 ) ) ;
#1468 = LINE ( 'NONE', #3362, #996 ) ;
#1469 = ORIENTED_EDGE ( 'NONE', *, *, #544, .T. ) ;
#1470 = PLANE ( 'NONE',  #516 ) ;
#1471 = EDGE_CURVE ( 'NONE', #38, #3281, #708, .T. ) ;
#1472 = DIRECTION ( 'NONE',  ( -0.4999999999999994449, 0.000000000000000000, 0.8660254037844389297 ) ) ;
#1473 = EDGE_CURVE ( 'NONE', #1031, #1000, #1406, .T. ) ;
#1474 = CARTESIAN_POINT ( 'NONE',  ( 31.63221085947764166, 20.32658057631521942, 6.128757093963494107 ) ) ;
#1475 = CARTESIAN_POINT ( 'NONE',  ( -22.98139909578735995, -37.60099999999999909, 37.91730115643939314 ) ) ;
#1476 = CARTESIAN_POINT ( 'NONE',  ( 2.176632544200224562, 37.53695622631730799, 6.919682700602407088 ) ) ;
#1477 = CARTESIAN_POINT ( 'NONE',  ( 33.18363415046929532, 5.276510757224192716, 55.39649739027612441 ) ) ;
#1478 = EDGE_CURVE ( 'NONE', #352, #2687, #2146, .T. ) ;
#1479 = VECTOR ( 'NONE', #1975, 999.9999999999998863 ) ;
#1480 = ORIENTED_EDGE ( 'NONE', *, *, #1471, .F. ) ;
#1481 = DIRECTION ( 'NONE',  ( 0.000000000000000000, 0.000000000000000000, 1.000000000000000000 ) ) ;
#1482 = EDGE_LOOP ( 'NONE', ( #3677, #955, #41, #3125 ) ) ;
#1483 = DIRECTION ( 'NONE',  ( 0.000000000000000000, -1.000000000000000000, 0.000000000000000000 ) ) ;
#1484 = DIRECTION ( 'NONE',  ( 0.000000000000000000, 0.000000000000000000, 1.000000000000000000 ) ) ;
#1485 = CARTESIAN_POINT ( 'NONE',  ( -26.27819900743910608, 20.93839193742983795, 7.500000000000000000 ) ) ;
#1486 = ORIENTED_EDGE ( 'NONE', *, *, #123, .T. ) ;
#1487 = CYLINDRICAL_SURFACE ( 'NONE', #1209, 2.247899999999997345 ) ;
#1488 = EDGE_LOOP ( 'NONE', ( #474, #1545, #3793, #4815 ) ) ;
#1489 =( BOUNDED_CURVE ( )  B_SPLINE_CURVE ( 3, ( #3769, #133, #1290, #2053 ),
 .UNSPECIFIED., .F., .F. ) 
 B_SPLINE_CURVE_WITH_KNOTS ( ( 4, 4 ),
 ( 1.679694182726378937, 1.789910952488207529 ),
 .UNSPECIFIED. ) 
 CURVE ( )  GEOMETRIC_REPRESENTATION_ITEM ( )  RATIONAL_B_SPLINE_CURVE ( ( 1.000000000000000000, 0.9989879448062453093, 0.9989879448062453093, 1.000000000000000000 ) ) 
 REPRESENTATION_ITEM ( '' )  );
#1490 = DIRECTION ( 'NONE',  ( -0.4999999999999999445, 0.000000000000000000, -0.8660254037844387076 ) ) ;
#1491 = ORIENTED_EDGE ( 'NONE', *, *, #1543, .F. ) ;
#1492 = VECTOR ( 'NONE', #3765, 1000.000000000000114 ) ;
#1493 = CARTESIAN_POINT ( 'NONE',  ( -3.473136989084773418, -37.43953110692808650, 29.50139545038147659 ) ) ;
#1494 = ORIENTED_EDGE ( 'NONE', *, *, #3734, .T. ) ;
#1495 = VECTOR ( 'NONE', #1638, 1000.000000000000000 ) ;
#1496 = CARTESIAN_POINT ( 'NONE',  ( -24.75097728705700817, 22.72331673272165986, 7.500000000000000000 ) ) ;
#1497 = VECTOR ( 'NONE', #442, 1000.000000000000000 ) ;
#1498 = CARTESIAN_POINT ( 'NONE',  ( 23.35590237401828162, -17.70120318947243376, 53.82499999999999574 ) ) ;
#1499 = CARTESIAN_POINT ( 'NONE',  ( 33.62826062478475109, 16.81963398387585329, 7.500000000000000888 ) ) ;
#1500 = CARTESIAN_POINT ( 'NONE',  ( 0.5823380951569043784, -37.59576952031816433, 5.323818965437070005 ) ) ;
#1501 = EDGE_CURVE ( 'NONE', #1299, #286, #3961, .T. ) ;
#1502 = EDGE_CURVE ( 'NONE', #1121, #1959, #2488, .T. ) ;
#1503 = FACE_OUTER_BOUND ( 'NONE', #878, .T. ) ;
#1504 = CARTESIAN_POINT ( 'NONE',  ( 3.999904652304456576, -37.38663882701435881, 27.76255624379803422 ) ) ;
#1505 = VERTEX_POINT ( 'NONE', #2535 ) ;
#1506 = CARTESIAN_POINT ( 'NONE',  ( -32.20379524934926252, 14.37620318947234921, 1.174999999999999600 ) ) ;
#1507 = VERTEX_POINT ( 'NONE', #228 ) ;
#1508 = AXIS2_PLACEMENT_3D ( 'NONE', #2755, #3067, #3139 ) ;
#1509 = DIRECTION ( 'NONE',  ( 0.4999999999999991673, 0.000000000000000000, -0.8660254037844391517 ) ) ;
#1510 = EDGE_CURVE ( 'NONE', #706, #3363, #4670, .T. ) ;
#1511 = EDGE_CURVE ( 'NONE', #4657, #2566, #969, .T. ) ;
#1512 = DIRECTION ( 'NONE',  ( 1.000000000000000000, 0.000000000000000000, -6.308085367188394185E-16 ) ) ;
#1513 = CARTESIAN_POINT ( 'NONE',  ( -26.80039068617803366, 20.28302848378276835, 8.935276439903356405 ) ) ;
#1514 = ORIENTED_EDGE ( 'NONE', *, *, #2989, .T. ) ;
#1515 = CARTESIAN_POINT ( 'NONE',  ( 28.16373604153480059, 18.32404480161237714, 6.128745253689337424 ) ) ;
#1516 = AXIS2_PLACEMENT_3D ( 'NONE', #2933, #4782, #684 ) ;
#1517 = ORIENTED_EDGE ( 'NONE', *, *, #2618, .F. ) ;
#1518 = CARTESIAN_POINT ( 'NONE',  ( -29.81361658614782328, 15.49577396419554276, 9.192080195476927784 ) ) ;
#1519 = ORIENTED_EDGE ( 'NONE', *, *, #1180, .F. ) ;
#1520 = CARTESIAN_POINT ( 'NONE',  ( -33.81280719022494452, -16.63850000000015683, 51.82499999999999574 ) ) ;
#1521 = ORIENTED_EDGE ( 'NONE', *, *, #1956, .F. ) ;
#1522 = CARTESIAN_POINT ( 'NONE',  ( 26.43029255745282668, 12.37620318947276843, 3.175000000000000266 ) ) ;
#1523 = CARTESIAN_POINT ( 'NONE',  ( 28.55205479672465785, 20.70120318947278193, 1.174999999999999600 ) ) ;
#1524 = CARTESIAN_POINT ( 'NONE',  ( 32.20379524934907778, 14.37620318947279507, 13.82499999999999929 ) ) ;
#1525 = CARTESIAN_POINT ( 'NONE',  ( 33.31623866925826860, -4.359251950245600860, 55.10091637110448914 ) ) ;
#1526 = CARTESIAN_POINT ( 'NONE',  ( -31.62644498015965056, 15.37620318947235454, 3.175000000000000711 ) ) ;
#1527 = DIRECTION ( 'NONE',  ( -0.8660254037844363761, -0.5000000000000039968, 0.000000000000000000 ) ) ;
#1528 = CARTESIAN_POINT ( 'NONE',  ( 1.787029622399894047, 37.55759861713564618, 8.871560596294642664 ) ) ;
#1529 = CARTESIAN_POINT ( 'NONE',  ( 32.96528477049759687, 6.500000000000001776, 55.00000000000000000 ) ) ;
#1530 = VERTEX_POINT ( 'NONE', #597 ) ;
#1531 = DIRECTION ( 'NONE',  ( -0.000000000000000000, 1.000000000000000000, -0.000000000000000000 ) ) ;
#1532 = ORIENTED_EDGE ( 'NONE', *, *, #2281, .T. ) ;
#1533 = CARTESIAN_POINT ( 'NONE',  ( 0.000000000000000000, -32.07740637894529812, 0.000000000000000000 ) ) ;
#1534 = CARTESIAN_POINT ( 'NONE',  ( 4.898586841470353469E-16, -37.60000000000000142, 23.50000000000000355 ) ) ;
#1535 = EDGE_CURVE ( 'NONE', #2149, #4539, #1776, .T. ) ;
#1536 = LINE ( 'NONE', #743, #226 ) ;
#1537 = EDGE_CURVE ( 'NONE', #4761, #4398, #1217, .T. ) ;
#1538 = EDGE_LOOP ( 'NONE', ( #1368, #546, #4213, #51 ) ) ;
#1539 = CARTESIAN_POINT ( 'NONE',  ( 29.76530697266435510, 15.58940678497517673, 5.702897180009386169 ) ) ;
#1540 = ORIENTED_EDGE ( 'NONE', *, *, #2640, .F. ) ;
#1541 = VECTOR ( 'NONE', #2847, 999.9999999999998863 ) ;
#1542 = CYLINDRICAL_SURFACE ( 'NONE', #1906, 2.247900000000000453 ) ;
#1543 = EDGE_CURVE ( 'NONE', #4539, #4289, #1964, .T. ) ;
#1544 = SURFACE_STYLE_USAGE ( .BOTH. , #2642 ) ;
#1545 = ORIENTED_EDGE ( 'NONE', *, *, #1388, .F. ) ;
#1546 = VECTOR ( 'NONE', #819, 1000.000000000000000 ) ;
#1547 = AXIS2_PLACEMENT_3D ( 'NONE', #2796, #2091, #2504 ) ;
#1548 = CARTESIAN_POINT ( 'NONE',  ( -3.180878534858523121, 37.46549259387277431, 25.06075994857581790 ) ) ;
#1549 = CARTESIAN_POINT ( 'NONE',  ( 30.96581327572847897, -13.06830492368609775, 48.93527643990337594 ) ) ;
#1550 = DIRECTION ( 'NONE',  ( -1.000000000000000000, -0.000000000000000000, -8.683899414665652514E-17 ) ) ;
#1551 = DIRECTION ( 'NONE',  ( -0.2500000000000025535, 0.4330127018922191318, 0.8660254037844379305 ) ) ;
#1552 = CARTESIAN_POINT ( 'NONE',  ( 1.951906175232423823, -37.54939020966132546, 8.624570856043661138 ) ) ;
#1553 = DIRECTION ( 'NONE',  ( -0.4330127018922225179, 0.7499999999999974465, -0.5000000000000011102 ) ) ;
#1554 = ORIENTED_EDGE ( 'NONE', *, *, #2143, .F. ) ;
#1555 = DIRECTION ( 'NONE',  ( 0.000000000000000000, 0.000000000000000000, 1.000000000000000000 ) ) ;
#1556 = ORIENTED_EDGE ( 'NONE', *, *, #4774, .T. ) ;
#1557 = CARTESIAN_POINT ( 'NONE',  ( -7.303480905248769695, -35.07740637894529812, 7.500000000000000000 ) ) ;
#1558 = CARTESIAN_POINT ( 'NONE',  ( 31.98587416412912532, -19.76559604214874000, 45.54809402608201196 ) ) ;
#1559 = AXIS2_PLACEMENT_3D ( 'NONE', #2321, #1903, #1561 ) ;
#1560 = CARTESIAN_POINT ( 'NONE',  ( 0.000000000000000000, 0.000000000000000000, 0.000000000000000000 ) ) ;
#1561 = DIRECTION ( 'NONE',  ( 0.000000000000000000, 0.000000000000000000, 1.000000000000000000 ) ) ;
#1562 = ORIENTED_EDGE ( 'NONE', *, *, #2873, .T. ) ;
#1563 = CARTESIAN_POINT ( 'NONE',  ( 29.38992740895946909, 16.28697002197016985, 5.311242826890061330 ) ) ;
#1564 = EDGE_LOOP ( 'NONE', ( #2990, #53, #3195, #2568 ) ) ;
#1565 = VECTOR ( 'NONE', #1410, 1000.000000000000000 ) ;
#1566 = EDGE_CURVE ( 'NONE', #4574, #4625, #683, .T. ) ;
#1567 = LINE ( 'NONE', #3050, #2842 ) ;
#1568 = B_SPLINE_CURVE_WITH_KNOTS ( 'NONE', 3,
 ( #4300, #1283, #3545, #3980, #963, #3229, #2848, #2465, #4713, #1727, #1338, #2506, #2826, #1381, #545, #2868, #3958, #615, #913, #1769, #3251, #3207, #2043, #4341, #4640, #4248, #1007, #3936, #640, #592 ),
 .UNSPECIFIED., .F., .F.,
 ( 4, 2, 2, 2, 2, 2, 2, 2, 2, 2, 2, 2, 2, 2, 4 ),
 ( 0.000000000000000000, 0.0004393454662973551145, 0.0008786909325947102290, 0.001318036398892065506, 0.001757381865189420458, 0.002636072797784117135, 0.003514763730378814462, 0.003954109196676158788, 0.004393454662973503115, 0.004832800129270846574, 0.005272145595568190901, 0.005711491061865536095, 0.006150836528162879555, 0.006590181994460223881, 0.007029527460757568208 ),
 .UNSPECIFIED. ) ;
#1569 = CARTESIAN_POINT ( 'NONE',  ( 27.90931039549313297, -18.70909920995714515, 47.50000000000000000 ) ) ;
#1570 = ORIENTED_EDGE ( 'NONE', *, *, #4801, .F. ) ;
#1571 = EDGE_CURVE ( 'NONE', #2655, #3532, #3121, .T. ) ;
#1572 = CARTESIAN_POINT ( 'NONE',  ( -30.02494519103867532, -15.08208680024394965, 48.62615508128900643 ) ) ;
#1573 = CARTESIAN_POINT ( 'NONE',  ( 27.94276317737825011, -18.65943874259242108, 46.90780586169905320 ) ) ;
#1574 = CARTESIAN_POINT ( 'NONE',  ( -30.75195868897849039, -13.53798496052352540, 41.17499999999999005 ) ) ;
#1575 = CYLINDRICAL_SURFACE ( 'NONE', #287, 37.60000000000000142 ) ;
#1576 = VECTOR ( 'NONE', #1585, 1000.000000000000114 ) ;
#1577 = CARTESIAN_POINT ( 'NONE',  ( 33.57675207797491623, -16.92231993415001057, 48.22399689531129496 ) ) ;
#1578 = AXIS2_PLACEMENT_3D ( 'NONE', #4197, #1604, #3086 ) ;
#1579 = LINE ( 'NONE', #3083, #4797 ) ;
#1580 = VERTEX_POINT ( 'NONE', #4074 ) ;
#1581 = CARTESIAN_POINT ( 'NONE',  ( 0.000000000000000000, 0.000000000000000000, 55.00000000000000000 ) ) ;
#1582 = VERTEX_POINT ( 'NONE', #2557 ) ;
#1583 = CARTESIAN_POINT ( 'NONE',  ( -22.98139909578736706, 29.75928923210605959, 37.91730115643939314 ) ) ;
#1584 = CARTESIAN_POINT ( 'NONE',  ( 32.48932491649706833, -18.92685293504054300, 45.25197961751119635 ) ) ;
#1585 = DIRECTION ( 'NONE',  ( 0.2500000000000021094, -0.4330127018922183546, -0.8660254037844384856 ) ) ;
#1586 = DIRECTION ( 'NONE',  ( -0.1294080282565453210, 0.000000000000000000, -0.9915914290789090701 ) ) ;
#1587 = VERTEX_POINT ( 'NONE', #3668 ) ;
#1588 = CARTESIAN_POINT ( 'NONE',  ( 28.32808138784998064, 18.06905768553932390, 5.805254673315643821 ) ) ;
#1589 = ORIENTED_EDGE ( 'NONE', *, *, #1446, .F. ) ;
#1590 = AXIS2_PLACEMENT_3D ( 'NONE', #2743, #4218, #4530 ) ;
#1591 = CARTESIAN_POINT ( 'NONE',  ( -2.175913583633831028, -37.53699810860523201, 6.916850225073982728 ) ) ;
#1592 = VERTEX_POINT ( 'NONE', #321 ) ;
#1593 = CARTESIAN_POINT ( 'NONE',  ( 28.07394290661263980, -18.46132188255279871, 48.62615508128899933 ) ) ;
#1594 = ORIENTED_EDGE ( 'NONE', *, *, #3077, .F. ) ;
#1595 = CARTESIAN_POINT ( 'NONE',  ( -28.58814684003843709, -17.65492559145245366, 49.52080429485084778 ) ) ;
#1596 = CARTESIAN_POINT ( 'NONE',  ( 28.39005606137099491, -17.97163473072753703, 45.71091925718071991 ) ) ;
#1597 = CARTESIAN_POINT ( 'NONE',  ( -31.24958159237208122, -12.40761888222811571, 43.30150319328690500 ) ) ;
#1598 = LINE ( 'NONE', #3464, #1781 ) ;
#1599 = ADVANCED_FACE ( 'NONE', ( #1821 ), #1454, .T. ) ;
#1600 = EDGE_CURVE ( 'NONE', #1777, #2136, #1229, .T. ) ;
#1601 = CARTESIAN_POINT ( 'NONE',  ( -1.127789842029753187, 37.58327984432438740, 9.450022378005721535 ) ) ;
#1602 = DIRECTION ( 'NONE',  ( 0.000000000000000000, 1.000000000000000000, -7.744301232039316681E-17 ) ) ;
#1603 = ORIENTED_EDGE ( 'NONE', *, *, #2207, .F. ) ;
#1604 = DIRECTION ( 'NONE',  ( -0.4330127018922227955, 0.7499999999999978906, -0.5000000000000001110 ) ) ;
#1605 = VERTEX_POINT ( 'NONE', #4587 ) ;
#1606 = DIRECTION ( 'NONE',  ( -0.2500000000000019984, 0.4330127018922181326, 0.8660254037844385966 ) ) ;
#1607 = CARTESIAN_POINT ( 'NONE',  ( 33.05038122433498415, -17.92904866775595707, 45.48050601689082129 ) ) ;
#1608 = CYLINDRICAL_SURFACE ( 'NONE', #1178, 2.247899999999999565 ) ;
#1609 = LINE ( 'NONE', #3615, #1247 ) ;
#1610 = UNCERTAINTY_MEASURE_WITH_UNIT (LENGTH_MEASURE( 1.000000000000000082E-05 ), #48, 'distance_accuracy_value', 'NONE');
#1611 = ORIENTED_EDGE ( 'NONE', *, *, #1867, .T. ) ;
#1612 = DIRECTION ( 'NONE',  ( -0.9002631138313800241, 0.000000000000000000, 0.4353462138053204034 ) ) ;
#1613 = VERTEX_POINT ( 'NONE', #1628 ) ;
#1614 = DIRECTION ( 'NONE',  ( 0.000000000000000000, 1.000000000000000000, 0.000000000000000000 ) ) ;
#1615 = DIRECTION ( 'NONE',  ( -0.8660254037844363761, -0.5000000000000039968, 0.000000000000000000 ) ) ;
#1616 = ORIENTED_EDGE ( 'NONE', *, *, #1665, .F. ) ;
#1617 = CARTESIAN_POINT ( 'NONE',  ( 28.21518432296463175, -18.24483897961899359, 48.98614703578179785 ) ) ;
#1618 = ORIENTED_EDGE ( 'NONE', *, *, #3349, .F. ) ;
#1619 = CARTESIAN_POINT ( 'NONE',  ( -1.773214674157214787, 37.55894674951105827, 23.90494030088553146 ) ) ;
#1620 = CARTESIAN_POINT ( 'NONE',  ( 28.58819836160548888, -17.65484332283802260, 45.47913659283750576 ) ) ;
#1621 = CARTESIAN_POINT ( 'NONE',  ( 33.38625968878699979, -3.785450897439862850, 55.40567053552590693 ) ) ;
#1622 = CARTESIAN_POINT ( 'NONE',  ( 6.242236435425348368E-15, 32.07740637894529812, 3.174999999999997158 ) ) ;
#1623 = VECTOR ( 'NONE', #2619, 1000.000000000000000 ) ;
#1624 = CARTESIAN_POINT ( 'NONE',  ( -1.787666033525121989, 37.55756766176418893, 8.870677985077463745 ) ) ;
#1625 = EDGE_CURVE ( 'NONE', #2418, #2401, #858, .T. ) ;
#1626 = EDGE_CURVE ( 'NONE', #3281, #38, #952, .T. ) ;
#1627 = DIRECTION ( 'NONE',  ( -4.750401893239967795E-16, -8.227937435463186988E-16, 1.000000000000000000 ) ) ;
#1628 = CARTESIAN_POINT ( 'NONE',  ( -27.67881251457539804, -10.21370318947278655, 47.50000000000000000 ) ) ;
#1629 = VERTEX_POINT ( 'NONE', #2721 ) ;
#1630 = CARTESIAN_POINT ( 'NONE',  ( -31.68418793909167519, 11.25155947703517612, 5.411972437980610451 ) ) ;
#1631 = VERTEX_POINT ( 'NONE', #1992 ) ;
#1632 = LINE ( 'NONE', #101, #3211 ) ;
#1633 = EDGE_CURVE ( 'NONE', #4259, #1366, #4125, .T. ) ;
#1634 = LINE ( 'NONE', #2027, #2280 ) ;
#1635 = DIRECTION ( 'NONE',  ( 0.8660254037844363761, 0.5000000000000039968, 0.000000000000000000 ) ) ;
#1636 = CARTESIAN_POINT ( 'NONE',  ( 28.83351305295477118, -8.213703189472385091, 47.50000000000000000 ) ) ;
#1637 = VERTEX_POINT ( 'NONE', #4222 ) ;
#1638 = DIRECTION ( 'NONE',  ( -0.000000000000000000, -0.000000000000000000, -1.000000000000000000 ) ) ;
#1639 = ORIENTED_EDGE ( 'NONE', *, *, #3727, .T. ) ;
#1640 = CARTESIAN_POINT ( 'NONE',  ( -2.497039914245137382, 29.07740637894529456, 3.175000000000000266 ) ) ;
#1641 = CARTESIAN_POINT ( 'NONE',  ( -28.58819836160548178, 17.65484332283801194, 9.520863407162488912 ) ) ;
#1642 = ORIENTED_EDGE ( 'NONE', *, *, #2791, .F. ) ;
#1643 = LINE ( 'NONE', #1695, #267 ) ;
#1644 = ORIENTED_EDGE ( 'NONE', *, *, #335, .T. ) ;
#1645 = DIRECTION ( 'NONE',  ( 0.000000000000000000, 0.000000000000000000, 1.000000000000000000 ) ) ;
#1646 = DIRECTION ( 'NONE',  ( -0.5000000000000001110, 0.000000000000000000, -0.8660254037844387076 ) ) ;
#1647 = FACE_BOUND ( 'NONE', #495, .T. ) ;
#1648 = CARTESIAN_POINT ( 'NONE',  ( 37.07875416590469086, 6.240394247108999259, 55.01270965254239798 ) ) ;
#1649 = CARTESIAN_POINT ( 'NONE',  ( 32.70919825978104001, -18.54424808735105401, 49.73332736652636754 ) ) ;
#1650 =( NAMED_UNIT ( * ) SI_UNIT ( $, .STERADIAN. ) SOLID_ANGLE_UNIT ( ) );
#1651 = DIRECTION ( 'NONE',  ( 0.4999999999999994449, 0.000000000000000000, -0.8660254037844389297 ) ) ;
#1652 = ORIENTED_EDGE ( 'NONE', *, *, #1108, .F. ) ;
#1653 = DIRECTION ( 'NONE',  ( 0.000000000000000000, 1.000000000000000000, -8.227937435463117963E-16 ) ) ;
#1654 = ORIENTED_EDGE ( 'NONE', *, *, #1894, .T. ) ;
#1655 = ADVANCED_FACE ( 'NONE', ( #3860 ), #3834, .T. ) ;
#1656 = AXIS2_PLACEMENT_3D ( 'NONE', #1581, #836, #1943 ) ;
#1657 = FACE_OUTER_BOUND ( 'NONE', #2430, .T. ) ;
#1658 = CARTESIAN_POINT ( 'NONE',  ( 31.85672299638882876, -19.97308521176083218, 45.71089946432968532 ) ) ;
#1659 = CARTESIAN_POINT ( 'NONE',  ( 0.000000000000000000, 0.000000000000000000, 51.82499999999999574 ) ) ;
#1660 = VECTOR ( 'NONE', #1211, 1000.000000000000000 ) ;
#1661 = DIRECTION ( 'NONE',  ( -0.4999999999999919509, -0.8660254037844432595, 0.000000000000000000 ) ) ;
#1662 = VERTEX_POINT ( 'NONE', #2361 ) ;
#1663 = CARTESIAN_POINT ( 'NONE',  ( -27.90931039549287718, -18.70909920995752529, 47.35330366042386885 ) ) ;
#1664 =( BOUNDED_CURVE ( )  B_SPLINE_CURVE ( 3, ( #1850, #2562, #4791, #1459 ),
 .UNSPECIFIED., .F., .F. ) 
 B_SPLINE_CURVE_WITH_KNOTS ( ( 4, 4 ),
 ( 4.786774223152334251, 4.861575086394593015 ),
 .UNSPECIFIED. ) 
 CURVE ( )  GEOMETRIC_REPRESENTATION_ITEM ( )  RATIONAL_B_SPLINE_CURVE ( ( 1.000000000000000000, 0.9995337902528685925, 0.9995337902528685925, 1.000000000000000000 ) ) 
 REPRESENTATION_ITEM ( '' )  );
#1665 = EDGE_CURVE ( 'NONE', #3359, #4043, #1918, .T. ) ;
#1666 = VERTEX_POINT ( 'NONE', #2389 ) ;
#1667 = EDGE_CURVE ( 'NONE', #4714, #3265, #1579, .T. ) ;
#1668 = FACE_OUTER_BOUND ( 'NONE', #3014, .T. ) ;
#1669 = CARTESIAN_POINT ( 'NONE',  ( 26.43029255745282313, 12.37620318947277021, 11.82499999999999929 ) ) ;
#1670 = VERTEX_POINT ( 'NONE', #4562 ) ;
#1671 = CARTESIAN_POINT ( 'NONE',  ( -7.303480905248769695, 35.07740637894529812, 7.500000000000000000 ) ) ;
#1672 = EDGE_LOOP ( 'NONE', ( #2519, #3604 ) ) ;
#1673 = DIRECTION ( 'NONE',  ( 0.4999999999999998890, 0.000000000000000000, -0.8660254037844385966 ) ) ;
#1674 = CARTESIAN_POINT ( 'NONE',  ( 28.38861368931471318, 17.97391322651797907, 9.287029786327682501 ) ) ;
#1675 = FACE_OUTER_BOUND ( 'NONE', #2179, .T. ) ;
#1676 = CARTESIAN_POINT ( 'NONE',  ( 22.98139909578735640, 24.51153392997150604, 37.91730115643939314 ) ) ;
#1677 = AXIS2_PLACEMENT_3D ( 'NONE', #1093, #2184, #1024 ) ;
#1678 = CARTESIAN_POINT ( 'NONE',  ( -0.9963932612502789388, 37.58704244957690577, 9.520392815462413338 ) ) ;
#1679 = DIRECTION ( 'NONE',  ( 1.000000000000000000, 0.000000000000000000, 0.000000000000000000 ) ) ;
#1680 = ORIENTED_EDGE ( 'NONE', *, *, #3501, .F. ) ;
#1681 = CARTESIAN_POINT ( 'NONE',  ( -22.98139909578736706, 29.75928923210605959, 37.91730115643939314 ) ) ;
#1682 = EDGE_LOOP ( 'NONE', ( #916, #4772 ) ) ;
#1683 = DIRECTION ( 'NONE',  ( 0.000000000000000000, 0.000000000000000000, 1.000000000000000000 ) ) ;
#1684 = DIRECTION ( 'NONE',  ( 0.4999999999999997224, 0.000000000000000000, -0.8660254037844388186 ) ) ;
#1685 = CARTESIAN_POINT ( 'NONE',  ( 3.794437584179694234, 37.40818695756011891, 26.20735806839208237 ) ) ;
#1686 = LINE ( 'NONE', #3252, #3639 ) ;
#1687 = ORIENTED_EDGE ( 'NONE', *, *, #4383, .T. ) ;
#1688 = CARTESIAN_POINT ( 'NONE',  ( -28.06628236649713415, -18.47312586770254228, 46.36980757778648154 ) ) ;
#1689 = VERTEX_POINT ( 'NONE', #3105 ) ;
#1690 = DIRECTION ( 'NONE',  ( 0.000000000000000000, -0.000000000000000000, 1.000000000000000000 ) ) ;
#1691 = EDGE_CURVE ( 'NONE', #3335, #4321, #3496, .T. ) ;
#1692 = EDGE_CURVE ( 'NONE', #3001, #1755, #3611, .T. ) ;
#1693 = CARTESIAN_POINT ( 'NONE',  ( 45.60641060384944723, -23.73522209868181321, 47.50000000000000000 ) ) ;
#1694 = ORIENTED_EDGE ( 'NONE', *, *, #609, .F. ) ;
#1695 = CARTESIAN_POINT ( 'NONE',  ( 22.98139909578735995, 32.07740637894529812, 37.91730115643939314 ) ) ;
#1696 = ORIENTED_EDGE ( 'NONE', *, *, #4144, .T. ) ;
#1697 = CARTESIAN_POINT ( 'NONE',  ( -31.41989001168344586, -20.65311940138417768, 46.91766202433292676 ) ) ;
#1698 = CARTESIAN_POINT ( 'NONE',  ( 27.94928463046460010, 18.64935170510012696, 8.082383426827773221 ) ) ;
#1699 = CARTESIAN_POINT ( 'NONE',  ( -31.54325774672384597, 20.46434857356814874, 6.373869821584848161 ) ) ;
#1700 = LINE ( 'NONE', #3910, #4805 ) ;
#1701 = AXIS2_PLACEMENT_3D ( 'NONE', #2911, #2164, #732 ) ;
#1702 = DIRECTION ( 'NONE',  ( 0.5000000000000039968, -0.8660254037844363761, 9.500803786480077585E-16 ) ) ;
#1703 = CARTESIAN_POINT ( 'NONE',  ( -31.27227883592912505, -12.28839193743023372, 47.50000000000000000 ) ) ;
#1704 = CARTESIAN_POINT ( 'NONE',  ( 31.31576727598009313, -20.96349999999971203, 51.82499999999999574 ) ) ;
#1705 = ORIENTED_EDGE ( 'NONE', *, *, #1048, .T. ) ;
#1706 = DIRECTION ( 'NONE',  ( -0.5000000000000039968, 0.8660254037844363761, -9.500803786480087445E-16 ) ) ;
#1707 = CARTESIAN_POINT ( 'NONE',  ( 28.35000000000000142, -3.000000000000000000, 84.52500000000000568 ) ) ;
#1708 = CARTESIAN_POINT ( 'NONE',  ( 0.000000000000000000, -32.07740637894529812, 27.50000000000000355 ) ) ;
#1709 = ORIENTED_EDGE ( 'NONE', *, *, #2471, .F. ) ;
#1710 = CARTESIAN_POINT ( 'NONE',  ( -30.15721039549289273, -14.81562219962345139, 47.20293097475053656 ) ) ;
#1711 = ORIENTED_EDGE ( 'NONE', *, *, #2318, .T. ) ;
#1712 = DIRECTION ( 'NONE',  ( -0.5000000000000047740, 0.8660254037844359321, 0.000000000000000000 ) ) ;
#1713 = DIRECTION ( 'NONE',  ( 0.4999999999999999445, -0.000000000000000000, 0.8660254037844387076 ) ) ;
#1714 = ORIENTED_EDGE ( 'NONE', *, *, #3233, .F. ) ;
#1715 = DIRECTION ( 'NONE',  ( -0.2500000000000016098, 0.4330127018922174664, -0.8660254037844390407 ) ) ;
#1716 = VERTEX_POINT ( 'NONE', #492 ) ;
#1717 = EDGE_CURVE ( 'NONE', #2901, #3762, #1182, .T. ) ;
#1718 = EDGE_CURVE ( 'NONE', #623, #98, #1968, .T. ) ;
#1719 = CARTESIAN_POINT ( 'NONE',  ( -31.79366413468760655, -20.07320754123548667, 45.80792069026111335 ) ) ;
#1720 = DIRECTION ( 'NONE',  ( -1.000000000000000000, 0.000000000000000000, 0.000000000000000000 ) ) ;
#1721 = VECTOR ( 'NONE', #4203, 1000.000000000000000 ) ;
#1722 = DIRECTION ( 'NONE',  ( 0.8660254037844432595, -0.4999999999999920064, 0.000000000000000000 ) ) ;
#1723 = CARTESIAN_POINT ( 'NONE',  ( -26.37010394867088081, -20.85912207551496778, 51.69849680671311631 ) ) ;
#1724 = LINE ( 'NONE', #3204, #1541 ) ;
#1725 = EDGE_CURVE ( 'NONE', #628, #1345, #3557, .T. ) ;
#1726 = VECTOR ( 'NONE', #4260, 1000.000000000000227 ) ;
#1727 = CARTESIAN_POINT ( 'NONE',  ( -33.23196470394323399, -17.59089568855726071, 49.29711472605680456 ) ) ;
#1728 = ORIENTED_EDGE ( 'NONE', *, *, #2381, .F. ) ;
#1729 = CARTESIAN_POINT ( 'NONE',  ( -29.81230367204857146, 15.49830927958142546, 5.805254673315643821 ) ) ;
#1730 = CARTESIAN_POINT ( 'NONE',  ( 3.593345469055632346, 37.42803863912754281, 25.72333230917995905 ) ) ;
#1731 = AXIS2_PLACEMENT_3D ( 'NONE', #3015, #766, #6 ) ;
#1732 = EDGE_LOOP ( 'NONE', ( #4700, #972, #2229, #2056, #4516, #3964 ) ) ;
#1733 = VECTOR ( 'NONE', #3328, 1000.000000000000114 ) ;
#1734 = DIRECTION ( 'NONE',  ( 0.000000000000000000, 1.000000000000000000, 0.000000000000000000 ) ) ;
#1735 = ORIENTED_EDGE ( 'NONE', *, *, #2344, .T. ) ;
#1736 = CARTESIAN_POINT ( 'NONE',  ( 3.651740452624383071, -29.07740637894529456, 1.174999999999999600 ) ) ;
#1737 = AXIS2_PLACEMENT_3D ( 'NONE', #2564, #3767, #8 ) ;
#1738 = CIRCLE ( 'NONE', #4057, 37.60000000000000142 ) ;
#1739 = CARTESIAN_POINT ( 'NONE',  ( -28.80420743098456882, 17.30023912852133705, 9.676626300739636477 ) ) ;
#1740 = ORIENTED_EDGE ( 'NONE', *, *, #2618, .T. ) ;
#1741 = CARTESIAN_POINT ( 'NONE',  ( 0.000000000000000000, 32.07740637894529812, 7.500000000000000000 ) ) ;
#1742 = ORIENTED_EDGE ( 'NONE', *, *, #4414, .F. ) ;
#1743 = DIRECTION ( 'NONE',  ( -0.4330127018922126925, -0.7500000000000043299, 0.4999999999999991673 ) ) ;
#1744 = CARTESIAN_POINT ( 'NONE',  ( 28.72872062996921372, 17.42524321501364071, 9.632403864397273807 ) ) ;
#1745 = PLANE ( 'NONE',  #49 ) ;
#1746 = DIRECTION ( 'NONE',  ( 1.000000000000000000, 0.000000000000000000, 0.000000000000000000 ) ) ;
#1747 = EDGE_CURVE ( 'NONE', #1755, #4237, #2324, .T. ) ;
#1748 = DIRECTION ( 'NONE',  ( 0.000000000000000000, 0.5547001962252299245, -0.8320502943378431659 ) ) ;
#1749 = ADVANCED_FACE ( 'NONE', ( #2287 ), #3395, .T. ) ;
#1750 = AXIS2_PLACEMENT_3D ( 'NONE', #1961, #804, #1250 ) ;
#1751 = CARTESIAN_POINT ( 'NONE',  ( 0.000000000000000000, -32.07740637894529812, 31.50000000000000000 ) ) ;
#1752 = DIRECTION ( 'NONE',  ( 0.8660254037844363761, 0.5000000000000039968, 0.000000000000000000 ) ) ;
#1753 = DIRECTION ( 'NONE',  ( 0.000000000000000000, 0.000000000000000000, 1.000000000000000000 ) ) ;
#1754 = EDGE_CURVE ( 'NONE', #3777, #4423, #1930, .T. ) ;
#1755 = VERTEX_POINT ( 'NONE', #437 ) ;
#1756 = CARTESIAN_POINT ( 'NONE',  ( 26.80039068617803721, -20.28302848378275058, 46.06472356009663116 ) ) ;
#1757 = VERTEX_POINT ( 'NONE', #1941 ) ;
#1758 = CARTESIAN_POINT ( 'NONE',  ( 0.000000000000000000, -37.60000000000000142, 27.50000000000000355 ) ) ;
#1759 = VECTOR ( 'NONE', #3383, 1000.000000000000227 ) ;
#1760 = CARTESIAN_POINT ( 'NONE',  ( 7.303480905248766142, 35.07740637894529812, 7.499999999999996447 ) ) ;
#1761 = ORIENTED_EDGE ( 'NONE', *, *, #4534, .F. ) ;
#1762 = CARTESIAN_POINT ( 'NONE',  ( -33.59607107483375898, 16.88386323353856255, 8.082337975667082119 ) ) ;
#1763 = EDGE_LOOP ( 'NONE', ( #2987, #393, #427, #531 ) ) ;
#1764 = CARTESIAN_POINT ( 'NONE',  ( 32.05220222413177567, 19.65794541115620575, 9.519493983109173385 ) ) ;
#1765 = FACE_OUTER_BOUND ( 'NONE', #2751, .T. ) ;
#1766 = PLANE ( 'NONE',  #361 ) ;
#1767 = ORIENTED_EDGE ( 'NONE', *, *, #2989, .F. ) ;
#1768 = FACE_OUTER_BOUND ( 'NONE', #1438, .T. ) ;
#1769 = CARTESIAN_POINT ( 'NONE',  ( -31.85574353291621108, -19.97464522387362251, 49.28766569870645498 ) ) ;
#1770 = CARTESIAN_POINT ( 'NONE',  ( 30.06724731885755375, -23.12599999999971701, 47.50000000000000000 ) ) ;
#1771 = LINE ( 'NONE', #1340, #3070 ) ;
#1772 = AXIS2_PLACEMENT_3D ( 'NONE', #4319, #1006, #2505 ) ;
#1773 = ADVANCED_FACE ( 'NONE', ( #3520 ), #4666, .T. ) ;
#1774 = ADVANCED_FACE ( 'NONE', ( #2416 ), #3568, .F. ) ;
#1775 = CARTESIAN_POINT ( 'NONE',  ( -28.07394290661264336, 18.46132188255280582, 6.373844918710994456 ) ) ;
#1776 = LINE ( 'NONE', #552, #4519 ) ;
#1777 = VERTEX_POINT ( 'NONE', #224 ) ;
#1778 = CARTESIAN_POINT ( 'NONE',  ( 29.12940506591428758, 19.70120318947278548, 3.175000000000000711 ) ) ;
#1779 = ORIENTED_EDGE ( 'NONE', *, *, #3887, .F. ) ;
#1780 = DIRECTION ( 'NONE',  ( 0.2500000000000016098, -0.4330127018922174109, 0.8660254037844391517 ) ) ;
#1781 = VECTOR ( 'NONE', #2386, 1000.000000000000000 ) ;
#1782 = EDGE_CURVE ( 'NONE', #717, #3165, #1568, .T. ) ;
#1783 = CARTESIAN_POINT ( 'NONE',  ( -26.43029255745299011, 12.37620318947240428, 11.82499999999999929 ) ) ;
#1784 = ORIENTED_EDGE ( 'NONE', *, *, #2344, .F. ) ;
#1785 = CARTESIAN_POINT ( 'NONE',  ( -32.70982798535175107, 18.54313338977815917, 9.733124880169876647 ) ) ;
#1786 = ORIENTED_EDGE ( 'NONE', *, *, #444, .T. ) ;
#1787 = CARTESIAN_POINT ( 'NONE',  ( -23.35590237401804004, -17.70120318947276417, 41.17499999999999716 ) ) ;
#1788 = DIRECTION ( 'NONE',  ( -0.5000000000000000000, 0.000000000000000000, -0.8660254037844385966 ) ) ;
#1789 = CARTESIAN_POINT ( 'NONE',  ( 34.59999999999999432, -3.000000000000000000, 82.90000000000000568 ) ) ;
#1790 = EDGE_LOOP ( 'NONE', ( #3845, #1256, #814, #3046 ) ) ;
#1791 = LINE ( 'NONE', #2888, #3759 ) ;
#1792 = VECTOR ( 'NONE', #4631, 999.9999999999998863 ) ;
#1793 = DIRECTION ( 'NONE',  ( 0.000000000000000000, -0.5547001962252271490, 0.8320502943378450533 ) ) ;
#1794 = DIRECTION ( 'NONE',  ( 0.000000000000000000, -1.000000000000000000, -8.227937435463179100E-16 ) ) ;
#1795 = ORIENTED_EDGE ( 'NONE', *, *, #3582, .T. ) ;
#1796 = AXIS2_PLACEMENT_3D ( 'NONE', #4428, #1098, #1712 ) ;
#1797 = CARTESIAN_POINT ( 'NONE',  ( 2.175806788571390538, 37.53700426236073895, 8.083421352631040335 ) ) ;
#1798 = CARTESIAN_POINT ( 'NONE',  ( 0.5245237531841415723, -37.59721157204700859, 31.47402535430995840 ) ) ;
#1799 = ORIENTED_EDGE ( 'NONE', *, *, #3283, .T. ) ;
#1800 = DIRECTION ( 'NONE',  ( -4.341949707332860770E-17, 7.520477497009250555E-17, -1.000000000000000000 ) ) ;
#1801 = ORIENTED_EDGE ( 'NONE', *, *, #4592, .T. ) ;
#1802 = CARTESIAN_POINT ( 'NONE',  ( 30.96581327572848252, -13.06830492368607999, 46.06472356009663116 ) ) ;
#1803 = ADVANCED_FACE ( 'NONE', ( #4691, #4273, #200 ), #1360, .F. ) ;
#1804 = DIRECTION ( 'NONE',  ( 0.4999999999999999445, -0.000000000000000000, 0.8660254037844387076 ) ) ;
#1805 = EDGE_CURVE ( 'NONE', #520, #608, #431, .T. ) ;
#1806 = VERTEX_POINT ( 'NONE', #2775 ) ;
#1807 = CARTESIAN_POINT ( 'NONE',  ( 0.000000000000000000, -37.60000000000000142, 31.50000000000000000 ) ) ;
#1808 = VECTOR ( 'NONE', #886, 999.9999999999998863 ) ;
#1809 = ORIENTED_EDGE ( 'NONE', *, *, #2645, .F. ) ;
#1810 = VECTOR ( 'NONE', #1269, 1000.000000000000000 ) ;
#1811 = CARTESIAN_POINT ( 'NONE',  ( 33.41853049364085848, 17.23277656432945548, 8.873954337045162788 ) ) ;
#1812 = LINE ( 'NONE', #3310, #3147 ) ;
#1813 = EDGE_CURVE ( 'NONE', #3700, #3572, #3319, .T. ) ;
#1814 = FACE_OUTER_BOUND ( 'NONE', #3479, .T. ) ;
#1815 = ORIENTED_EDGE ( 'NONE', *, *, #3344, .F. ) ;
#1816 = CARTESIAN_POINT ( 'NONE',  ( 0.000000000000000000, 0.000000000000000000, 55.00000000000000000 ) ) ;
#1817 = CARTESIAN_POINT ( 'NONE',  ( -3.651740452624389732, 35.07740637894529812, 1.175000000000000488 ) ) ;
#1818 = CARTESIAN_POINT ( 'NONE',  ( -7.303480905248769695, -35.07740637894529812, 7.500000000000000000 ) ) ;
#1819 = ORIENTED_EDGE ( 'NONE', *, *, #1626, .F. ) ;
#1820 = CARTESIAN_POINT ( 'NONE',  ( -27.00764282664245641, -11.37620318947277376, 53.82499999999999574 ) ) ;
#1821 = FACE_OUTER_BOUND ( 'NONE', #2044, .T. ) ;
#1822 = EDGE_LOOP ( 'NONE', ( #4770, #2855, #1971, #1352 ) ) ;
#1823 = CARTESIAN_POINT ( 'NONE',  ( 25.58623030885028271, -21.81353191501582245, 49.58802756201944106 ) ) ;
#1824 = ORIENTED_EDGE ( 'NONE', *, *, #2447, .F. ) ;
#1825 = VECTOR ( 'NONE', #1427, 1000.000000000000000 ) ;
#1826 = FACE_OUTER_BOUND ( 'NONE', #4553, .T. ) ;
#1827 = DIRECTION ( 'NONE',  ( -0.8660254037844432595, 0.4999999999999919509, 0.000000000000000000 ) ) ;
#1828 = DIRECTION ( 'NONE',  ( 1.000000000000000000, 0.000000000000000000, 0.000000000000000000 ) ) ;
#1829 = ORIENTED_EDGE ( 'NONE', *, *, #3649, .T. ) ;
#1830 = CARTESIAN_POINT ( 'NONE',  ( -31.68360384146685860, 20.24648210190146358, 8.986990197796799862 ) ) ;
#1831 = ORIENTED_EDGE ( 'NONE', *, *, #421, .T. ) ;
#1832 = EDGE_CURVE ( 'NONE', #4606, #1689, #4107, .T. ) ;
#1833 = EDGE_CURVE ( 'NONE', #4574, #1239, #1309, .T. ) ;
#1834 =( BOUNDED_CURVE ( )  B_SPLINE_CURVE ( 3, ( #4475, #1140, #2636, #1191 ),
 .UNSPECIFIED., .F., .F. ) 
 B_SPLINE_CURVE_WITH_KNOTS ( ( 4, 4 ),
 ( 1.679694182726378715, 1.789910952488207529 ),
 .UNSPECIFIED. ) 
 CURVE ( )  GEOMETRIC_REPRESENTATION_ITEM ( )  RATIONAL_B_SPLINE_CURVE ( ( 1.000000000000000000, 0.9989879448062453093, 0.9989879448062453093, 1.000000000000000000 ) ) 
 REPRESENTATION_ITEM ( '' )  );
#1835 = CARTESIAN_POINT ( 'NONE',  ( 0.000000000000000000, 6.500000000000000000, 57.00000000000000000 ) ) ;
#1836 = CARTESIAN_POINT ( 'NONE',  ( 26.27819900743911319, -20.93839193742982729, 47.50000000000000000 ) ) ;
#1837 = DIRECTION ( 'NONE',  ( -1.000000000000000000, 0.000000000000000000, 0.000000000000000000 ) ) ;
#1838 = ORIENTED_EDGE ( 'NONE', *, *, #3614, .T. ) ;
#1839 = PRESENTATION_LAYER_ASSIGNMENT (  '', '', ( #3773 ) ) ;
#1840 = FACE_OUTER_BOUND ( 'NONE', #2054, .T. ) ;
#1841 = ADVANCED_FACE ( 'NONE', ( #3182 ), #662, .T. ) ;
#1842 = LINE ( 'NONE', #2979, #2141 ) ;
#1843 = CARTESIAN_POINT ( 'NONE',  ( 33.52560286878345153, 17.02342934577471567, 6.502980893833617770 ) ) ;
#1844 = CARTESIAN_POINT ( 'NONE',  ( 37.47909149909706628, -3.013031069242717574, 56.73728855489664369 ) ) ;
#1845 = CARTESIAN_POINT ( 'NONE',  ( 2.020875970865766647, 37.54569544912585144, 6.504579673915707794 ) ) ;
#1846 = CARTESIAN_POINT ( 'NONE',  ( 1.290210120091889401, -37.57863896880812149, 31.29527307142743808 ) ) ;
#1847 = ORIENTED_EDGE ( 'NONE', *, *, #2254, .T. ) ;
#1848 = CARTESIAN_POINT ( 'NONE',  ( 31.27227883592928492, -12.28839193742979319, 47.50000000000000000 ) ) ;
#1849 = ORIENTED_EDGE ( 'NONE', *, *, #4590, .F. ) ;
#1850 = CARTESIAN_POINT ( 'NONE',  ( -30.26650737441269001, 14.59104284671326646, 11.82499999999999574 ) ) ;
#1851 = AXIS2_PLACEMENT_3D ( 'NONE', #2699, #786, #4171 ) ;
#1852 = CARTESIAN_POINT ( 'NONE',  ( 28.91254678047831916, -25.12599999999972411, 47.50000000000000000 ) ) ;
#1853 = DIRECTION ( 'NONE',  ( -0.4999999999999994449, 0.000000000000000000, 0.8660254037844389297 ) ) ;
#1854 = ORIENTED_EDGE ( 'NONE', *, *, #4471, .T. ) ;
#1855 = CARTESIAN_POINT ( 'NONE',  ( -31.63328752927094811, 20.32490808247302283, 8.873954337045164564 ) ) ;
#1856 = VECTOR ( 'NONE', #4662, 1000.000000000000114 ) ;
#1857 = ORIENTED_EDGE ( 'NONE', *, *, #4801, .T. ) ;
#1858 = FACE_OUTER_BOUND ( 'NONE', #4779, .T. ) ;
#1859 = ORIENTED_EDGE ( 'NONE', *, *, #4774, .F. ) ;
#1860 = CARTESIAN_POINT ( 'NONE',  ( 23.59999999999999432, -3.000000000000000000, 87.79999999999998295 ) ) ;
#1861 = ORIENTED_EDGE ( 'NONE', *, *, #1923, .T. ) ;
#1862 = ADVANCED_FACE ( 'NONE', ( #2214 ), #1449, .F. ) ;
#1863 = CARTESIAN_POINT ( 'NONE',  ( 24.75097728705669198, 22.72331673272200447, 7.499999999999996447 ) ) ;
#1864 = CARTESIAN_POINT ( 'NONE',  ( -27.67881251457553660, 10.21370318947239397, 7.500000000000000000 ) ) ;
#1865 = CARTESIAN_POINT ( 'NONE',  ( 33.59607414581306983, 16.88385680922478471, 6.918003086901797438 ) ) ;
#1866 = EDGE_CURVE ( 'NONE', #2722, #1629, #4759, .T. ) ;
#1867 = EDGE_CURVE ( 'NONE', #3244, #4541, #4458, .T. ) ;
#1868 = CARTESIAN_POINT ( 'NONE',  ( 32.26438841153024129, -19.30912888888539669, 49.68876613567089606 ) ) ;
#1869 = CARTESIAN_POINT ( 'NONE',  ( 0.5823380951569048225, 37.59576952031815722, 9.676181034562929995 ) ) ;
#1870 = CARTESIAN_POINT ( 'NONE',  ( 3.015527012608606228, -37.47934964978254868, 24.85872631874720540 ) ) ;
#1871 = VECTOR ( 'NONE', #922, 1000.000000000000114 ) ;
#1872 = VERTEX_POINT ( 'NONE', #4408 ) ;
#1873 = CARTESIAN_POINT ( 'NONE',  ( 23.59999999999999787, -3.000000000000000000, 59.89999999999999858 ) ) ;
#1874 = ORIENTED_EDGE ( 'NONE', *, *, #2704, .T. ) ;
#1875 = CARTESIAN_POINT ( 'NONE',  ( 37.32974685153919125, 6.500000000000000000, 55.00000000000000000 ) ) ;
#1876 = CARTESIAN_POINT ( 'NONE',  ( 34.39015745941478741, -15.63849999999969498, 53.82500000000000284 ) ) ;
#1877 = DIRECTION ( 'NONE',  ( -0.8660254037844363761, -0.5000000000000039968, 0.000000000000000000 ) ) ;
#1878 = VERTEX_POINT ( 'NONE', #757 ) ;
#1879 = CARTESIAN_POINT ( 'NONE',  ( 23.59999999999999787, -3.000000000000000000, 59.89999999999999858 ) ) ;
#1880 = ORIENTED_EDGE ( 'NONE', *, *, #4506, .T. ) ;
#1881 = CARTESIAN_POINT ( 'NONE',  ( -0.5838518225479230050, -37.59574272333900069, 5.324282089611161339 ) ) ;
#1882 = ORIENTED_EDGE ( 'NONE', *, *, #2413, .F. ) ;
#1883 = VECTOR ( 'NONE', #2703, 1000.000000000000000 ) ;
#1884 = CARTESIAN_POINT ( 'NONE',  ( -0.5259186065838932223, -37.59721137890347364, 31.47403437272907567 ) ) ;
#1885 = ORIENTED_EDGE ( 'NONE', *, *, #4716, .F. ) ;
#1886 = CIRCLE ( 'NONE', #2277, 33.60000000000000142 ) ;
#1887 = DIRECTION ( 'NONE',  ( 0.2500000000000017764, -0.4330127018922177440, 0.8660254037844389297 ) ) ;
#1888 = DIRECTION ( 'NONE',  ( 5.938002366550078073E-17, -1.028492179432885801E-16, -1.000000000000000000 ) ) ;
#1889 = VECTOR ( 'NONE', #372, 1000.000000000000114 ) ;
#1890 = CARTESIAN_POINT ( 'NONE',  ( -25.21078340652007199, 22.21207779631460966, 55.00000000000000000 ) ) ;
#1891 = CARTESIAN_POINT ( 'NONE',  ( 23.59999999999999432, 4.500000000000000000, 82.90000000000000568 ) ) ;
#1892 = PLANE ( 'NONE',  #3408 ) ;
#1893 = CARTESIAN_POINT ( 'NONE',  ( 1.486990649795983277, -37.57072821162968523, 9.192165517678997588 ) ) ;
#1894 = EDGE_CURVE ( 'NONE', #914, #286, #4001, .T. ) ;
#1895 = EDGE_CURVE ( 'NONE', #1505, #4160, #2235, .T. ) ;
#1896 = CARTESIAN_POINT ( 'NONE',  ( 1.951906175232422491, 37.54939020966130414, 6.375429143956337086 ) ) ;
#1897 = CARTESIAN_POINT ( 'NONE',  ( 0.2644906538866569901, -37.60000000000000853, 31.50000000000000000 ) ) ;
#1898 = ORIENTED_EDGE ( 'NONE', *, *, #1412, .F. ) ;
#1899 = LINE ( 'NONE', #3446, #1097 ) ;
#1900 = ORIENTED_EDGE ( 'NONE', *, *, #3735, .F. ) ;
#1901 = CARTESIAN_POINT ( 'NONE',  ( 0.000000000000000000, 37.60000000000000142, 7.500000000000000000 ) ) ;
#1902 = CARTESIAN_POINT ( 'NONE',  ( 31.38036062478473909, 20.71311099420992363, 7.500000000000000000 ) ) ;
#1903 = DIRECTION ( 'NONE',  ( 0.8660254037844432595, -0.4999999999999919509, 0.000000000000000000 ) ) ;
#1904 = ORIENTED_EDGE ( 'NONE', *, *, #2931, .T. ) ;
#1905 = CARTESIAN_POINT ( 'NONE',  ( 4.994079828490260553, -29.07740637894529456, 7.500000000000000000 ) ) ;
#1906 = AXIS2_PLACEMENT_3D ( 'NONE', #3027, #479, #3457 ) ;
#1907 = ORIENTED_EDGE ( 'NONE', *, *, #1782, .T. ) ;
#1908 = CARTESIAN_POINT ( 'NONE',  ( -29.24564587146099370, 16.54306021169956509, 9.733121869807009219 ) ) ;
#1909 = DIRECTION ( 'NONE',  ( 0.8660254037844363761, 0.5000000000000039968, 0.000000000000000000 ) ) ;
#1910 = ORIENTED_EDGE ( 'NONE', *, *, #2020, .T. ) ;
#1911 = CARTESIAN_POINT ( 'NONE',  ( -26.43029255745299011, 12.37620318947240428, 3.175000000000000711 ) ) ;
#1912 = CARTESIAN_POINT ( 'NONE',  ( -3.794883870324092356, 37.40813954521939166, 28.79101571603473175 ) ) ;
#1913 = PLANE ( 'NONE',  #4080 ) ;
#1914 = VECTOR ( 'NONE', #4598, 1000.000000000000000 ) ;
#1915 = LINE ( 'NONE', #3392, #4489 ) ;
#1916 = CARTESIAN_POINT ( 'NONE',  ( 2.247778110916206717, -37.53275227822778248, 7.349854951735444786 ) ) ;
#1917 = DIRECTION ( 'NONE',  ( 0.000000000000000000, 0.000000000000000000, 1.000000000000000000 ) ) ;
#1918 = LINE ( 'NONE', #73, #4401 ) ;
#1919 = ORIENTED_EDGE ( 'NONE', *, *, #3588, .T. ) ;
#1920 = PLANE ( 'NONE',  #863 ) ;
#1921 = ADVANCED_FACE ( 'NONE', ( #1124 ), #2598, .F. ) ;
#1922 = ORIENTED_EDGE ( 'NONE', *, *, #2998, .T. ) ;
#1923 = EDGE_CURVE ( 'NONE', #4307, #4464, #4614, .T. ) ;
#1924 = DIRECTION ( 'NONE',  ( -0.8660254037844432595, 0.4999999999999919509, 0.000000000000000000 ) ) ;
#1925 = FACE_OUTER_BOUND ( 'NONE', #379, .T. ) ;
#1926 = DIRECTION ( 'NONE',  ( 0.4999999999999927836, 0.8660254037844428154, 0.000000000000000000 ) ) ;
#1927 = DIRECTION ( 'NONE',  ( 0.000000000000000000, 0.5547001962252265939, 0.8320502943378453864 ) ) ;
#1928 = ORIENTED_EDGE ( 'NONE', *, *, #3556, .F. ) ;
#1929 = CARTESIAN_POINT ( 'NONE',  ( 29.64843688993742532, 15.81149631071833106, 5.535439217026221215 ) ) ;
#1930 = CIRCLE ( 'NONE', #2935, 33.60000000000000142 ) ;
#1931 = ORIENTED_EDGE ( 'NONE', *, *, #2281, .F. ) ;
#1932 = ADVANCED_FACE ( 'NONE', ( #3343 ), #293, .T. ) ;
#1933 = CARTESIAN_POINT ( 'NONE',  ( -0.5819969822278658889, -37.59577007180478603, 9.676188146017064895 ) ) ;
#1934 = CARTESIAN_POINT ( 'NONE',  ( 23.59999999999999432, -3.000000000000000000, 87.79999999999998295 ) ) ;
#1935 = ORIENTED_EDGE ( 'NONE', *, *, #3283, .F. ) ;
#1936 = CARTESIAN_POINT ( 'NONE',  ( -30.15721039549289983, -14.81562219962345495, 47.64856863269962872 ) ) ;
#1937 = CARTESIAN_POINT ( 'NONE',  ( 27.90931039549314363, -18.70909920995714870, 47.20293097475055788 ) ) ;
#1938 = LINE ( 'NONE', #4191, #4712 ) ;
#1939 = CARTESIAN_POINT ( 'NONE',  ( -31.38036062478473909, -20.71311099420991653, 47.50000000000000000 ) ) ;
#1940 = CARTESIAN_POINT ( 'NONE',  ( 37.48012806808429787, -3.000000000000000000, 57.00000000000000000 ) ) ;
#1941 = CARTESIAN_POINT ( 'NONE',  ( -33.60000000000000142, 0.000000000000000000, 55.00000000000000000 ) ) ;
#1942 = ORIENTED_EDGE ( 'NONE', *, *, #2014, .T. ) ;
#1943 = DIRECTION ( 'NONE',  ( -1.000000000000000000, 0.000000000000000000, 0.000000000000000000 ) ) ;
#1944 = ORIENTED_EDGE ( 'NONE', *, *, #2958, .F. ) ;
#1945 = DIRECTION ( 'NONE',  ( 0.000000000000000000, 1.000000000000000000, 0.000000000000000000 ) ) ;
#1946 = DIRECTION ( 'NONE',  ( -0.5000000000000002220, 0.000000000000000000, -0.8660254037844384856 ) ) ;
#1947 = VECTOR ( 'NONE', #1087, 1000.000000000000000 ) ;
#1948 = CARTESIAN_POINT ( 'NONE',  ( 2.497039914245130277, -29.07740637894529456, 11.82499999999999929 ) ) ;
#1949 = CARTESIAN_POINT ( 'NONE',  ( 25.21078340652006844, -37.60099999999999199, 54.99999999999999289 ) ) ;
#1950 = ORIENTED_EDGE ( 'NONE', *, *, #2611, .F. ) ;
#1951 = CARTESIAN_POINT ( 'NONE',  ( -45.60641060384944723, 23.73522209868181321, 7.500000000000000000 ) ) ;
#1952 = EDGE_LOOP ( 'NONE', ( #3982, #2735, #2101, #3447 ) ) ;
#1953 = AXIS2_PLACEMENT_3D ( 'NONE', #4620, #3916, #1683 ) ;
#1954 = VECTOR ( 'NONE', #1780, 1000.000000000000114 ) ;
#1955 = ADVANCED_FACE ( 'NONE', ( #2258 ), #4735, .T. ) ;
#1956 = EDGE_CURVE ( 'NONE', #3359, #4675, #1051, .T. ) ;
#1957 = CARTESIAN_POINT ( 'NONE',  ( -1.127789842029753187, -37.58327984432437319, 5.549977621994281130 ) ) ;
#1958 = DIRECTION ( 'NONE',  ( 0.000000000000000000, 0.000000000000000000, 1.000000000000000000 ) ) ;
#1959 = VERTEX_POINT ( 'NONE', #1498 ) ;
#1960 = CARTESIAN_POINT ( 'NONE',  ( -3.974492284384984586, 37.38938458301893064, 28.02224235715913991 ) ) ;
#1961 = CARTESIAN_POINT ( 'NONE',  ( -28.55205479672493496, 20.70120318947239113, 1.175000000000000488 ) ) ;
#1962 = DIRECTION ( 'NONE',  ( 0.8660254037844432595, -0.4999999999999920064, 0.000000000000000000 ) ) ;
#1963 = DIRECTION ( 'NONE',  ( 1.000000000000000000, -0.000000000000000000, 8.683899414665652514E-17 ) ) ;
#1964 = CIRCLE ( 'NONE', #4682, 0.8750000000000007772 ) ;
#1965 = CARTESIAN_POINT ( 'NONE',  ( -1.486138388588009285, 37.57076199789295856, 5.807089684983956168 ) ) ;
#1966 = AXIS2_PLACEMENT_3D ( 'NONE', #4368, #670, #2220 ) ;
#1967 = CIRCLE ( 'NONE', #4688, 33.60000000000000142 ) ;
#1968 = LINE ( 'NONE', #3444, #2710 ) ;
#1969 = ORIENTED_EDGE ( 'NONE', *, *, #3827, .F. ) ;
#1970 = CYLINDRICAL_SURFACE ( 'NONE', #1656, 33.60000000000000142 ) ;
#1971 = ORIENTED_EDGE ( 'NONE', *, *, #755, .T. ) ;
#1972 = CYLINDRICAL_SURFACE ( 'NONE', #696, 2.247899999999999565 ) ;
#1973 = PLANE ( 'NONE',  #4609 ) ;
#1974 = CARTESIAN_POINT ( 'NONE',  ( -10.00000000000000178, -32.07740637894529812, 0.000000000000000000 ) ) ;
#1975 = DIRECTION ( 'NONE',  ( -0.8660254037844363761, -0.5000000000000039968, 0.000000000000000000 ) ) ;
#1976 = EDGE_LOOP ( 'NONE', ( #3679, #1463, #4643, #851 ) ) ;
#1977 = CARTESIAN_POINT ( 'NONE',  ( -30.63039974883386307, -13.83621323311976958, 50.37761553911676771 ) ) ;
#1978 = ORIENTED_EDGE ( 'NONE', *, *, #3495, .T. ) ;
#1979 = VECTOR ( 'NONE', #3656, 999.9999999999998863 ) ;
#1980 = CARTESIAN_POINT ( 'NONE',  ( -0.9970193745064205304, -37.58702555335632667, 9.520079035291663772 ) ) ;
#1981 = ORIENTED_EDGE ( 'NONE', *, *, #1296, .F. ) ;
#1982 = ORIENTED_EDGE ( 'NONE', *, *, #3997, .F. ) ;
#1983 = ADVANCED_FACE ( 'NONE', ( #4806 ), #1402, .F. ) ;
#1984 = EDGE_CURVE ( 'NONE', #2612, #3627, #341, .T. ) ;
#1985 = CARTESIAN_POINT ( 'NONE',  ( -3.178839508876957431, 37.46567126462614539, 29.94216182002966065 ) ) ;
#1986 = CARTESIAN_POINT ( 'NONE',  ( 29.64588494670440966, -15.81443801095410606, 45.54961944367538962 ) ) ;
#1987 = FACE_OUTER_BOUND ( 'NONE', #648, .T. ) ;
#1988 = LINE ( 'NONE', #461, #3096 ) ;
#1989 = CARTESIAN_POINT ( 'NONE',  ( 33.62167838761963168, -16.83281233731033311, 47.79574748072409562 ) ) ;
#1990 = EDGE_CURVE ( 'NONE', #4761, #38, #3662, .T. ) ;
#1991 = VECTOR ( 'NONE', #4036, 1000.000000000000000 ) ;
#1992 = CARTESIAN_POINT ( 'NONE',  ( 23.59999999999999432, -3.000000000000000000, 82.90000000000000568 ) ) ;
#1993 =( BOUNDED_CURVE ( )  B_SPLINE_CURVE ( 3, ( #611, #3584, #1329, #4294 ),
 .UNSPECIFIED., .F., .F. ) 
 B_SPLINE_CURVE_WITH_KNOTS ( ( 4, 4 ),
 ( 1.351681701101586919, 1.461898470863415733 ),
 .UNSPECIFIED. ) 
 CURVE ( )  GEOMETRIC_REPRESENTATION_ITEM ( )  RATIONAL_B_SPLINE_CURVE ( ( 1.000000000000000000, 0.9989879448062453093, 0.9989879448062453093, 1.000000000000000000 ) ) 
 REPRESENTATION_ITEM ( '' )  );
#1994 = VECTOR ( 'NONE', #92, 1000.000000000000114 ) ;
#1995 = ORIENTED_EDGE ( 'NONE', *, *, #3258, .T. ) ;
#1996 = CARTESIAN_POINT ( 'NONE',  ( -1.774570818461640664, 37.55888240233296216, 31.09438983013169988 ) ) ;
#1997 = ORIENTED_EDGE ( 'NONE', *, *, #2168, .F. ) ;
#1998 = LINE ( 'NONE', #3473, #2593 ) ;
#1999 = DIRECTION ( 'NONE',  ( -1.000000000000000000, 0.000000000000000000, 1.187600473310006247E-16 ) ) ;
#2000 = CARTESIAN_POINT ( 'NONE',  ( 2.752883539803335132E-16, 37.60000000000000142, 9.747899999999999565 ) ) ;
#2001 = LINE ( 'NONE', #4571, #677 ) ;
#2002 = ORIENTED_EDGE ( 'NONE', *, *, #839, .T. ) ;
#2003 = CARTESIAN_POINT ( 'NONE',  ( -28.32654219736882695, -18.07146236019519492, 45.80791980452306689 ) ) ;
#2004 = EDGE_LOOP ( 'NONE', ( #1517, #1139, #4820, #1409 ) ) ;
#2005 = CARTESIAN_POINT ( 'NONE',  ( 22.68473268608509841, 18.86370318947275493, 7.500000000000000000 ) ) ;
#2006 = CARTESIAN_POINT ( 'NONE',  ( -29.17352442386085798, 16.66995728711981783, 9.747779114535383371 ) ) ;
#2007 = ORIENTED_EDGE ( 'NONE', *, *, #2197, .T. ) ;
#2008 = CARTESIAN_POINT ( 'NONE',  ( 27.90931039549314008, -18.70909920995715936, 47.64856863269964293 ) ) ;
#2009 = EDGE_LOOP ( 'NONE', ( #536, #3481, #2362, #948, #3337, #1532 ) ) ;
#2010 = AXIS2_PLACEMENT_3D ( 'NONE', #4297, #962, #591 ) ;
#2011 = CARTESIAN_POINT ( 'NONE',  ( -31.38036062478473909, -20.71311099420992008, 47.35330748671506740 ) ) ;
#2012 = EDGE_CURVE ( 'NONE', #2711, #4577, #1842, .T. ) ;
#2013 = CARTESIAN_POINT ( 'NONE',  ( 23.93325264320790069, -16.70120318947242666, 51.82499999999999574 ) ) ;
#2014 = EDGE_CURVE ( 'NONE', #940, #339, #4812, .T. ) ;
#2015 = DIRECTION ( 'NONE',  ( 0.4999999999999999445, 0.000000000000000000, -0.8660254037844387076 ) ) ;
#2016 = FACE_OUTER_BOUND ( 'NONE', #1538, .T. ) ;
#2017 = VECTOR ( 'NONE', #2976, 1000.000000000000114 ) ;
#2018 = CARTESIAN_POINT ( 'NONE',  ( -1.694755359538711259, 37.56193326099739949, 8.984210468537908056 ) ) ;
#2019 =( NAMED_UNIT ( * ) PLANE_ANGLE_UNIT ( ) SI_UNIT ( $, .RADIAN. ) );
#2020 = EDGE_CURVE ( 'NONE', #702, #2491, #4161, .T. ) ;
#2021 = CARTESIAN_POINT ( 'NONE',  ( -34.39015745941456714, -15.63850000000017992, 41.17499999999999005 ) ) ;
#2022 = EDGE_CURVE ( 'NONE', #600, #2711, #408, .T. ) ;
#2023 = ORIENTED_EDGE ( 'NONE', *, *, #4087, .T. ) ;
#2024 = DIRECTION ( 'NONE',  ( -0.000000000000000000, -0.000000000000000000, -1.000000000000000000 ) ) ;
#2025 = EDGE_LOOP ( 'NONE', ( #4172, #1838, #3835, #1728 ) ) ;
#2026 = CARTESIAN_POINT ( 'NONE',  ( 37.32974685153919125, 4.500000000000000000, 87.79999999999998295 ) ) ;
#2027 = CARTESIAN_POINT ( 'NONE',  ( 34.73102803877559808, 32.07740637894529812, 55.00590516225856419 ) ) ;
#2028 = LINE ( 'NONE', #4156, #2370 ) ;
#2029 = CARTESIAN_POINT ( 'NONE',  ( 3.651740452624389732, 29.07740637894529456, 13.82499999999999929 ) ) ;
#2030 = ORIENTED_EDGE ( 'NONE', *, *, #1511, .F. ) ;
#2031 = LINE ( 'NONE', #2100, #785 ) ;
#2032 = ORIENTED_EDGE ( 'NONE', *, *, #586, .T. ) ;
#2033 = CARTESIAN_POINT ( 'NONE',  ( -26.43029255745282313, -12.37620318947277376, 51.82499999999999574 ) ) ;
#2034 = PLANE ( 'NONE',  #3191 ) ;
#2035 = ORIENTED_EDGE ( 'NONE', *, *, #2552, .F. ) ;
#2036 = DIRECTION ( 'NONE',  ( 0.000000000000000000, 0.000000000000000000, 1.000000000000000000 ) ) ;
#2037 = ORIENTED_EDGE ( 'NONE', *, *, #1833, .T. ) ;
#2038 = CARTESIAN_POINT ( 'NONE',  ( -33.62826062478475109, -16.81963398387584263, 47.50000000000000000 ) ) ;
#2039 = CARTESIAN_POINT ( 'NONE',  ( 23.77580668090243066, 32.07740637894529812, 61.33090516225858835 ) ) ;
#2040 = CARTESIAN_POINT ( 'NONE',  ( -31.44368456075090990, 20.61693225603555391, 6.775214935019788776 ) ) ;
#2041 = DIRECTION ( 'NONE',  ( 6.308085367188394185E-16, -0.000000000000000000, 1.000000000000000000 ) ) ;
#2042 = CARTESIAN_POINT ( 'NONE',  ( -2.247952267493979139, 37.53274184769646382, 7.645849059292319616 ) ) ;
#2043 = CARTESIAN_POINT ( 'NONE',  ( -31.63221085947765587, -20.32658057631521942, 48.87124290603649968 ) ) ;
#2044 = EDGE_LOOP ( 'NONE', ( #1618, #1801, #1740, #3424 ) ) ;
#2045 = PLANE ( 'NONE',  #3818 ) ;
#2046 = ORIENTED_EDGE ( 'NONE', *, *, #2529, .F. ) ;
#2047 = CARTESIAN_POINT ( 'NONE',  ( -30.26650737441249461, -14.59104284671369456, 51.82499999999999574 ) ) ;
#2048 = ADVANCED_FACE ( 'NONE', ( #21 ), #4190, .T. ) ;
#2049 = EDGE_CURVE ( 'NONE', #1757, #628, #853, .T. ) ;
#2050 = DIRECTION ( 'NONE',  ( -0.4353462138053204034, 0.000000000000000000, -0.9002631138313800241 ) ) ;
#2051 = DIRECTION ( 'NONE',  ( 0.000000000000000000, 1.000000000000000000, 0.000000000000000000 ) ) ;
#2052 = AXIS2_PLACEMENT_3D ( 'NONE', #688, #2238, #736 ) ;
#2053 = CARTESIAN_POINT ( 'NONE',  ( -24.75097728705700817, 22.72331673272165986, 7.500000000000000000 ) ) ;
#2054 = EDGE_LOOP ( 'NONE', ( #1294, #2964, #3512, #1040 ) ) ;
#2055 = CYLINDRICAL_SURFACE ( 'NONE', #3210, 2.247899999999997345 ) ;
#2056 = ORIENTED_EDGE ( 'NONE', *, *, #3469, .T. ) ;
#2057 = DIRECTION ( 'NONE',  ( -6.123233995736766036E-17, 1.000000000000000000, 6.123233995736763571E-17 ) ) ;
#2058 = ADVANCED_FACE ( 'NONE', ( #4484 ), #116, .T. ) ;
#2059 = CARTESIAN_POINT ( 'NONE',  ( 25.50785748847130563, -32.07740637894529812, 60.33090516225858835 ) ) ;
#2060 = VERTEX_POINT ( 'NONE', #3462 ) ;
#2061 = CARTESIAN_POINT ( 'NONE',  ( 29.95095631904797528, -15.22848847664219818, 48.87125474631066879 ) ) ;
#2062 = ORIENTED_EDGE ( 'NONE', *, *, #4808, .F. ) ;
#2063 = DIRECTION ( 'NONE',  ( 1.000000000000000000, 0.000000000000000000, 0.000000000000000000 ) ) ;
#2064 = CARTESIAN_POINT ( 'NONE',  ( 30.13092956013379364, 14.86942339224559717, 8.092194138300953909 ) ) ;
#2065 = DIRECTION ( 'NONE',  ( -0.4999999999999994449, 0.000000000000000000, 0.8660254037844389297 ) ) ;
#2066 = DIRECTION ( 'NONE',  ( 0.4330127018922230731, -0.7499999999999985567, -0.4999999999999988898 ) ) ;
#2067 = AXIS2_PLACEMENT_3D ( 'NONE', #1475, #4431, #760 ) ;
#2068 = AXIS2_PLACEMENT_3D ( 'NONE', #3631, #1044, #289 ) ;
#2069 = CARTESIAN_POINT ( 'NONE',  ( -28.83351305295466105, -8.213703189472790100, 47.50000000000000000 ) ) ;
#2070 = DIRECTION ( 'NONE',  ( -0.000000000000000000, -0.000000000000000000, -1.000000000000000000 ) ) ;
#2071 = CARTESIAN_POINT ( 'NONE',  ( -1.290210120091889179, 37.57863896880812149, 31.29527307142743808 ) ) ;
#2072 = VERTEX_POINT ( 'NONE', #2305 ) ;
#2073 = CYLINDRICAL_SURFACE ( 'NONE', #3196, 33.60000000000000142 ) ;
#2074 = CARTESIAN_POINT ( 'NONE',  ( -28.38347579205025895, 17.98280859728169645, 5.702897180009385281 ) ) ;
#2075 = CARTESIAN_POINT ( 'NONE',  ( 5.736818358702855013E-16, 37.60000000000000142, 31.50000000000000711 ) ) ;
#2076 = EDGE_CURVE ( 'NONE', #3962, #846, #987, .T. ) ;
#2077 = ADVANCED_FACE ( 'NONE', ( #1175 ), #3829, .T. ) ;
#2078 = VERTEX_POINT ( 'NONE', #43 ) ;
#2079 = VECTOR ( 'NONE', #1146, 999.9999999999998863 ) ;
#2080 = LINE ( 'NONE', #3480, #1914 ) ;
#2081 = ORIENTED_EDGE ( 'NONE', *, *, #1717, .T. ) ;
#2082 = DIRECTION ( 'NONE',  ( 8.683899414665652514E-17, 0.000000000000000000, -1.000000000000000000 ) ) ;
#2083 = CARTESIAN_POINT ( 'NONE',  ( -28.52004814850921477, 17.76462191179975747, 9.451895716799540992 ) ) ;
#2084 = ADVANCED_FACE ( 'NONE', ( #4508 ), #4143, .T. ) ;
#2085 = EDGE_LOOP ( 'NONE', ( #1742, #2303, #2032, #4721 ) ) ;
#2086 = DIRECTION ( 'NONE',  ( -1.000000000000000000, 0.000000000000000000, -0.000000000000000000 ) ) ;
#2087 = VERTEX_POINT ( 'NONE', #2844 ) ;
#2088 = LINE ( 'NONE', #958, #238 ) ;
#2089 = PLANE ( 'NONE',  #3222 ) ;
#2090 = LINE ( 'NONE', #1355, #1374 ) ;
#2091 = DIRECTION ( 'NONE',  ( 0.000000000000000000, 0.000000000000000000, 1.000000000000000000 ) ) ;
#2092 = VECTOR ( 'NONE', #1651, 1000.000000000000114 ) ;
#2093 = CARTESIAN_POINT ( 'NONE',  ( -0.000000000000000000, 32.07740637894529812, 0.000000000000000000 ) ) ;
#2094 = CARTESIAN_POINT ( 'NONE',  ( 3.651740452624389732, 35.07740637894529812, 13.82499999999999929 ) ) ;
#2095 = VECTOR ( 'NONE', #1551, 1000.000000000000227 ) ;
#2096 = ORIENTED_EDGE ( 'NONE', *, *, #4658, .T. ) ;
#2097 = CARTESIAN_POINT ( 'NONE',  ( -28.95138335110884853, 17.05471901216235864, 5.252205186387564950 ) ) ;
#2098 = CARTESIAN_POINT ( 'NONE',  ( 23.59999999999999787, -3.000000000000000000, 55.00000000000000000 ) ) ;
#2099 = VERTEX_POINT ( 'NONE', #3199 ) ;
#2100 = CARTESIAN_POINT ( 'NONE',  ( 26.43029255745298656, -12.37620318947241316, 51.82499999999999574 ) ) ;
#2101 = ORIENTED_EDGE ( 'NONE', *, *, #1990, .T. ) ;
#2102 = FACE_OUTER_BOUND ( 'NONE', #1373, .T. ) ;
#2103 = CARTESIAN_POINT ( 'NONE',  ( 37.60000000000000142, 4.604671964794047724E-15, 55.00000000000000000 ) ) ;
#2104 = ORIENTED_EDGE ( 'NONE', *, *, #3315, .T. ) ;
#2105 = CARTESIAN_POINT ( 'NONE',  ( 0.000000000000000000, 0.000000000000000000, 53.82499999999999574 ) ) ;
#2106 = VERTEX_POINT ( 'NONE', #4267 ) ;
#2107 = EDGE_CURVE ( 'NONE', #2364, #1167, #4660, .T. ) ;
#2108 = EDGE_CURVE ( 'NONE', #1530, #2404, #4684, .T. ) ;
#2109 = CARTESIAN_POINT ( 'NONE',  ( -32.70831791080777862, -18.54579672190648409, 45.26647541292479104 ) ) ;
#2110 = CARTESIAN_POINT ( 'NONE',  ( 28.15848262928912504, 18.33310761428882785, 8.881024897609389512 ) ) ;
#2111 = VECTOR ( 'NONE', #4747, 1000.000000000000227 ) ;
#2112 = CARTESIAN_POINT ( 'NONE',  ( 2.497039914245130277, -35.07740637894529812, 11.82499999999999929 ) ) ;
#2113 = CARTESIAN_POINT ( 'NONE',  ( 27.10021823635437954, -19.86298496052308593, 41.17499999999999005 ) ) ;
#2114 = DIRECTION ( 'NONE',  ( 0.8660254037844432595, -0.4999999999999920064, 0.000000000000000000 ) ) ;
#2115 = EDGE_CURVE ( 'NONE', #4619, #3777, #1993, .T. ) ;
#2116 = CARTESIAN_POINT ( 'NONE',  ( 0.000000000000000000, 0.000000000000000000, 11.82499999999999574 ) ) ;
#2117 = ORIENTED_EDGE ( 'NONE', *, *, #223, .F. ) ;
#2118 = LINE ( 'NONE', #3526, #167 ) ;
#2119 = CARTESIAN_POINT ( 'NONE',  ( 1.775784217715127955, 37.55881425311773114, 31.09366452788322732 ) ) ;
#2120 = PRODUCT ( 'BodyGimbalMount', 'BodyGimbalMount', '', ( #857 ) ) ;
#2121 = VECTOR ( 'NONE', #4395, 1000.000000000000114 ) ;
#2122 = ORIENTED_EDGE ( 'NONE', *, *, #3142, .T. ) ;
#2123 = CIRCLE ( 'NONE', #4052, 33.60000000000000142 ) ;
#2124 = CARTESIAN_POINT ( 'NONE',  ( 23.35590237401829583, -17.70120318947240889, 41.17499999999999005 ) ) ;
#2125 = ORIENTED_EDGE ( 'NONE', *, *, #1633, .F. ) ;
#2126 = CARTESIAN_POINT ( 'NONE',  ( 30.63039974883406202, -13.83621323311933082, 44.62238446088323940 ) ) ;
#2127 = VECTOR ( 'NONE', #1055, 1000.000000000000000 ) ;
#2128 = DIRECTION ( 'NONE',  ( 0.5000000000000002220, 0.000000000000000000, 0.8660254037844384856 ) ) ;
#2129 = ORIENTED_EDGE ( 'NONE', *, *, #3432, .T. ) ;
#2130 = DIRECTION ( 'NONE',  ( 0.000000000000000000, -1.000000000000000000, 8.260587980841937794E-16 ) ) ;
#2131 = VERTEX_POINT ( 'NONE', #3907 ) ;
#2132 = LINE ( 'NONE', #1066, #3019 ) ;
#2133 = DIRECTION ( 'NONE',  ( -0.4999999999999919509, -0.8660254037844432595, -9.500803786480087445E-16 ) ) ;
#2134 = DIRECTION ( 'NONE',  ( 9.244100167296546298E-33, -6.123233995736763571E-17, 1.000000000000000000 ) ) ;
#2135 = ADVANCED_FACE ( 'NONE', ( #1278, #2460 ), #2502, .T. ) ;
#2136 = VERTEX_POINT ( 'NONE', #980 ) ;
#2137 = EDGE_CURVE ( 'NONE', #3561, #2687, #14, .T. ) ;
#2138 = AXIS2_PLACEMENT_3D ( 'NONE', #156, #2367, #4623 ) ;
#2139 = FACE_OUTER_BOUND ( 'NONE', #1976, .T. ) ;
#2140 = DIRECTION ( 'NONE',  ( 0.000000000000000000, -0.000000000000000000, 1.000000000000000000 ) ) ;
#2141 = VECTOR ( 'NONE', #3317, 1000.000000000000000 ) ;
#2142 = DIRECTION ( 'NONE',  ( 0.000000000000000000, 0.000000000000000000, 1.000000000000000000 ) ) ;
#2143 = EDGE_CURVE ( 'NONE', #370, #1057, #3974, .T. ) ;
#2144 = ORIENTED_EDGE ( 'NONE', *, *, #3649, .F. ) ;
#2145 = CARTESIAN_POINT ( 'NONE',  ( -29.38592552185163598, 16.29258023523635046, 5.324092786706667191 ) ) ;
#2146 = LINE ( 'NONE', #3550, #3905 ) ;
#2147 = EDGE_LOOP ( 'NONE', ( #4818, #3216, #2476, #1027, #2782, #985 ) ) ;
#2148 = LINE ( 'NONE', #4325, #3979 ) ;
#2149 = VERTEX_POINT ( 'NONE', #4611 ) ;
#2150 = AXIS2_PLACEMENT_3D ( 'NONE', #453, #86, #1958 ) ;
#2151 = DIRECTION ( 'NONE',  ( 0.000000000000000000, 0.000000000000000000, 1.000000000000000000 ) ) ;
#2152 =( BOUNDED_CURVE ( )  B_SPLINE_CURVE ( 3, ( #4317, #1307, #1723, #4638 ),
 .UNSPECIFIED., .F., .F. ) 
 B_SPLINE_CURVE_WITH_KNOTS ( ( 4, 4 ),
 ( 1.351681701101586031, 1.461898470863415733 ),
 .UNSPECIFIED. ) 
 CURVE ( )  GEOMETRIC_REPRESENTATION_ITEM ( )  RATIONAL_B_SPLINE_CURVE ( ( 1.000000000000000000, 0.9989879448062453093, 0.9989879448062453093, 1.000000000000000000 ) ) 
 REPRESENTATION_ITEM ( '' )  );
#2153 = ORIENTED_EDGE ( 'NONE', *, *, #88, .T. ) ;
#2154 = CARTESIAN_POINT ( 'NONE',  ( -32.85058348205864576, 18.29261620519882214, 9.675806777585627572 ) ) ;
#2155 = ORIENTED_EDGE ( 'NONE', *, *, #4150, .F. ) ;
#2156 = DIRECTION ( 'NONE',  ( 0.000000000000000000, 1.000000000000000000, 0.000000000000000000 ) ) ;
#2157 = CARTESIAN_POINT ( 'NONE',  ( -27.76946746016759349, 18.91604284671329594, 11.82499999999999929 ) ) ;
#2158 = CARTESIAN_POINT ( 'NONE',  ( -1.294780719025185212, -37.57847097179083562, 31.29359687058245498 ) ) ;
#2159 = EDGE_LOOP ( 'NONE', ( #844, #4790, #1165, #3052 ) ) ;
#2160 =( BOUNDED_CURVE ( )  B_SPLINE_CURVE ( 3, ( #4295, #4582, #2845, #960 ),
 .UNSPECIFIED., .F., .F. ) 
 B_SPLINE_CURVE_WITH_KNOTS ( ( 4, 4 ),
 ( 4.821286836316171609, 4.931503606078000423 ),
 .UNSPECIFIED. ) 
 CURVE ( )  GEOMETRIC_REPRESENTATION_ITEM ( )  RATIONAL_B_SPLINE_CURVE ( ( 1.000000000000000000, 0.9989879448062453093, 0.9989879448062453093, 1.000000000000000000 ) ) 
 REPRESENTATION_ITEM ( '' )  );
#2161 = CARTESIAN_POINT ( 'NONE',  ( -37.60000000000000142, 0.000000000000000000, 55.00000000000000000 ) ) ;
#2162 = EDGE_CURVE ( 'NONE', #4275, #3244, #3154, .T. ) ;
#2163 = ADVANCED_FACE ( 'NONE', ( #3541 ), #2089, .F. ) ;
#2164 = DIRECTION ( 'NONE',  ( -0.4330127018922229065, 0.7499999999999980016, -0.4999999999999999445 ) ) ;
#2165 = CARTESIAN_POINT ( 'NONE',  ( 31.44353499292924781, 20.61716030902306684, 6.776003104688706813 ) ) ;
#2166 = LINE ( 'NONE', #3275, #1825 ) ;
#2167 = VECTOR ( 'NONE', #3364, 1000.000000000000000 ) ;
#2168 = EDGE_CURVE ( 'NONE', #324, #3087, #4457, .T. ) ;
#2169 = ADVANCED_FACE ( 'NONE', ( #2210 ), #4016, .T. ) ;
#2170 = DIRECTION ( 'NONE',  ( -0.8660254037844363761, -0.5000000000000039968, 0.000000000000000000 ) ) ;
#2171 = CARTESIAN_POINT ( 'NONE',  ( -5.736818358702855013E-16, -37.60000000000000142, 31.50000000000000711 ) ) ;
#2172 = ORIENTED_EDGE ( 'NONE', *, *, #4335, .T. ) ;
#2173 = CARTESIAN_POINT ( 'NONE',  ( 7.303480905248766142, -32.07740637894529812, 7.499999999999992895 ) ) ;
#2174 = VECTOR ( 'NONE', #4752, 1000.000000000000000 ) ;
#2175 = ORIENTED_EDGE ( 'NONE', *, *, #946, .F. ) ;
#2176 = LINE ( 'NONE', #3648, #698 ) ;
#2177 = CIRCLE ( 'NONE', #4023, 33.60000000000000142 ) ;
#2178 = CYLINDRICAL_SURFACE ( 'NONE', #2574, 0.8750000000000007772 ) ;
#2179 = EDGE_LOOP ( 'NONE', ( #800, #2249, #4196, #2081, #1109, #693 ) ) ;
#2180 = CARTESIAN_POINT ( 'NONE',  ( 30.12545947872585472, 14.88010453000974209, 6.917975544826820311 ) ) ;
#2181 = EDGE_LOOP ( 'NONE', ( #2466, #992, #1847, #2887 ) ) ;
#2182 = B_SPLINE_CURVE_WITH_KNOTS ( 'NONE', 3,
 ( #4365, #1364, #4646, #4280, #1341, #2870, #1775, #3162, #4343, #2074, #574, #2509, #2097, #3212, #644, #2145, #2534, #2831, #666, #3570, #1729, #4695, #276, #3255, #968, #4738, #4322, #2487, #618, #1405 ),
 .UNSPECIFIED., .F., .F.,
 ( 4, 2, 2, 2, 2, 2, 2, 2, 2, 2, 2, 2, 2, 2, 4 ),
 ( 1.734723475976807094E-18, 0.0004393701719707664741, 0.0008787403439415312134, 0.001318110515912296115, 0.001757480687883060692, 0.002636221031824597869, 0.003514961375766135262, 0.003954331547736906344, 0.004393701719707676992, 0.004833071891678447640, 0.005272442063649222625, 0.005711812235619998478, 0.006151182407590773463, 0.006590552579561547580, 0.007029922751532323433 ),
 .UNSPECIFIED. ) ;
#2183 = CARTESIAN_POINT ( 'NONE',  ( 32.48747638786112191, 18.93002571320327476, 9.747778117959184030 ) ) ;
#2184 = DIRECTION ( 'NONE',  ( 0.000000000000000000, 0.000000000000000000, -1.000000000000000000 ) ) ;
#2185 = CARTESIAN_POINT ( 'NONE',  ( -3.593345469055631902, -37.42803863912754281, 25.72333230917995905 ) ) ;
#2186 = ORIENTED_EDGE ( 'NONE', *, *, #4298, .F. ) ;
#2187 = DIRECTION ( 'NONE',  ( 1.000000000000000000, 0.000000000000000000, 0.000000000000000000 ) ) ;
#2188 = VECTOR ( 'NONE', #4472, 999.9999999999998863 ) ;
#2189 = CARTESIAN_POINT ( 'NONE',  ( -23.35590237401828162, 17.70120318947243376, 13.82499999999999929 ) ) ;
#2190 = FACE_OUTER_BOUND ( 'NONE', #2499, .T. ) ;
#2191 = VERTEX_POINT ( 'NONE', #3705 ) ;
#2192 = AXIS2_PLACEMENT_3D ( 'NONE', #3846, #3872, #188 ) ;
#2193 = LINE ( 'NONE', #3009, #4762 ) ;
#2194 = CARTESIAN_POINT ( 'NONE',  ( 3.471246444450662327, -37.43971143123460621, 29.50489977312989254 ) ) ;
#2195 = VERTEX_POINT ( 'NONE', #679 ) ;
#2196 = CARTESIAN_POINT ( 'NONE',  ( 27.29771202647716422, -19.60859769400260078, 44.62238446088322519 ) ) ;
#2197 = EDGE_CURVE ( 'NONE', #1582, #691, #2928, .T. ) ;
#2198 = VERTEX_POINT ( 'NONE', #3290 ) ;
#2199 = EDGE_CURVE ( 'NONE', #2655, #1219, #264, .T. ) ;
#2200 = DIRECTION ( 'NONE',  ( -0.000000000000000000, 1.000000000000000000, -0.000000000000000000 ) ) ;
#2201 = LINE ( 'NONE', #1876, #3748 ) ;
#2202 = DIRECTION ( 'NONE',  ( 0.000000000000000000, -1.000000000000000000, 0.000000000000000000 ) ) ;
#2203 = ORIENTED_EDGE ( 'NONE', *, *, #3879, .F. ) ;
#2204 = CARTESIAN_POINT ( 'NONE',  ( -33.05038122433497705, 17.92904866775595352, 9.519493983109173385 ) ) ;
#2205 = AXIS2_PLACEMENT_3D ( 'NONE', #1708, #277, #1753 ) ;
#2206 = ORIENTED_EDGE ( 'NONE', *, *, #631, .F. ) ;
#2207 = EDGE_CURVE ( 'NONE', #3762, #3265, #2570, .T. ) ;
#2208 = VECTOR ( 'NONE', #2470, 999.9999999999998863 ) ;
#2209 = CARTESIAN_POINT ( 'NONE',  ( -33.62826062478497846, 16.81963398387538433, 7.353273908071147780 ) ) ;
#2210 = FACE_OUTER_BOUND ( 'NONE', #2458, .T. ) ;
#2211 = CYLINDRICAL_SURFACE ( 'NONE', #3484, 33.60000000000000142 ) ;
#2212 = ORIENTED_EDGE ( 'NONE', *, *, #3084, .T. ) ;
#2213 = CARTESIAN_POINT ( 'NONE',  ( -4.994079828490264106, -35.07740637894529812, 7.500000000000000000 ) ) ;
#2214 = FACE_OUTER_BOUND ( 'NONE', #4824, .T. ) ;
#2215 = CARTESIAN_POINT ( 'NONE',  ( -31.27227883592928492, 12.28839193742979141, 7.500000000000000000 ) ) ;
#2216 = FACE_OUTER_BOUND ( 'NONE', #2876, .T. ) ;
#2217 = CARTESIAN_POINT ( 'NONE',  ( 0.7243739938069583273, 37.59326519649794562, 9.633018288379410876 ) ) ;
#2218 = CARTESIAN_POINT ( 'NONE',  ( 2.438966816667038628, -37.52144517013247338, 30.68115629635819985 ) ) ;
#2219 = ORIENTED_EDGE ( 'NONE', *, *, #2349, .T. ) ;
#2220 = DIRECTION ( 'NONE',  ( -1.000000000000000000, 0.000000000000000000, 0.000000000000000000 ) ) ;
#2221 = ORIENTED_EDGE ( 'NONE', *, *, #215, .F. ) ;
#2222 = DIRECTION ( 'NONE',  ( 0.000000000000000000, 0.000000000000000000, 1.000000000000000000 ) ) ;
#2223 = CARTESIAN_POINT ( 'NONE',  ( 33.11169700004585081, -17.81545578927382678, 45.54960305225804262 ) ) ;
#2224 = ADVANCED_FACE ( 'NONE', ( #2907 ), #704, .F. ) ;
#2225 = EDGE_CURVE ( 'NONE', #2060, #4109, #483, .T. ) ;
#2226 = DIRECTION ( 'NONE',  ( 0.000000000000000000, 1.000000000000000000, 0.000000000000000000 ) ) ;
#2227 = ORIENTED_EDGE ( 'NONE', *, *, #817, .F. ) ;
#2228 = LINE ( 'NONE', #3701, #815 ) ;
#2229 = ORIENTED_EDGE ( 'NONE', *, *, #2439, .T. ) ;
#2230 = EDGE_CURVE ( 'NONE', #3350, #3740, #1812, .T. ) ;
#2231 = CARTESIAN_POINT ( 'NONE',  ( -4.994079828490264106, 35.07740637894529812, 7.500000000000000000 ) ) ;
#2232 = DIRECTION ( 'NONE',  ( -1.000000000000000000, 0.000000000000000000, 0.000000000000000000 ) ) ;
#2233 = ORIENTED_EDGE ( 'NONE', *, *, #3494, .F. ) ;
#2234 = CARTESIAN_POINT ( 'NONE',  ( 27.90931039549313297, -18.70909920995714515, 47.50000000000000000 ) ) ;
#2235 = LINE ( 'NONE', #1864, #1281 ) ;
#2236 = CARTESIAN_POINT ( 'NONE',  ( 32.41438906761759853, 19.05487258671644923, 5.266672633473647558 ) ) ;
#2237 = CARTESIAN_POINT ( 'NONE',  ( 2.132407623478524084, -37.53952630013976943, 6.773670208182026364 ) ) ;
#2238 = DIRECTION ( 'NONE',  ( -0.4330127018922229620, 0.7499999999999984457, 0.4999999999999991118 ) ) ;
#2239 = CARTESIAN_POINT ( 'NONE',  ( 33.26898398930998724, 4.705032210521751246, 56.10812690784482726 ) ) ;
#2240 = ORIENTED_EDGE ( 'NONE', *, *, #2473, .T. ) ;
#2241 = VECTOR ( 'NONE', #731, 1000.000000000000000 ) ;
#2242 = CARTESIAN_POINT ( 'NONE',  ( 25.58623030884995941, 21.81353191501620614, 5.411972437980608674 ) ) ;
#2243 = ORIENTED_EDGE ( 'NONE', *, *, #4665, .F. ) ;
#2244 = CARTESIAN_POINT ( 'NONE',  ( 30.26650737441268291, -14.59104284671327889, 51.82499999999999574 ) ) ;
#2245 = CARTESIAN_POINT ( 'NONE',  ( 27.10021823635435467, -19.86298496052310725, 53.82499999999999574 ) ) ;
#2246 = DIRECTION ( 'NONE',  ( -0.000000000000000000, 1.000000000000000000, -0.000000000000000000 ) ) ;
#2247 = VERTEX_POINT ( 'NONE', #2524 ) ;
#2248 = CARTESIAN_POINT ( 'NONE',  ( 0.000000000000000000, 0.000000000000000000, 0.000000000000000000 ) ) ;
#2249 = ORIENTED_EDGE ( 'NONE', *, *, #3704, .T. ) ;
#2250 = CARTESIAN_POINT ( 'NONE',  ( -29.95617823893267584, 15.21940748184266390, 8.881024897609389512 ) ) ;
#2251 = VERTEX_POINT ( 'NONE', #4452 ) ;
#2252 = CARTESIAN_POINT ( 'NONE',  ( -2.008313141190114504, -37.54696441947467633, 30.96926277586618426 ) ) ;
#2253 = ORIENTED_EDGE ( 'NONE', *, *, #4715, .F. ) ;
#2254 = EDGE_CURVE ( 'NONE', #4382, #1670, #2617, .T. ) ;
#2255 = DIRECTION ( 'NONE',  ( 1.000000000000000000, 0.000000000000000000, -0.000000000000000000 ) ) ;
#2256 = ADVANCED_FACE ( 'NONE', ( #1858 ), #2885, .F. ) ;
#2257 = CARTESIAN_POINT ( 'NONE',  ( -4.000094817240677614, 37.38661848124577602, 27.24035704945358205 ) ) ;
#2258 = FACE_OUTER_BOUND ( 'NONE', #2085, .T. ) ;
#2259 = CARTESIAN_POINT ( 'NONE',  ( 33.44087232756194084, -3.267033438774897380, 55.99295078692211547 ) ) ;
#2260 = CARTESIAN_POINT ( 'NONE',  ( 31.54379926390916822, 20.46351313391944160, 6.372210537173526923 ) ) ;
#2261 = CARTESIAN_POINT ( 'NONE',  ( 31.38841502857640720, -20.70092318615801119, 47.79462980154051621 ) ) ;
#2262 = DIRECTION ( 'NONE',  ( 1.000000000000000000, 0.000000000000000000, -1.187600473310006247E-16 ) ) ;
#2263 = CARTESIAN_POINT ( 'NONE',  ( 33.28317486980277096, 4.603574086418075417, 56.35121981220924425 ) ) ;
#2264 = VERTEX_POINT ( 'NONE', #4823 ) ;
#2265 = DIRECTION ( 'NONE',  ( -0.000000000000000000, 1.000000000000000000, -0.000000000000000000 ) ) ;
#2266 = EDGE_LOOP ( 'NONE', ( #1907, #3913 ) ) ;
#2267 = PRODUCT_RELATED_PRODUCT_CATEGORY ( 'part', '', ( #2120 ) ) ;
#2268 = FACE_BOUND ( 'NONE', #1063, .T. ) ;
#2269 = DIRECTION ( 'NONE',  ( 0.8660254037844432595, -0.4999999999999920064, 0.000000000000000000 ) ) ;
#2270 = CARTESIAN_POINT ( 'NONE',  ( -30.75195868897868223, 13.53798496052306355, 13.82499999999999751 ) ) ;
#2271 = ORIENTED_EDGE ( 'NONE', *, *, #1571, .F. ) ;
#2272 = DIRECTION ( 'NONE',  ( -1.000000000000000000, 0.000000000000000000, 0.000000000000000000 ) ) ;
#2273 = ORIENTED_EDGE ( 'NONE', *, *, #4740, .F. ) ;
#2274 = CARTESIAN_POINT ( 'NONE',  ( -1.964575270660975148, -37.54880887375236398, 8.631036423073098263 ) ) ;
#2275 = PRESENTATION_STYLE_ASSIGNMENT (( #1544 ) ) ;
#2276 = EDGE_LOOP ( 'NONE', ( #1350, #3942, #2804, #2451 ) ) ;
#2277 = AXIS2_PLACEMENT_3D ( 'NONE', #398, #1484, #767 ) ;
#2278 = CARTESIAN_POINT ( 'NONE',  ( -3.651740452624389732, 29.07740637894529456, 1.175000000000000488 ) ) ;
#2279 = CARTESIAN_POINT ( 'NONE',  ( -29.95123894354714267, -15.22793359985243278, 48.87049469510302657 ) ) ;
#2280 = VECTOR ( 'NONE', #78, 1000.000000000000114 ) ;
#2281 = EDGE_CURVE ( 'NONE', #1465, #2087, #4380, .T. ) ;
#2282 = CARTESIAN_POINT ( 'NONE',  ( 29.76017230423912707, -15.59830401991009197, 45.71297021367232105 ) ) ;
#2283 = EDGE_CURVE ( 'NONE', #2894, #1106, #634, .T. ) ;
#2284 = CARTESIAN_POINT ( 'NONE',  ( -45.60641060384929091, -23.73522209868253441, 47.50000000000000000 ) ) ;
#2285 = CARTESIAN_POINT ( 'NONE',  ( 37.03390338595163911, 6.500000000000000000, 55.00000000000000000 ) ) ;
#2286 = CARTESIAN_POINT ( 'NONE',  ( 1.692079672913080257, -37.56205048356114418, 6.012924814875732160 ) ) ;
#2287 = FACE_OUTER_BOUND ( 'NONE', #3726, .T. ) ;
#2288 = ADVANCED_FACE ( 'NONE', ( #1765 ), #4731, .T. ) ;
#2289 = ORIENTED_EDGE ( 'NONE', *, *, #4270, .T. ) ;
#2290 = CARTESIAN_POINT ( 'NONE',  ( 0.000000000000000000, -29.07740637894529456, 0.000000000000000000 ) ) ;
#2291 = VERTEX_POINT ( 'NONE', #2157 ) ;
#2292 = DIRECTION ( 'NONE',  ( 1.000000000000000000, 0.000000000000000000, 0.000000000000000000 ) ) ;
#2293 = LINE ( 'NONE', #3698, #162 ) ;
#2294 = CARTESIAN_POINT ( 'NONE',  ( 34.59999999999999432, -3.000000000000000000, 82.90000000000000568 ) ) ;
#2295 = LINE ( 'NONE', #2532, #1721 ) ;
#2296 = ORIENTED_EDGE ( 'NONE', *, *, #4271, .T. ) ;
#2297 = VECTOR ( 'NONE', #2114, 1000.000000000000114 ) ;
#2298 = DIRECTION ( 'NONE',  ( -1.000000000000000000, 0.000000000000000000, 1.187600473310006247E-16 ) ) ;
#2299 = AXIS2_PLACEMENT_3D ( 'NONE', #3336, #311, #3246 ) ;
#2300 = ORIENTED_EDGE ( 'NONE', *, *, #1273, .F. ) ;
#2301 = CARTESIAN_POINT ( 'NONE',  ( -1.126130508030411814, -37.58333104982388306, 9.451016676789523174 ) ) ;
#2302 = EDGE_LOOP ( 'NONE', ( #4311, #4374, #4182, #4223 ) ) ;
#2303 = ORIENTED_EDGE ( 'NONE', *, *, #1411, .F. ) ;
#2304 = CARTESIAN_POINT ( 'NONE',  ( -1.288761273635447235, 37.57868898182627504, 23.70423408250442421 ) ) ;
#2305 = CARTESIAN_POINT ( 'NONE',  ( 22.68473268608509841, 18.86370318947275493, 7.500000000000000000 ) ) ;
#2306 = CARTESIAN_POINT ( 'NONE',  ( 33.29947711838919133, -4.485675700376971164, 55.06292690375146037 ) ) ;
#2307 = CIRCLE ( 'NONE', #2150, 0.8750000000000007772 ) ;
#2308 = DIRECTION ( 'NONE',  ( 0.000000000000000000, -0.000000000000000000, 1.000000000000000000 ) ) ;
#2309 =( BOUNDED_CURVE ( )  B_SPLINE_CURVE ( 3, ( #4626, #2783, #4258, #924 ),
 .UNSPECIFIED., .F., .F. ) 
 B_SPLINE_CURVE_WITH_KNOTS ( ( 4, 4 ),
 ( 1.645181569562541579, 1.719982432804800343 ),
 .UNSPECIFIED. ) 
 CURVE ( )  GEOMETRIC_REPRESENTATION_ITEM ( )  RATIONAL_B_SPLINE_CURVE ( ( 1.000000000000000000, 0.9995337902528685925, 0.9995337902528685925, 1.000000000000000000 ) ) 
 REPRESENTATION_ITEM ( '' )  );
#2310 = CARTESIAN_POINT ( 'NONE',  ( 37.41070508113028126, -3.772746205855201040, 55.39939051743558451 ) ) ;
#2311 = APPLICATION_PROTOCOL_DEFINITION ( 'draft international standard', 'automotive_design', 1998, #4821 ) ;
#2312 = DIRECTION ( 'NONE',  ( 4.750401893239963850E-16, 8.227937435463179100E-16, -1.000000000000000000 ) ) ;
#2313 = ORIENTED_EDGE ( 'NONE', *, *, #4375, .F. ) ;
#2314 = CARTESIAN_POINT ( 'NONE',  ( -26.43029255745299011, 12.37620318947240428, 3.175000000000000711 ) ) ;
#2315 = ORIENTED_EDGE ( 'NONE', *, *, #2697, .F. ) ;
#2316 = CARTESIAN_POINT ( 'NONE',  ( -31.62644498015965056, 15.37620318947235454, 3.175000000000000711 ) ) ;
#2317 = EDGE_CURVE ( 'NONE', #4749, #2790, #2985, .T. ) ;
#2318 = EDGE_CURVE ( 'NONE', #1395, #3716, #777, .T. ) ;
#2319 = CARTESIAN_POINT ( 'NONE',  ( 32.19531301287890557, -19.42267746483975799, 45.36639923547422626 ) ) ;
#2320 = DIRECTION ( 'NONE',  ( 0.000000000000000000, 0.000000000000000000, 1.000000000000000000 ) ) ;
#2321 = CARTESIAN_POINT ( 'NONE',  ( -25.18177260033044718, 14.53870318947241458, 0.000000000000000000 ) ) ;
#2322 = ORIENTED_EDGE ( 'NONE', *, *, #837, .F. ) ;
#2323 = LINE ( 'NONE', #3047, #3231 ) ;
#2324 = CIRCLE ( 'NONE', #2554, 33.60000000000000142 ) ;
#2325 = ORIENTED_EDGE ( 'NONE', *, *, #2726, .T. ) ;
#2326 = ADVANCED_FACE ( 'NONE', ( #1193 ), #110, .F. ) ;
#2327 = CARTESIAN_POINT ( 'NONE',  ( -30.03133747198650028, 15.06955058532233949, 8.630192422213497139 ) ) ;
#2328 = CARTESIAN_POINT ( 'NONE',  ( -26.27819900743881121, -20.93839193743019678, 47.50000000000000000 ) ) ;
#2329 = ORIENTED_EDGE ( 'NONE', *, *, #4533, .F. ) ;
#2330 = CARTESIAN_POINT ( 'NONE',  ( -29.38992740895946199, -16.28697002197016985, 49.68875717310993423 ) ) ;
#2331 = CARTESIAN_POINT ( 'NONE',  ( 28.21559026466171005, -18.24421163435281201, 46.01299980864146733 ) ) ;
#2332 = DIRECTION ( 'NONE',  ( -1.000000000000000000, 0.000000000000000000, 0.000000000000000000 ) ) ;
#2333 = CARTESIAN_POINT ( 'NONE',  ( 33.52574511569249438, -17.02314913572529420, 48.49639296876011940 ) ) ;
#2334 = DIRECTION ( 'NONE',  ( 0.8660254037844432595, -0.4999999999999919509, -0.000000000000000000 ) ) ;
#2335 = ORIENTED_EDGE ( 'NONE', *, *, #2382, .T. ) ;
#2336 = LINE ( 'NONE', #466, #2969 ) ;
#2337 = ORIENTED_EDGE ( 'NONE', *, *, #3378, .F. ) ;
#2338 = CARTESIAN_POINT ( 'NONE',  ( 7.303480905248766142, 35.07740637894529812, 7.499999999999996447 ) ) ;
#2339 = DIRECTION ( 'NONE',  ( 0.8660254037844363761, 0.5000000000000039968, 0.000000000000000000 ) ) ;
#2340 = AXIS2_PLACEMENT_3D ( 'NONE', #81, #4496, #1927 ) ;
#2341 = CARTESIAN_POINT ( 'NONE',  ( -44.48246060384946787, 25.68196060384886437, 7.500000000000000000 ) ) ;
#2342 = EDGE_CURVE ( 'NONE', #4018, #3145, #378, .T. ) ;
#2343 = CARTESIAN_POINT ( 'NONE',  ( -32.05445819230568105, 10.07331673272160621, 7.499999999999996447 ) ) ;
#2344 = EDGE_CURVE ( 'NONE', #1689, #4680, #1218, .T. ) ;
#2345 = ORIENTED_EDGE ( 'NONE', *, *, #847, .F. ) ;
#2346 = CARTESIAN_POINT ( 'NONE',  ( 28.58814684003844064, 17.65492559145246432, 5.479195705149145113 ) ) ;
#2347 = ORIENTED_EDGE ( 'NONE', *, *, #775, .T. ) ;
#2348 = CARTESIAN_POINT ( 'NONE',  ( -33.81280719022493741, -16.63850000000017459, 43.17499999999999005 ) ) ;
#2349 = EDGE_CURVE ( 'NONE', #691, #4004, #4527, .T. ) ;
#2350 = DIRECTION ( 'NONE',  ( -1.000000000000000000, 0.000000000000000000, 0.000000000000000000 ) ) ;
#2351 = ORIENTED_EDGE ( 'NONE', *, *, #1833, .F. ) ;
#2352 = CARTESIAN_POINT ( 'NONE',  ( -28.16373604153480414, -18.32404480161237004, 48.87125474631066879 ) ) ;
#2353 = VECTOR ( 'NONE', #1924, 1000.000000000000000 ) ;
#2354 = CARTESIAN_POINT ( 'NONE',  ( -33.60000000000000142, 0.000000000000000000, 55.00000000000000000 ) ) ;
#2355 = CARTESIAN_POINT ( 'NONE',  ( 21.53003214770583540, 20.86370318947275138, 7.499999999999996447 ) ) ;
#2356 = AXIS2_PLACEMENT_3D ( 'NONE', #1285, #2024, #3107 ) ;
#2357 = CARTESIAN_POINT ( 'NONE',  ( 37.22659504134009012, 5.287028967691663972, 55.40447983320773773 ) ) ;
#2358 = CARTESIAN_POINT ( 'NONE',  ( 33.22642196191425512, -17.60056054401031034, 49.28766569870641945 ) ) ;
#2359 = VECTOR ( 'NONE', #891, 999.9999999999998863 ) ;
#2360 = CARTESIAN_POINT ( 'NONE',  ( -32.20379524934926962, 14.37620318947234210, 13.82499999999999929 ) ) ;
#2361 = CARTESIAN_POINT ( 'NONE',  ( 28.35000000000000142, 4.500000000000000000, 56.52499999999999858 ) ) ;
#2362 = ORIENTED_EDGE ( 'NONE', *, *, #1108, .T. ) ;
#2363 = CARTESIAN_POINT ( 'NONE',  ( -31.38036062478502686, 20.71311099420948665, 7.499999999999999112 ) ) ;
#2364 = VERTEX_POINT ( 'NONE', #4089 ) ;
#2365 = CARTESIAN_POINT ( 'NONE',  ( 0.000000000000000000, 0.000000000000000000, 55.00000000000000000 ) ) ;
#2366 = FACE_OUTER_BOUND ( 'NONE', #3299, .T. ) ;
#2367 = DIRECTION ( 'NONE',  ( 0.000000000000000000, -0.000000000000000000, 1.000000000000000000 ) ) ;
#2368 = CARTESIAN_POINT ( 'NONE',  ( 35.06132714734772549, -14.47599999999967935, 47.50000000000000000 ) ) ;
#2369 = EDGE_LOOP ( 'NONE', ( #3436, #4153, #771, #225 ) ) ;
#2370 = VECTOR ( 'NONE', #4570, 1000.000000000000000 ) ;
#2371 = CARTESIAN_POINT ( 'NONE',  ( -28.80260957880818395, -17.30289932518735085, 45.32419964877754381 ) ) ;
#2372 = ORIENTED_EDGE ( 'NONE', *, *, #3432, .F. ) ;
#2373 = CARTESIAN_POINT ( 'NONE',  ( -28.83351305295477118, 8.213703189472381538, 7.499999999999996447 ) ) ;
#2374 = ADVANCED_FACE ( 'NONE', ( #3821 ), #1542, .F. ) ;
#2375 = EDGE_CURVE ( 'NONE', #978, #2072, #1567, .T. ) ;
#2376 = VECTOR ( 'NONE', #1354, 1000.000000000000000 ) ;
#2377 = CARTESIAN_POINT ( 'NONE',  ( 23.74835486001137852, 29.16701310719676599, 43.79411399821719897 ) ) ;
#2378 = ORIENTED_EDGE ( 'NONE', *, *, #1626, .T. ) ;
#2379 = FACE_OUTER_BOUND ( 'NONE', #319, .T. ) ;
#2380 = ORIENTED_EDGE ( 'NONE', *, *, #2412, .T. ) ;
#2381 = EDGE_CURVE ( 'NONE', #3257, #1366, #897, .T. ) ;
#2382 = EDGE_CURVE ( 'NONE', #2926, #1582, #1298, .T. ) ;
#2383 = CARTESIAN_POINT ( 'NONE',  ( -33.41853049364087269, -17.23277656432945193, 46.12604566295485853 ) ) ;
#2384 = CARTESIAN_POINT ( 'NONE',  ( 29.95617823893268294, -15.21940748184266745, 46.11897510239059983 ) ) ;
#2385 = CARTESIAN_POINT ( 'NONE',  ( 26.27819900743881476, 20.93839193743020388, 7.500000000000000000 ) ) ;
#2386 = DIRECTION ( 'NONE',  ( -1.000000000000000000, 0.000000000000000000, -8.683899414665652514E-17 ) ) ;
#2387 = PLANE ( 'NONE',  #179 ) ;
#2388 = CIRCLE ( 'NONE', #3385, 33.60000000000000142 ) ;
#2389 = CARTESIAN_POINT ( 'NONE',  ( 27.00764282664245641, 11.37620318947276843, 1.175000000000000488 ) ) ;
#2390 = B_SPLINE_CURVE_WITH_KNOTS ( 'NONE', 3,
 ( #3248, #1399, #4246, #2411, #2886, #16, #3725, #4426, #2547, #1120, #3659, #3270, #2185, #2908, #4358, #680, #2595, #4381, #3338, #4066, #1026, #2525, #1493, #4404, #751, #1045, #4454, #2252, #4825, #2158, #3706, #1884, #312, #380 ),
 .UNSPECIFIED., .F., .F.,
 ( 4, 2, 2, 2, 2, 2, 2, 2, 2, 2, 2, 2, 2, 2, 2, 2, 4 ),
 ( 0.01251467306580838872, 0.01329665578425593374, 0.01407863850270347703, 0.01486062122115102205, 0.01564260393959856707, 0.01642458665804611209, 0.01720656937649365364, 0.01798855209494119867, 0.01877053481338874369, 0.01955251753183628871, 0.02033450025028383373, 0.02111648296873137876, 0.02189846568717892378, 0.02268044840562646880, 0.02346243112407401382, 0.02424441384252155537, 0.02502639656096910040 ),
 .UNSPECIFIED. ) ;
#2391 = EDGE_LOOP ( 'NONE', ( #3094, #4367, #4239, #1268 ) ) ;
#2392 = DIRECTION ( 'NONE',  ( 4.750401893240081194E-16, -8.227937435463117963E-16, -1.000000000000000000 ) ) ;
#2393 = ORIENTED_EDGE ( 'NONE', *, *, #1600, .T. ) ;
#2394 = DIRECTION ( 'NONE',  ( 9.244100167296546298E-33, -6.123233995736763571E-17, 1.000000000000000000 ) ) ;
#2395 = CARTESIAN_POINT ( 'NONE',  ( 32.05364585226710261, -19.65559379611523028, 45.47912417220246795 ) ) ;
#2396 = DIRECTION ( 'NONE',  ( -0.4999999999999999445, 0.000000000000000000, -0.8660254037844387076 ) ) ;
#2397 = DIRECTION ( 'NONE',  ( 1.000000000000000000, 0.000000000000000000, 0.000000000000000000 ) ) ;
#2398 = UNCERTAINTY_MEASURE_WITH_UNIT (LENGTH_MEASURE( 1.000000000000000082E-05 ), #112, 'distance_accuracy_value', 'NONE');
#2399 = ORIENTED_EDGE ( 'NONE', *, *, #1205, .T. ) ;
#2400 = DIRECTION ( 'NONE',  ( 0.000000000000000000, 0.000000000000000000, 1.000000000000000000 ) ) ;
#2401 = VERTEX_POINT ( 'NONE', #3901 ) ;
#2402 = DIRECTION ( 'NONE',  ( 0.000000000000000000, 1.000000000000000000, 0.000000000000000000 ) ) ;
#2403 = LINE ( 'NONE', #505, #1361 ) ;
#2404 = VERTEX_POINT ( 'NONE', #3170 ) ;
#2405 = DIRECTION ( 'NONE',  ( 0.000000000000000000, -1.000000000000000000, 0.000000000000000000 ) ) ;
#2406 = ORIENTED_EDGE ( 'NONE', *, *, #3788, .F. ) ;
#2407 = AXIS2_PLACEMENT_3D ( 'NONE', #1242, #2737, #2953 ) ;
#2408 = LINE ( 'NONE', #3878, #3356 ) ;
#2409 = CARTESIAN_POINT ( 'NONE',  ( 28.94953333539798024, 17.05594216891880421, 9.733121869807005666 ) ) ;
#2410 = CARTESIAN_POINT ( 'NONE',  ( -33.37667443488247443, 17.31382797318411093, 6.015067046167592579 ) ) ;
#2411 = CARTESIAN_POINT ( 'NONE',  ( -1.036941014697004171, -37.58658544409535551, 23.62779106851912658 ) ) ;
#2412 = EDGE_CURVE ( 'NONE', #4249, #1299, #954, .T. ) ;
#2413 = EDGE_CURVE ( 'NONE', #2247, #1465, #2838, .T. ) ;
#2414 = AXIS2_PLACEMENT_3D ( 'NONE', #733, #4486, #1794 ) ;
#2415 = CARTESIAN_POINT ( 'NONE',  ( -0.1485596129058788795, 37.60000000000000853, 5.252100000000001323 ) ) ;
#2416 = FACE_OUTER_BOUND ( 'NONE', #254, .T. ) ;
#2417 = EDGE_CURVE ( 'NONE', #556, #2962, #2455, .T. ) ;
#2418 = VERTEX_POINT ( 'NONE', #2429 ) ;
#2419 = CARTESIAN_POINT ( 'NONE',  ( -2.438966816667038628, 37.52144517013247338, 30.68115629635819985 ) ) ;
#2420 = VERTEX_POINT ( 'NONE', #189 ) ;
#2421 = DIRECTION ( 'NONE',  ( 0.000000000000000000, 0.000000000000000000, 1.000000000000000000 ) ) ;
#2422 = DIRECTION ( 'NONE',  ( -0.9002631138313800241, 0.000000000000000000, 0.4353462138053204034 ) ) ;
#2423 = CARTESIAN_POINT ( 'NONE',  ( 0.000000000000000000, 37.60000000000000142, 7.500000000000000000 ) ) ;
#2424 = CARTESIAN_POINT ( 'NONE',  ( 10.00000000000000000, 32.07740637894529812, 37.91730115643939314 ) ) ;
#2425 = EDGE_LOOP ( 'NONE', ( #1784, #4678, #3899, #74 ) ) ;
#2426 = CARTESIAN_POINT ( 'NONE',  ( -29.64463793849895268, -15.81677525786429683, 45.54810428320046611 ) ) ;
#2427 = ORIENTED_EDGE ( 'NONE', *, *, #4185, .T. ) ;
#2428 = DIRECTION ( 'NONE',  ( -0.4999999999999999445, 0.000000000000000000, -0.8660254037844387076 ) ) ;
#2429 = CARTESIAN_POINT ( 'NONE',  ( 33.46580344172242150, -3.000000000000000000, 52.35000000000000142 ) ) ;
#2430 = EDGE_LOOP ( 'NONE', ( #4600, #2995, #1904, #1274, #4427, #2839, #2662, #4126, #2561, #4345, #4826 ) ) ;
#2431 = CARTESIAN_POINT ( 'NONE',  ( -23.35590237401805069, -17.70120318947274640, 53.82500000000000284 ) ) ;
#2432 = ORIENTED_EDGE ( 'NONE', *, *, #997, .F. ) ;
#2433 = AXIS2_PLACEMENT_3D ( 'NONE', #3217, #1323, #4602 ) ;
#2434 = CARTESIAN_POINT ( 'NONE',  ( -27.90931039549287718, -18.70909920995752529, 47.64673003740166735 ) ) ;
#2435 = CARTESIAN_POINT ( 'NONE',  ( 29.38455029233740134, 16.29505580684834598, 9.676626300739634701 ) ) ;
#2436 = FACE_OUTER_BOUND ( 'NONE', #3287, .T. ) ;
#2437 = DIRECTION ( 'NONE',  ( 0.8660254037844432595, -0.4999999999999920064, 0.000000000000000000 ) ) ;
#2438 = CARTESIAN_POINT ( 'NONE',  ( 2.752883629486872027E-16, 37.60000000000000142, 9.747899999999999565 ) ) ;
#2439 = EDGE_CURVE ( 'NONE', #529, #3219, #2403, .T. ) ;
#2440 = CARTESIAN_POINT ( 'NONE',  ( -30.63039974883386662, -13.83621323311978024, 44.62238446088322519 ) ) ;
#2441 = VECTOR ( 'NONE', #1204, 1000.000000000000000 ) ;
#2442 = ORIENTED_EDGE ( 'NONE', *, *, #2640, .T. ) ;
#2443 = CARTESIAN_POINT ( 'NONE',  ( -27.29771202647690131, -19.60859769400297026, 50.37761553911678192 ) ) ;
#2444 = ORIENTED_EDGE ( 'NONE', *, *, #2108, .T. ) ;
#2445 = VECTOR ( 'NONE', #1133, 1000.000000000000000 ) ;
#2446 = DIRECTION ( 'NONE',  ( 0.000000000000000000, 0.000000000000000000, 1.000000000000000000 ) ) ;
#2447 = EDGE_CURVE ( 'NONE', #3529, #2702, #582, .T. ) ;
#2448 = DIRECTION ( 'NONE',  ( 0.000000000000000000, -1.000000000000000000, 0.000000000000000000 ) ) ;
#2449 = CARTESIAN_POINT ( 'NONE',  ( 3.183280598625333191, 37.46528919789624723, 29.93618326982435107 ) ) ;
#2450 = DIRECTION ( 'NONE',  ( 0.5000000000000000000, 0.000000000000000000, 0.8660254037844385966 ) ) ;
#2451 = ORIENTED_EDGE ( 'NONE', *, *, #749, .F. ) ;
#2452 = CARTESIAN_POINT ( 'NONE',  ( -29.45342113777516957, -16.17017506390453363, 45.36641808435344103 ) ) ;
#2453 = ORIENTED_EDGE ( 'NONE', *, *, #2991, .F. ) ;
#2454 = DIRECTION ( 'NONE',  ( -1.000000000000000000, -0.000000000000000000, -0.000000000000000000 ) ) ;
#2455 = LINE ( 'NONE', #4310, #4701 ) ;
#2456 = ORIENTED_EDGE ( 'NONE', *, *, #1600, .F. ) ;
#2457 = CARTESIAN_POINT ( 'NONE',  ( 29.64583559319821049, -15.81452757665701903, 49.45040315200982661 ) ) ;
#2458 = EDGE_LOOP ( 'NONE', ( #128, #4450, #1882, #1944 ) ) ;
#2459 = CARTESIAN_POINT ( 'NONE',  ( -27.94954016629142046, -18.64896871646412180, 48.08388163032533669 ) ) ;
#2460 = FACE_BOUND ( 'NONE', #2526, .T. ) ;
#2461 = PLANE ( 'NONE',  #734 ) ;
#2462 = DIRECTION ( 'NONE',  ( 1.000000000000000000, 0.000000000000000000, 0.000000000000000000 ) ) ;
#2463 = AXIS2_PLACEMENT_3D ( 'NONE', #222, #1028, #614 ) ;
#2464 = LINE ( 'NONE', #2093, #2629 ) ;
#2465 = CARTESIAN_POINT ( 'NONE',  ( -33.41972849247004262, -17.23045035123401902, 48.87047620595214426 ) ) ;
#2466 = ORIENTED_EDGE ( 'NONE', *, *, #4781, .F. ) ;
#2467 = CARTESIAN_POINT ( 'NONE',  ( -36.21602768572678599, -12.47600000000017495, 47.50000000000000000 ) ) ;
#2468 = CARTESIAN_POINT ( 'NONE',  ( 2.003410400961808779, 37.54722782312485663, 24.02789898763287368 ) ) ;
#2469 = ORIENTED_EDGE ( 'NONE', *, *, #328, .T. ) ;
#2470 = DIRECTION ( 'NONE',  ( -0.8660254037844363761, -0.5000000000000039968, 0.000000000000000000 ) ) ;
#2471 = EDGE_CURVE ( 'NONE', #1008, #3421, #4130, .T. ) ;
#2472 = ORIENTED_EDGE ( 'NONE', *, *, #720, .T. ) ;
#2473 = EDGE_CURVE ( 'NONE', #3547, #940, #4703, .T. ) ;
#2474 = DIRECTION ( 'NONE',  ( 0.8660254037844363761, 0.5000000000000039968, 0.000000000000000000 ) ) ;
#2475 = CARTESIAN_POINT ( 'NONE',  ( -28.07472310231841561, 18.46013804677252423, 8.628697338467889111 ) ) ;
#2476 = ORIENTED_EDGE ( 'NONE', *, *, #1074, .T. ) ;
#2477 = DIRECTION ( 'NONE',  ( 0.2500000000000025535, -0.4330127018922191318, -0.8660254037844380415 ) ) ;
#2478 = ORIENTED_EDGE ( 'NONE', *, *, #1172, .T. ) ;
#2479 = EDGE_CURVE ( 'NONE', #576, #529, #1349, .T. ) ;
#2480 = CARTESIAN_POINT ( 'NONE',  ( -32.48747638786111480, -18.93002571320326410, 45.25222188204081419 ) ) ;
#2481 = CARTESIAN_POINT ( 'NONE',  ( 27.91725520299507224, 18.69726430005444939, 7.792519828954706185 ) ) ;
#2482 = CARTESIAN_POINT ( 'NONE',  ( -32.26438841153022707, 19.30912888888539314, 5.311233864329138576 ) ) ;
#2483 = CARTESIAN_POINT ( 'NONE',  ( 25.58623030885027561, -21.81353191501584021, 45.41197243798060157 ) ) ;
#2484 = CARTESIAN_POINT ( 'NONE',  ( 27.10021823635408111, 19.86298496052348384, 13.82499999999999751 ) ) ;
#2485 = DIRECTION ( 'NONE',  ( 0.000000000000000000, 1.000000000000000000, 0.000000000000000000 ) ) ;
#2486 = AXIS2_PLACEMENT_3D ( 'NONE', #982, #171, #2462 ) ;
#2487 = CARTESIAN_POINT ( 'NONE',  ( -30.15071984142709738, 14.82885439737572852, 7.204241617270243481 ) ) ;
#2488 = LINE ( 'NONE', #1011, #4049 ) ;
#2489 = ORIENTED_EDGE ( 'NONE', *, *, #3766, .T. ) ;
#2490 = PLANE ( 'NONE',  #2745 ) ;
#2491 = VERTEX_POINT ( 'NONE', #3577 ) ;
#2492 = CARTESIAN_POINT ( 'NONE',  ( -3.651740452624386624, 29.07740637894529456, 13.82499999999999929 ) ) ;
#2493 = EDGE_CURVE ( 'NONE', #1069, #1221, #4693, .T. ) ;
#2494 = ADVANCED_FACE ( 'NONE', ( #2814 ), #2034, .T. ) ;
#2495 = CARTESIAN_POINT ( 'NONE',  ( -30.73841700679017563, -21.96350000000012770, 53.82500000000000284 ) ) ;
#2496 =( BOUNDED_CURVE ( )  B_SPLINE_CURVE ( 3, ( #3013, #2242, #3717, #29 ),
 .UNSPECIFIED., .F., .T. ) 
 B_SPLINE_CURVE_WITH_KNOTS ( ( 4, 4 ),
 ( 4.493274354691378925, 4.603491124453207739 ),
 .UNSPECIFIED. ) 
 CURVE ( )  GEOMETRIC_REPRESENTATION_ITEM ( )  RATIONAL_B_SPLINE_CURVE ( ( 1.000000000000000000, 0.9989879448062453093, 0.9989879448062453093, 1.000000000000000000 ) ) 
 REPRESENTATION_ITEM ( '' )  );
#2497 = EDGE_LOOP ( 'NONE', ( #4597, #4359, #1931, #1519 ) ) ;
#2498 = CARTESIAN_POINT ( 'NONE',  ( 29.75976841098369619, -15.59907159469433680, 49.28765482526853248 ) ) ;
#2499 = EDGE_LOOP ( 'NONE', ( #2784, #3694, #430, #2273 ) ) ;
#2500 = EDGE_CURVE ( 'NONE', #4706, #4802, #3847, .T. ) ;
#2501 = CARTESIAN_POINT ( 'NONE',  ( 2.497039914245130277, 35.07740637894529812, 11.82499999999999929 ) ) ;
#2502 = PLANE ( 'NONE',  #4227 ) ;
#2503 = VECTOR ( 'NONE', #2765, 1000.000000000000000 ) ;
#2504 = DIRECTION ( 'NONE',  ( 1.000000000000000000, 0.000000000000000000, -0.000000000000000000 ) ) ;
#2505 = DIRECTION ( 'NONE',  ( -0.5000000000000047740, 0.8660254037844359321, 0.000000000000000000 ) ) ;
#2506 = CARTESIAN_POINT ( 'NONE',  ( -32.85439034848793938, -18.28721555751057792, 49.68876613567086054 ) ) ;
#2507 = B_SPLINE_CURVE_WITH_KNOTS ( 'NONE', 3,
 ( #2285, #3755, #1648, #3131, #488, #855, #3033, #2357, #4192, #2719, #4146, #3781, #2772, #45, #1280, #781 ),
 .UNSPECIFIED., .F., .F.,
 ( 4, 2, 2, 2, 2, 2, 2, 4 ),
 ( 0.000000000000000000, 0.0003928151543948485490, 0.0007856303087896970979, 0.001178445463184545593, 0.001571260617579394196, 0.001964075771974242799, 0.002356890926369091185, 0.003142521235158806606 ),
 .UNSPECIFIED. ) ;
#2508 = CARTESIAN_POINT ( 'NONE',  ( 30.75195868897849749, 13.53798496052348632, 1.175000000000002931 ) ) ;
#2509 = CARTESIAN_POINT ( 'NONE',  ( -28.79989349418158895, 17.30893874055425030, 5.311242826890061330 ) ) ;
#2510 = DIRECTION ( 'NONE',  ( 0.2499999999999955314, 0.4330127018922208526, 0.8660254037844391517 ) ) ;
#2511 = VECTOR ( 'NONE', #258, 1000.000000000000000 ) ;
#2512 = VERTEX_POINT ( 'NONE', #3148 ) ;
#2513 = AXIS2_PLACEMENT_3D ( 'NONE', #4492, #4127, #1184 ) ;
#2514 = DIRECTION ( 'NONE',  ( 0.000000000000000000, 1.000000000000000000, 0.000000000000000000 ) ) ;
#2515 = ORIENTED_EDGE ( 'NONE', *, *, #4629, .F. ) ;
#2516 = CARTESIAN_POINT ( 'NONE',  ( 30.26650737441269712, -14.59104284671327179, 43.17499999999999005 ) ) ;
#2517 = VECTOR ( 'NONE', #3938, 1000.000000000000114 ) ;
#2518 = DIRECTION ( 'NONE',  ( 0.000000000000000000, -0.5547001962252284812, 0.8320502943378441651 ) ) ;
#2519 = ORIENTED_EDGE ( 'NONE', *, *, #3709, .F. ) ;
#2520 = CYLINDRICAL_SURFACE ( 'NONE', #3617, 2.247900000000001786 ) ;
#2521 = ORIENTED_EDGE ( 'NONE', *, *, #2527, .T. ) ;
#2522 = ADVANCED_FACE ( 'NONE', ( #625 ), #2565, .F. ) ;
#2523 = CARTESIAN_POINT ( 'NONE',  ( 32.63579791368579208, 18.67315426197277262, 9.748020382488801872 ) ) ;
#2524 = CARTESIAN_POINT ( 'NONE',  ( -4.994079828490264106, 29.07740637894529456, 7.500000000000000000 ) ) ;
#2525 = CARTESIAN_POINT ( 'NONE',  ( -3.595834760650029605, -37.42779875765490516, 29.27164224747376053 ) ) ;
#2526 = EDGE_LOOP ( 'NONE', ( #2206, #2666, #4225, #1815, #1423, #3848 ) ) ;
#2527 = EDGE_CURVE ( 'NONE', #1878, #706, #2923, .T. ) ;
#2528 = CARTESIAN_POINT ( 'NONE',  ( 0.000000000000000000, 32.07740637894529812, 11.82500000000000284 ) ) ;
#2529 = EDGE_CURVE ( 'NONE', #2491, #4382, #1078, .T. ) ;
#2530 = DIRECTION ( 'NONE',  ( 0.4999999999999997224, 0.000000000000000000, -0.8660254037844388186 ) ) ;
#2531 = AXIS2_PLACEMENT_3D ( 'NONE', #3731, #4021, #1425 ) ;
#2532 = CARTESIAN_POINT ( 'NONE',  ( 30.06724731885755375, -23.12599999999971701, 47.50000000000000000 ) ) ;
#2533 = ORIENTED_EDGE ( 'NONE', *, *, #413, .T. ) ;
#2534 = CARTESIAN_POINT ( 'NONE',  ( -29.45361190561121134, 16.16982631635108092, 5.366563507905431685 ) ) ;
#2535 = CARTESIAN_POINT ( 'NONE',  ( -27.67881251457553660, 10.21370318947239397, 7.500000000000000000 ) ) ;
#2536 = VERTEX_POINT ( 'NONE', #4011 ) ;
#2537 = DIRECTION ( 'NONE',  ( 1.000000000000000000, -0.000000000000000000, -0.000000000000000000 ) ) ;
#2538 = ORIENTED_EDGE ( 'NONE', *, *, #3378, .T. ) ;
#2539 = CARTESIAN_POINT ( 'NONE',  ( 4.994079828490260553, 35.07740637894529812, 7.500000000000000000 ) ) ;
#2540 = VECTOR ( 'NONE', #4512, 1000.000000000000000 ) ;
#2541 = CARTESIAN_POINT ( 'NONE',  ( 33.81280719022517900, -16.63849999999969853, 51.82499999999999574 ) ) ;
#2542 = EDGE_LOOP ( 'NONE', ( #4514, #3602, #2715, #1444 ) ) ;
#2543 = CYLINDRICAL_SURFACE ( 'NONE', #1371, 3.999999999999996447 ) ;
#2544 = EDGE_LOOP ( 'NONE', ( #3915, #2660 ) ) ;
#2545 = FACE_OUTER_BOUND ( 'NONE', #3795, .T. ) ;
#2546 = CARTESIAN_POINT ( 'NONE',  ( -0.2946298061826067571, -37.59912021652425551, 9.733317848291266117 ) ) ;
#2547 = CARTESIAN_POINT ( 'NONE',  ( -2.642014851200704673, -37.50751903924885511, 24.48541348646514137 ) ) ;
#2548 = ORIENTED_EDGE ( 'NONE', *, *, #1144, .F. ) ;
#2549 = LINE ( 'NONE', #3610, #2297 ) ;
#2550 = ADVANCED_FACE ( 'NONE', ( #3650 ), #259, .F. ) ;
#2551 = CARTESIAN_POINT ( 'NONE',  ( 37.59999999999999432, -3.000000000000000000, 87.79999999999998295 ) ) ;
#2552 = EDGE_CURVE ( 'NONE', #1592, #4497, #3601, .T. ) ;
#2553 = CARTESIAN_POINT ( 'NONE',  ( 33.62173287529141419, 16.83270320619726590, 7.205370198459491782 ) ) ;
#2554 = AXIS2_PLACEMENT_3D ( 'NONE', #4537, #834, #1602 ) ;
#2555 = ORIENTED_EDGE ( 'NONE', *, *, #3683, .T. ) ;
#2556 = LINE ( 'NONE', #2984, #867 ) ;
#2557 = CARTESIAN_POINT ( 'NONE',  ( -2.497039914245133829, -32.07740637894529812, 11.82499999999999929 ) ) ;
#2558 = EDGE_CURVE ( 'NONE', #3718, #4055, #4725, .T. ) ;
#2559 = ORIENTED_EDGE ( 'NONE', *, *, #2734, .F. ) ;
#2560 = CARTESIAN_POINT ( 'NONE',  ( 26.27819900743881476, 20.93839193743020388, 7.500000000000000000 ) ) ;
#2561 = ORIENTED_EDGE ( 'NONE', *, *, #991, .F. ) ;
#2562 = CARTESIAN_POINT ( 'NONE',  ( -30.63039974883406558, 13.83621323311935036, 10.37761553911676060 ) ) ;
#2563 = AXIS2_PLACEMENT_3D ( 'NONE', #1526, #2599, #1052 ) ;
#2564 = CARTESIAN_POINT ( 'NONE',  ( 28.91254678047831916, -25.12599999999972411, 47.50000000000000000 ) ) ;
#2565 = PLANE ( 'NONE',  #377 ) ;
#2566 = VERTEX_POINT ( 'NONE', #2879 ) ;
#2567 = CARTESIAN_POINT ( 'NONE',  ( 29.95123894354713556, 15.22793359985243278, 6.129505304896980533 ) ) ;
#2568 = ORIENTED_EDGE ( 'NONE', *, *, #4473, .F. ) ;
#2569 = CARTESIAN_POINT ( 'NONE',  ( 31.38036062478473909, 20.71311099420992363, 7.500000000000000000 ) ) ;
#2570 = LINE ( 'NONE', #2950, #489 ) ;
#2571 = DIRECTION ( 'NONE',  ( -0.000000000000000000, -0.000000000000000000, -1.000000000000000000 ) ) ;
#2572 = ORIENTED_EDGE ( 'NONE', *, *, #4715, .T. ) ;
#2573 = FACE_OUTER_BOUND ( 'NONE', #3041, .T. ) ;
#2574 = AXIS2_PLACEMENT_3D ( 'NONE', #651, #699, #2151 ) ;
#2575 = CARTESIAN_POINT ( 'NONE',  ( 32.85439034848793938, 18.28721555751058858, 5.311233864329139465 ) ) ;
#2576 = CARTESIAN_POINT ( 'NONE',  ( 37.43727926615315482, -3.495531189724248033, 55.67576465587231382 ) ) ;
#2577 = EDGE_CURVE ( 'NONE', #3165, #401, #3332, .T. ) ;
#2578 = PLANE ( 'NONE',  #2052 ) ;
#2579 = DIRECTION ( 'NONE',  ( 0.8660254037844385966, 0.000000000000000000, -0.5000000000000003331 ) ) ;
#2580 = ORIENTED_EDGE ( 'NONE', *, *, #519, .T. ) ;
#2581 = DIRECTION ( 'NONE',  ( 0.000000000000000000, 0.5547001962252259277, 0.8320502943378457195 ) ) ;
#2582 = ORIENTED_EDGE ( 'NONE', *, *, #1046, .F. ) ;
#2583 = CARTESIAN_POINT ( 'NONE',  ( 32.05445819230552473, 10.07331673272203609, 7.500000000000000000 ) ) ;
#2584 = ADVANCED_FACE ( 'NONE', ( #673 ), #4351, .F. ) ;
#2585 = CIRCLE ( 'NONE', #4432, 33.60000000000000142 ) ;
#2586 = CARTESIAN_POINT ( 'NONE',  ( 33.42466200573110058, -17.22193166325927649, 46.11898083204301457 ) ) ;
#2587 = DIRECTION ( 'NONE',  ( 0.8660254037844363761, 0.5000000000000039968, 0.000000000000000000 ) ) ;
#2588 = ORIENTED_EDGE ( 'NONE', *, *, #3054, .F. ) ;
#2589 = FACE_OUTER_BOUND ( 'NONE', #3927, .T. ) ;
#2590 = VECTOR ( 'NONE', #56, 1000.000000000000000 ) ;
#2591 = EDGE_LOOP ( 'NONE', ( #1416, #3707, #3574, #3578, #82, #3119 ) ) ;
#2592 = VECTOR ( 'NONE', #3005, 1000.000000000000114 ) ;
#2593 = VECTOR ( 'NONE', #523, 999.9999999999998863 ) ;
#2594 = DIRECTION ( 'NONE',  ( 0.000000000000000000, -1.000000000000000000, 0.000000000000000000 ) ) ;
#2595 = CARTESIAN_POINT ( 'NONE',  ( -3.999799434638938500, -37.38665008425987679, 27.23267144990572675 ) ) ;
#2596 = ORIENTED_EDGE ( 'NONE', *, *, #4202, .F. ) ;
#2597 = FACE_OUTER_BOUND ( 'NONE', #2708, .T. ) ;
#2598 = PLANE ( 'NONE',  #4378 ) ;
#2599 = DIRECTION ( 'NONE',  ( -4.341949707332756615E-17, -7.520477497009312185E-17, -1.000000000000000000 ) ) ;
#2600 = CARTESIAN_POINT ( 'NONE',  ( 31.50552370736222585, -20.52230908866741643, 48.49701910616639111 ) ) ;
#2601 = DIRECTION ( 'NONE',  ( 0.000000000000000000, 0.000000000000000000, 1.000000000000000000 ) ) ;
#2602 = AXIS2_PLACEMENT_3D ( 'NONE', #2231, #4065, #1490 ) ;
#2603 = CARTESIAN_POINT ( 'NONE',  ( 1.774570818461640886, -37.55888240233296216, 31.09438983013169988 ) ) ;
#2604 = ORIENTED_EDGE ( 'NONE', *, *, #2317, .T. ) ;
#2605 = CYLINDRICAL_SURFACE ( 'NONE', #4210, 3.999999999999996447 ) ;
#2606 = VERTEX_POINT ( 'NONE', #3989 ) ;
#2607 = CARTESIAN_POINT ( 'NONE',  ( 31.62644498015944450, 15.37620318947279330, 11.82499999999999929 ) ) ;
#2608 = CARTESIAN_POINT ( 'NONE',  ( -34.02966547566142452, 11.21370318947233180, 7.499999999999996447 ) ) ;
#2609 = ADVANCED_FACE ( 'NONE', ( #1437 ), #2178, .F. ) ;
#2610 = LINE ( 'NONE', #4083, #3966 ) ;
#2611 = EDGE_CURVE ( 'NONE', #914, #4249, #4034, .T. ) ;
#2612 = VERTEX_POINT ( 'NONE', #2945 ) ;
#2613 = CARTESIAN_POINT ( 'NONE',  ( 44.48246060384926892, 25.68196060384957491, 7.500000000000000000 ) ) ;
#2614 = ORIENTED_EDGE ( 'NONE', *, *, #728, .F. ) ;
#2615 = VECTOR ( 'NONE', #2405, 1000.000000000000000 ) ;
#2616 = VECTOR ( 'NONE', #4485, 999.9999999999998863 ) ;
#2617 = LINE ( 'NONE', #727, #1979 ) ;
#2618 = EDGE_CURVE ( 'NONE', #2919, #576, #3626, .T. ) ;
#2619 = DIRECTION ( 'NONE',  ( 0.000000000000000000, 1.000000000000000000, 0.000000000000000000 ) ) ;
#2620 = ORIENTED_EDGE ( 'NONE', *, *, #4242, .F. ) ;
#2621 = DIRECTION ( 'NONE',  ( 0.000000000000000000, 0.000000000000000000, 1.000000000000000000 ) ) ;
#2622 = CARTESIAN_POINT ( 'NONE',  ( -0.5264266440645435363, 37.59718986320103795, 23.52617595944780859 ) ) ;
#2623 = DIRECTION ( 'NONE',  ( -0.4999999999999919509, -0.8660254037844432595, 0.000000000000000000 ) ) ;
#2624 = FACE_OUTER_BOUND ( 'NONE', #295, .T. ) ;
#2625 = CARTESIAN_POINT ( 'NONE',  ( 1.789100836438688447, -37.55749939800803361, 8.868837289171953131 ) ) ;
#2626 = CARTESIAN_POINT ( 'NONE',  ( 2.132407623478524084, 37.53952630013974812, 8.226329791817976300 ) ) ;
#2627 = CARTESIAN_POINT ( 'NONE',  ( 3.871807821780468117, -37.40015702574368817, 26.46194677661312511 ) ) ;
#2628 = ORIENTED_EDGE ( 'NONE', *, *, #3757, .F. ) ;
#2629 = VECTOR ( 'NONE', #1746, 1000.000000000000000 ) ;
#2630 = DIRECTION ( 'NONE',  ( 0.000000000000000000, 1.000000000000000000, 0.000000000000000000 ) ) ;
#2631 = ORIENTED_EDGE ( 'NONE', *, *, #1990, .F. ) ;
#2632 = DIRECTION ( 'NONE',  ( 1.000000000000000000, -0.000000000000000000, -0.000000000000000000 ) ) ;
#2633 = PLANE ( 'NONE',  #4439 ) ;
#2634 = CARTESIAN_POINT ( 'NONE',  ( -27.76946746016759349, 18.91604284671329594, 11.82499999999999929 ) ) ;
#2635 = ORIENTED_EDGE ( 'NONE', *, *, #4741, .T. ) ;
#2636 = CARTESIAN_POINT ( 'NONE',  ( 31.68418793909167519, -11.25155947703518322, 45.41197243798061578 ) ) ;
#2637 = VECTOR ( 'NONE', #2822, 1000.000000000000227 ) ;
#2638 = EDGE_LOOP ( 'NONE', ( #700, #1795, #686, #3413 ) ) ;
#2639 = ADVANCED_FACE ( 'NONE', ( #998 ), #4420, .T. ) ;
#2640 = EDGE_CURVE ( 'NONE', #669, #3145, #4397, .T. ) ;
#2641 = CARTESIAN_POINT ( 'NONE',  ( -29.58495307683689646, 15.92824665738686996, 9.519479280997554582 ) ) ;
#2642 = SURFACE_SIDE_STYLE ('',( #4140 ) ) ;
#2643 = EDGE_LOOP ( 'NONE', ( #740, #4392, #1829, #3209 ) ) ;
#2644 = LINE ( 'NONE', #1070, #2167 ) ;
#2645 = EDGE_CURVE ( 'NONE', #4649, #1505, #283, .T. ) ;
#2646 = CARTESIAN_POINT ( 'NONE',  ( -30.15077314543532339, -14.82874567726030257, 47.79464598795050989 ) ) ;
#2647 = CARTESIAN_POINT ( 'NONE',  ( 28.32786547345413908, -18.06938930512627195, 45.80575347895585026 ) ) ;
#2648 = CARTESIAN_POINT ( 'NONE',  ( -31.68418793909152242, -11.25155947703563797, 45.41197243798060867 ) ) ;
#2649 = CARTESIAN_POINT ( 'NONE',  ( -34.39015745941458135, -15.63850000000015861, 53.82499999999999574 ) ) ;
#2650 = CARTESIAN_POINT ( 'NONE',  ( -2.009199619610436483E-16, -37.60000000000000142, 9.747899999999999565 ) ) ;
#2651 = DIRECTION ( 'NONE',  ( 1.187600473310006247E-16, 0.000000000000000000, 1.000000000000000000 ) ) ;
#2652 = CARTESIAN_POINT ( 'NONE',  ( 37.60000000000000142, -3.000000000000000000, 52.35000000000000142 ) ) ;
#2653 = ORIENTED_EDGE ( 'NONE', *, *, #2880, .F. ) ;
#2654 = DIRECTION ( 'NONE',  ( 0.000000000000000000, -0.000000000000000000, 1.000000000000000000 ) ) ;
#2655 = VERTEX_POINT ( 'NONE', #3284 ) ;
#2656 = DIRECTION ( 'NONE',  ( 0.000000000000000000, 1.000000000000000000, 1.032573497605242224E-16 ) ) ;
#2657 = FACE_OUTER_BOUND ( 'NONE', #136, .T. ) ;
#2658 = CARTESIAN_POINT ( 'NONE',  ( 31.62696132548777683, 20.33564057824188254, 8.881019167956985427 ) ) ;
#2659 = LINE ( 'NONE', #4181, #454 ) ;
#2660 = ORIENTED_EDGE ( 'NONE', *, *, #3614, .F. ) ;
#2661 = DIRECTION ( 'NONE',  ( 0.000000000000000000, 0.000000000000000000, 1.000000000000000000 ) ) ;
#2662 = ORIENTED_EDGE ( 'NONE', *, *, #2878, .F. ) ;
#2663 = VECTOR ( 'NONE', #4304, 1000.000000000000227 ) ;
#2664 = CARTESIAN_POINT ( 'NONE',  ( -2.020822982524632216, -37.54569822430198656, 6.504498264832837329 ) ) ;
#2665 = CARTESIAN_POINT ( 'NONE',  ( -7.303480905248769695, -29.07740637894529456, 7.500000000000000000 ) ) ;
#2666 = ORIENTED_EDGE ( 'NONE', *, *, #3084, .F. ) ;
#2667 = VECTOR ( 'NONE', #127, 1000.000000000000000 ) ;
#2668 = FACE_OUTER_BOUND ( 'NONE', #4012, .T. ) ;
#2669 = CARTESIAN_POINT ( 'NONE',  ( 29.24564587146100791, -16.54306021169956153, 45.26687813019299256 ) ) ;
#2670 = LINE ( 'NONE', #23, #2616 ) ;
#2671 = FACE_BOUND ( 'NONE', #838, .T. ) ;
#2672 = EDGE_CURVE ( 'NONE', #324, #2106, #2900, .T. ) ;
#2673 = EDGE_CURVE ( 'NONE', #2894, #529, #3305, .T. ) ;
#2674 = CARTESIAN_POINT ( 'NONE',  ( 2.019494102910825095, -37.54576994389464062, 6.501821254754403867 ) ) ;
#2675 = DIRECTION ( 'NONE',  ( 0.000000000000000000, 0.000000000000000000, 1.000000000000000000 ) ) ;
#2676 =( BOUNDED_CURVE ( )  B_SPLINE_CURVE ( 3, ( #770, #1977, #822, #375 ),
 .UNSPECIFIED., .F., .F. ) 
 B_SPLINE_CURVE_WITH_KNOTS ( ( 4, 4 ),
 ( 4.786774223152334251, 4.861575086394593015 ),
 .UNSPECIFIED. ) 
 CURVE ( )  GEOMETRIC_REPRESENTATION_ITEM ( )  RATIONAL_B_SPLINE_CURVE ( ( 1.000000000000000000, 0.9995337902528685925, 0.9995337902528685925, 1.000000000000000000 ) ) 
 REPRESENTATION_ITEM ( '' )  );
#2677 = ORIENTED_EDGE ( 'NONE', *, *, #4271, .F. ) ;
#2678 = LINE ( 'NONE', #1873, #4522 ) ;
#2679 = ORIENTED_EDGE ( 'NONE', *, *, #4081, .T. ) ;
#2680 = CARTESIAN_POINT ( 'NONE',  ( 34.59999999999999432, -3.000000000000000000, 82.90000000000000568 ) ) ;
#2681 = CARTESIAN_POINT ( 'NONE',  ( 32.63762135585731272, -18.66996700013304533, 45.25222188204081419 ) ) ;
#2682 = FACE_OUTER_BOUND ( 'NONE', #3327, .T. ) ;
#2683 = PLANE ( 'NONE',  #4668 ) ;
#2684 = ORIENTED_EDGE ( 'NONE', *, *, #1667, .T. ) ;
#2685 = AXIS2_PLACEMENT_3D ( 'NONE', #3957, #983, #4756 ) ;
#2686 = CARTESIAN_POINT ( 'NONE',  ( 29.24551159449254101, 16.54527395068079798, 5.252205186387562286 ) ) ;
#2687 = VERTEX_POINT ( 'NONE', #3699 ) ;
#2688 = CARTESIAN_POINT ( 'NONE',  ( -0.7247851840124702738, -37.59326035367029561, 9.632944766983449369 ) ) ;
#2689 = FACE_OUTER_BOUND ( 'NONE', #826, .T. ) ;
#2690 = VERTEX_POINT ( 'NONE', #3045 ) ;
#2691 = CARTESIAN_POINT ( 'NONE',  ( -2.497039914245137382, 32.07740637894529812, 3.175000000000000266 ) ) ;
#2692 = CARTESIAN_POINT ( 'NONE',  ( 29.17352442386086153, -16.66995728711980718, 45.25222088546462373 ) ) ;
#2693 = PLANE ( 'NONE',  #2853 ) ;
#2694 = DIRECTION ( 'NONE',  ( 0.000000000000000000, 1.000000000000000000, 0.000000000000000000 ) ) ;
#2695 = CARTESIAN_POINT ( 'NONE',  ( 33.62826062478499267, -16.81963398387539144, 47.64672609192888331 ) ) ;
#2696 = EDGE_CURVE ( 'NONE', #2512, #2901, #2994, .T. ) ;
#2697 = EDGE_CURVE ( 'NONE', #2087, #1299, #2610, .T. ) ;
#2698 = CARTESIAN_POINT ( 'NONE',  ( 33.46580344172242150, -3.000000000000000000, 55.00000000000000000 ) ) ;
#2699 = CARTESIAN_POINT ( 'NONE',  ( 0.000000000000000000, 0.000000000000000000, 0.000000000000000000 ) ) ;
#2700 = ORIENTED_EDGE ( 'NONE', *, *, #3228, .T. ) ;
#2701 = CARTESIAN_POINT ( 'NONE',  ( 31.31576727598010024, -20.96349999999969427, 43.17499999999999005 ) ) ;
#2702 = VERTEX_POINT ( 'NONE', #1213 ) ;
#2703 = DIRECTION ( 'NONE',  ( 0.000000000000000000, 1.000000000000000000, 0.000000000000000000 ) ) ;
#2704 = EDGE_CURVE ( 'NONE', #1777, #3850, #932, .T. ) ;
#2705 = LINE ( 'NONE', #841, #394 ) ;
#2706 = CARTESIAN_POINT ( 'NONE',  ( -34.39015745941456714, -15.63850000000017992, 41.17499999999999005 ) ) ;
#2707 = FACE_OUTER_BOUND ( 'NONE', #3409, .T. ) ;
#2708 = EDGE_LOOP ( 'NONE', ( #928, #1910, #4207, #942 ) ) ;
#2709 = CARTESIAN_POINT ( 'NONE',  ( 3.651740452624383071, 29.07740637894529456, 1.174999999999999600 ) ) ;
#2710 = VECTOR ( 'NONE', #4616, 1000.000000000000000 ) ;
#2711 = VERTEX_POINT ( 'NONE', #35 ) ;
#2712 = VECTOR ( 'NONE', #1356, 1000.000000000000000 ) ;
#2713 = CARTESIAN_POINT ( 'NONE',  ( -0.7239970528288399709, -37.59327583364949277, 5.366782962909717902 ) ) ;
#2714 = DIRECTION ( 'NONE',  ( -0.000000000000000000, -0.000000000000000000, -1.000000000000000000 ) ) ;
#2715 = ORIENTED_EDGE ( 'NONE', *, *, #4302, .F. ) ;
#2716 = CARTESIAN_POINT ( 'NONE',  ( -2.007149152052403629, 37.54701595129749592, 24.03024275563111090 ) ) ;
#2717 = CARTESIAN_POINT ( 'NONE',  ( 28.95109433465350079, -17.05329224687131884, 45.26647607437173093 ) ) ;
#2718 = CARTESIAN_POINT ( 'NONE',  ( 33.22589351695452109, -5.000000000000000888, 55.00000000000000000 ) ) ;
#2719 = CARTESIAN_POINT ( 'NONE',  ( 37.26640832796683611, 4.998356204805009639, 55.67254877325706985 ) ) ;
#2720 = CARTESIAN_POINT ( 'NONE',  ( -2.497039914245133829, -35.07740637894529812, 11.82499999999999929 ) ) ;
#2721 = CARTESIAN_POINT ( 'NONE',  ( 27.67881251457540159, 10.21370318947277767, 7.500000000000000000 ) ) ;
#2722 = VERTEX_POINT ( 'NONE', #3381 ) ;
#2723 = CARTESIAN_POINT ( 'NONE',  ( -0.2644906538866570456, 37.60000000000000853, 31.50000000000000000 ) ) ;
#2724 = ADVANCED_FACE ( 'NONE', ( #4545, #4523 ), #1189, .T. ) ;
#2725 = ORIENTED_EDGE ( 'NONE', *, *, #2872, .F. ) ;
#2726 = EDGE_CURVE ( 'NONE', #3716, #1141, #1536, .T. ) ;
#2727 = CARTESIAN_POINT ( 'NONE',  ( 2.497039914245130277, 32.07740637894529812, 3.175000000000000711 ) ) ;
#2728 = LINE ( 'NONE', #525, #4364 ) ;
#2729 = CIRCLE ( 'NONE', #3341, 37.60000000000000142 ) ;
#2730 = PLANE ( 'NONE',  #13 ) ;
#2731 = DIRECTION ( 'NONE',  ( 0.000000000000000000, 0.5547001962252252616, 0.8320502943378462746 ) ) ;
#2732 = ORIENTED_EDGE ( 'NONE', *, *, #1446, .T. ) ;
#2733 = CARTESIAN_POINT ( 'NONE',  ( 29.90808620578898314, 15.31264690633817693, 6.013852964218210140 ) ) ;
#2734 = EDGE_CURVE ( 'NONE', #1141, #4526, #4822, .T. ) ;
#2735 = ORIENTED_EDGE ( 'NONE', *, *, #1537, .F. ) ;
#2736 = ADVANCED_FACE ( 'NONE', ( #2707 ), #4108, .T. ) ;
#2737 = DIRECTION ( 'NONE',  ( -4.750401893240081194E-16, 8.227937435463117963E-16, 1.000000000000000000 ) ) ;
#2738 = ORIENTED_EDGE ( 'NONE', *, *, #3683, .F. ) ;
#2739 = B_SPLINE_CURVE_WITH_KNOTS ( 'NONE', 3,
 ( #4013, #1064, #675, #2180, #308, #4771, #1439, #2567, #2733, #1539, #1929, #1563, #2686, #795, #3816, #845, #3093, #2346, #3454, #1215, #1588, #4183, #1515, #3071, #1240, #3022, #106, #4547, #11, #3771 ),
 .UNSPECIFIED., .F., .F.,
 ( 4, 2, 2, 2, 2, 2, 2, 2, 2, 2, 2, 2, 2, 2, 4 ),
 ( 8.673617379884035472E-19, 0.0004393701719707655525, 0.0008787403439415302376, 0.001318110515912294814, 0.001757480687883059608, 0.002636221031824595700, 0.003514961375766131359, 0.003954331547736903742, 0.004393701719707676125, 0.004833071891678448508, 0.005272442063649221758, 0.005711812235619994141, 0.006151182407590766524, 0.006590552579561538907, 0.007029922751532310422 ),
 .UNSPECIFIED. ) ;
#2740 = ORIENTED_EDGE ( 'NONE', *, *, #880, .T. ) ;
#2741 = DIRECTION ( 'NONE',  ( -0.8660254037844432595, 0.4999999999999919509, 0.000000000000000000 ) ) ;
#2742 = AXIS2_PLACEMENT_3D ( 'NONE', #2992, #4079, #77 ) ;
#2743 = CARTESIAN_POINT ( 'NONE',  ( 2.497039914245130277, 35.07740637894529812, 3.175000000000000711 ) ) ;
#2744 = FACE_OUTER_BOUND ( 'NONE', #4188, .T. ) ;
#2745 = AXIS2_PLACEMENT_3D ( 'NONE', #3646, #301, #2581 ) ;
#2746 = FACE_BOUND ( 'NONE', #2266, .T. ) ;
#2747 = CARTESIAN_POINT ( 'NONE',  ( -1.484933346345215677, 37.57081312653774319, 9.194122014647918562 ) ) ;
#2748 = VECTOR ( 'NONE', #3673, 1000.000000000000114 ) ;
#2749 = CARTESIAN_POINT ( 'NONE',  ( 0.000000000000000000, 0.000000000000000000, 41.17499999999999005 ) ) ;
#2750 = DIRECTION ( 'NONE',  ( -0.2499999999999954758, -0.4330127018922207416, -0.8660254037844392627 ) ) ;
#2751 = EDGE_LOOP ( 'NONE', ( #598, #2469, #3472, #2329 ) ) ;
#2752 = ORIENTED_EDGE ( 'NONE', *, *, #4328, .T. ) ;
#2753 = LINE ( 'NONE', #1287, #457 ) ;
#2754 = LINE ( 'NONE', #4155, #1497 ) ;
#2755 = CARTESIAN_POINT ( 'NONE',  ( 28.35000000000000142, -3.000000000000000000, 85.40000000000000568 ) ) ;
#2756 = CARTESIAN_POINT ( 'NONE',  ( 30.96581327572830489, 13.06830492368650631, 8.935276439903358181 ) ) ;
#2757 = ORIENTED_EDGE ( 'NONE', *, *, #946, .T. ) ;
#2758 = VECTOR ( 'NONE', #4595, 1000.000000000000000 ) ;
#2759 = CARTESIAN_POINT ( 'NONE',  ( 0.000000000000000000, 32.07740637894529101, 27.50000000000000355 ) ) ;
#2760 = ORIENTED_EDGE ( 'NONE', *, *, #31, .F. ) ;
#2761 = CARTESIAN_POINT ( 'NONE',  ( 0.000000000000000000, 32.07740637894529101, 31.50000000000000000 ) ) ;
#2762 = ADVANCED_FACE ( 'NONE', ( #445 ), #3020, .F. ) ;
#2763 = ADVANCED_FACE ( 'NONE', ( #3404 ), #2683, .F. ) ;
#2764 = AXIS2_PLACEMENT_3D ( 'NONE', #4777, #1067, #4799 ) ;
#2765 = DIRECTION ( 'NONE',  ( -0.000000000000000000, -0.000000000000000000, -1.000000000000000000 ) ) ;
#2766 = ORIENTED_EDGE ( 'NONE', *, *, #1137, .F. ) ;
#2767 = CARTESIAN_POINT ( 'NONE',  ( -31.31576727597980181, -20.96350000000014902, 43.17499999999999005 ) ) ;
#2768 = EDGE_LOOP ( 'NONE', ( #4151, #746 ) ) ;
#2769 = CARTESIAN_POINT ( 'NONE',  ( -33.49362253261219990, -17.08636936605894263, 46.37129473594519169 ) ) ;
#2770 = DIRECTION ( 'NONE',  ( 0.000000000000000000, 0.000000000000000000, -1.000000000000000000 ) ) ;
#2771 = CARTESIAN_POINT ( 'NONE',  ( -32.70919825978104001, 18.54424808735105401, 5.266672633473650222 ) ) ;
#2772 = CARTESIAN_POINT ( 'NONE',  ( 37.30449898179539048, 4.704990715092901787, 56.10834380880433514 ) ) ;
#2773 = CARTESIAN_POINT ( 'NONE',  ( -1.370476588342083302, 37.57521439250319162, 5.712143765557781805 ) ) ;
#2774 = VECTOR ( 'NONE', #83, 1000.000000000000000 ) ;
#2775 = CARTESIAN_POINT ( 'NONE',  ( 34.59999999999999432, -3.000000000000000000, 59.89999999999999147 ) ) ;
#2776 = ORIENTED_EDGE ( 'NONE', *, *, #3612, .F. ) ;
#2777 = EDGE_LOOP ( 'NONE', ( #3239, #2300 ) ) ;
#2778 = DIRECTION ( 'NONE',  ( 1.000000000000000000, 0.000000000000000000, 0.000000000000000000 ) ) ;
#2779 = CARTESIAN_POINT ( 'NONE',  ( -26.43029255745282313, -12.37620318947277376, 51.82499999999999574 ) ) ;
#2780 = LINE ( 'NONE', #3451, #2758 ) ;
#2781 = PLANE ( 'NONE',  #4424 ) ;
#2782 = ORIENTED_EDGE ( 'NONE', *, *, #1571, .T. ) ;
#2783 = CARTESIAN_POINT ( 'NONE',  ( 30.63039974883389149, 13.83621323311975182, 4.622384460883256274 ) ) ;
#2784 = ORIENTED_EDGE ( 'NONE', *, *, #1754, .F. ) ;
#2785 = FACE_BOUND ( 'NONE', #3507, .T. ) ;
#2786 = PRODUCT_DEFINITION_FORMATION_WITH_SPECIFIED_SOURCE ( 'ANY', '', #2120, .NOT_KNOWN. ) ;
#2787 = DIRECTION ( 'NONE',  ( -0.8660254037844432595, 0.4999999999999918954, 0.000000000000000000 ) ) ;
#2788 = ORIENTED_EDGE ( 'NONE', *, *, #2349, .F. ) ;
#2789 = LINE ( 'NONE', #1671, #2615 ) ;
#2790 = VERTEX_POINT ( 'NONE', #9 ) ;
#2791 = EDGE_CURVE ( 'NONE', #1106, #2364, #3068, .T. ) ;
#2792 = EDGE_CURVE ( 'NONE', #1090, #3640, #2659, .T. ) ;
#2793 = CARTESIAN_POINT ( 'NONE',  ( 2.497039914245130277, -29.07740637894529456, 11.82499999999999929 ) ) ;
#2794 = CARTESIAN_POINT ( 'NONE',  ( 28.58674278146014203, 17.65719760561779239, 9.519479280997558135 ) ) ;
#2795 = PLANE ( 'NONE',  #3460 ) ;
#2796 = CARTESIAN_POINT ( 'NONE',  ( -29.12940506591455403, 19.70120318947238403, 11.82499999999999929 ) ) ;
#2797 = AXIS2_PLACEMENT_3D ( 'NONE', #2501, #3223, #1003 ) ;
#2798 = VECTOR ( 'NONE', #183, 1000.000000000000000 ) ;
#2799 = CARTESIAN_POINT ( 'NONE',  ( 1.839534107056127478E-17, 37.60000000000000142, 5.252100000000000435 ) ) ;
#2800 = EDGE_CURVE ( 'NONE', #2790, #499, #4664, .T. ) ;
#2801 = CARTESIAN_POINT ( 'NONE',  ( -30.96581327572830133, -13.06830492368652230, 46.06472356009662406 ) ) ;
#2802 = EDGE_LOOP ( 'NONE', ( #2227, #4324, #1687, #2582 ) ) ;
#2803 = CARTESIAN_POINT ( 'NONE',  ( -30.75195868897867513, 13.53798496052307065, 1.175000000000002043 ) ) ;
#2804 = ORIENTED_EDGE ( 'NONE', *, *, #1895, .T. ) ;
#2805 = FACE_BOUND ( 'NONE', #4231, .T. ) ;
#2806 = DIRECTION ( 'NONE',  ( 0.8660254037844391517, -0.000000000000000000, 0.4999999999999992228 ) ) ;
#2807 = CARTESIAN_POINT ( 'NONE',  ( 2.646158986183279715, 37.50722567064742208, 30.51095001280806684 ) ) ;
#2808 = FACE_OUTER_BOUND ( 'NONE', #4667, .T. ) ;
#2809 = ORIENTED_EDGE ( 'NONE', *, *, #244, .T. ) ;
#2810 = CARTESIAN_POINT ( 'NONE',  ( -30.05570905147826366, -15.02056991118474549, 46.50227348133709171 ) ) ;
#2811 = ORIENTED_EDGE ( 'NONE', *, *, #663, .F. ) ;
#2812 = CARTESIAN_POINT ( 'NONE',  ( 23.59999999999999432, -3.000000000000000000, 82.90000000000000568 ) ) ;
#2813 = AXIS2_PLACEMENT_3D ( 'NONE', #1413, #1062, #351 ) ;
#2814 = FACE_OUTER_BOUND ( 'NONE', #1763, .T. ) ;
#2815 = EDGE_LOOP ( 'NONE', ( #3301, #4024, #4051, #3745, #3843, #923 ) ) ;
#2816 = DIRECTION ( 'NONE',  ( -0.000000000000000000, -1.000000000000000000, -0.000000000000000000 ) ) ;
#2817 = ORIENTED_EDGE ( 'NONE', *, *, #2827, .T. ) ;
#2818 = AXIS2_PLACEMENT_3D ( 'NONE', #3534, #4652, #3554 ) ;
#2819 = FACE_OUTER_BOUND ( 'NONE', #231, .T. ) ;
#2820 = CARTESIAN_POINT ( 'NONE',  ( 29.58364199821461327, 15.93068436815987177, 9.520863407162490688 ) ) ;
#2821 = CARTESIAN_POINT ( 'NONE',  ( 2.752883539803335132E-16, -32.07740637894529812, 5.252100000000000435 ) ) ;
#2822 = DIRECTION ( 'NONE',  ( 0.4999999999999998890, 0.000000000000000000, 0.8660254037844385966 ) ) ;
#2823 = B_SPLINE_CURVE_WITH_KNOTS ( 'NONE', 3,
 ( #587, #2011, #195, #1697, #509, #3127, #4659, #1719, #3198, #4683, #2843, #4314, #979, #610, #2480, #4635, #2109, #3489, #1277, #142, #239, #4580, #1249, #4217, #2383, #2769, #3153, #4243, #537, #2038 ),
 .UNSPECIFIED., .F., .F.,
 ( 4, 2, 2, 2, 2, 2, 2, 2, 2, 2, 2, 2, 2, 2, 4 ),
 ( 0.007029527460757568208, 0.007468772381713771960, 0.007908017302669975712, 0.008786507144582400564, 0.009225752065538609520, 0.009664996986494818476, 0.01010424190745102743, 0.01054348682840723639, 0.01098273174936344534, 0.01142197667031965430, 0.01186122159127586326, 0.01230046651223207221, 0.01273971143318828117, 0.01317895635414449013, 0.01405744619605693059 ),
 .UNSPECIFIED. ) ;
#2824 = DIRECTION ( 'NONE',  ( 0.000000000000000000, 0.5547001962252272600, -0.8320502943378449423 ) ) ;
#2825 = EDGE_CURVE ( 'NONE', #3850, #10, #473, .T. ) ;
#2826 = CARTESIAN_POINT ( 'NONE',  ( -32.70960384413592692, -18.54529169685950407, 49.74779504276182962 ) ) ;
#2827 = EDGE_CURVE ( 'NONE', #1605, #2291, #1370, .T. ) ;
#2828 = AXIS2_PLACEMENT_3D ( 'NONE', #3044, #3866, #3427 ) ;
#2829 = VERTEX_POINT ( 'NONE', #768 ) ;
#2830 = VECTOR ( 'NONE', #4814, 1000.000000000000000 ) ;
#2831 = CARTESIAN_POINT ( 'NONE',  ( -29.58368748414113369, 15.93059861486673867, 5.479195705149146001 ) ) ;
#2832 = CARTESIAN_POINT ( 'NONE',  ( 3.179914949673908531, 37.46557616530908064, 25.05942593021685738 ) ) ;
#2833 = EDGE_CURVE ( 'NONE', #2829, #417, #1489, .T. ) ;
#2834 = ORIENTED_EDGE ( 'NONE', *, *, #39, .F. ) ;
#2835 = CARTESIAN_POINT ( 'NONE',  ( -30.13092956013379009, -14.86942339224559007, 46.90780586169904609 ) ) ;
#2836 = ORIENTED_EDGE ( 'NONE', *, *, #4506, .F. ) ;
#2837 = PLANE ( 'NONE',  #3808 ) ;
#2838 = LINE ( 'NONE', #3926, #3449 ) ;
#2839 = ORIENTED_EDGE ( 'NONE', *, *, #4270, .F. ) ;
#2840 = CARTESIAN_POINT ( 'NONE',  ( 27.76946746016734124, 18.91604284671368319, 11.82499999999999574 ) ) ;
#2841 = EDGE_LOOP ( 'NONE', ( #1922, #4627, #2738, #4354 ) ) ;
#2842 = VECTOR ( 'NONE', #1615, 999.9999999999998863 ) ;
#2843 = CARTESIAN_POINT ( 'NONE',  ( -32.05220222413179698, -19.65794541115620575, 45.48050601689082129 ) ) ;
#2844 = CARTESIAN_POINT ( 'NONE',  ( 2.497039914245130277, 29.07740637894529456, 11.82499999999999929 ) ) ;
#2845 = CARTESIAN_POINT ( 'NONE',  ( -31.68418793909150821, -11.25155947703563797, 49.58802756201941264 ) ) ;
#2846 = FACE_OUTER_BOUND ( 'NONE', #4158, .T. ) ;
#2847 = DIRECTION ( 'NONE',  ( -0.5000000000000039968, 0.8660254037844363761, 0.000000000000000000 ) ) ;
#2848 = CARTESIAN_POINT ( 'NONE',  ( -33.49427460997186046, -17.08508823999890325, 48.62613017841514562 ) ) ;
#2849 = ORIENTED_EDGE ( 'NONE', *, *, #2833, .F. ) ;
#2850 = EDGE_CURVE ( 'NONE', #4109, #626, #2295, .T. ) ;
#2851 = EDGE_CURVE ( 'NONE', #3145, #2195, #527, .T. ) ;
#2852 = PLANE ( 'NONE',  #3983 ) ;
#2853 = AXIS2_PLACEMENT_3D ( 'NONE', #1125, #3830, #487 ) ;
#2854 = CARTESIAN_POINT ( 'NONE',  ( 3.473136989084773418, 37.43953110692808650, 29.50139545038147659 ) ) ;
#2855 = ORIENTED_EDGE ( 'NONE', *, *, #663, .T. ) ;
#2856 = FACE_OUTER_BOUND ( 'NONE', #2997, .T. ) ;
#2857 = ORIENTED_EDGE ( 'NONE', *, *, #3110, .F. ) ;
#2858 = CARTESIAN_POINT ( 'NONE',  ( 4.994079828490260553, -35.07740637894529812, 7.500000000000000000 ) ) ;
#2859 = ADVANCED_FACE ( 'NONE', ( #3504 ), #2781, .F. ) ;
#2860 = DIRECTION ( 'NONE',  ( 0.000000000000000000, 0.000000000000000000, 1.000000000000000000 ) ) ;
#2861 = EDGE_LOOP ( 'NONE', ( #4794, #3722 ) ) ;
#2862 = DIRECTION ( 'NONE',  ( 0.000000000000000000, 0.000000000000000000, 1.000000000000000000 ) ) ;
#2863 = ORIENTED_EDGE ( 'NONE', *, *, #1747, .T. ) ;
#2864 = CARTESIAN_POINT ( 'NONE',  ( -33.59586275185665727, 16.88427773824057354, 6.916148264532186118 ) ) ;
#2865 = CARTESIAN_POINT ( 'NONE',  ( 29.90774587970006593, 15.31331213479339226, 8.987000191358541556 ) ) ;
#2866 = DIRECTION ( 'NONE',  ( -0.4330127018922225735, 0.7499999999999974465, -0.5000000000000011102 ) ) ;
#2867 = CARTESIAN_POINT ( 'NONE',  ( 2.497039914245130277, -35.07740637894529812, 11.82499999999999929 ) ) ;
#2868 = CARTESIAN_POINT ( 'NONE',  ( -32.26730315492747536, -19.30289965344305969, 49.67591355358599259 ) ) ;
#2869 = ORIENTED_EDGE ( 'NONE', *, *, #1412, .T. ) ;
#2870 = CARTESIAN_POINT ( 'NONE',  ( -28.03582602107804078, 18.51906197281884658, 6.502952638267968766 ) ) ;
#2871 = CARTESIAN_POINT ( 'NONE',  ( 0.5259186065838932223, 37.59721137890347364, 31.47403437272907567 ) ) ;
#2872 = EDGE_CURVE ( 'NONE', #2401, #4579, #3842, .T. ) ;
#2873 = EDGE_CURVE ( 'NONE', #4625, #3242, #850, .T. ) ;
#2874 = ORIENTED_EDGE ( 'NONE', *, *, #639, .F. ) ;
#2875 = CARTESIAN_POINT ( 'NONE',  ( 28.35000000000000142, -3.000000000000000000, 57.39999999999999858 ) ) ;
#2876 = EDGE_LOOP ( 'NONE', ( #2289, #87, #3559, #1469 ) ) ;
#2877 = DIRECTION ( 'NONE',  ( 0.000000000000000000, 1.000000000000000000, 0.000000000000000000 ) ) ;
#2878 = EDGE_CURVE ( 'NONE', #1221, #869, #2729, .T. ) ;
#2879 = CARTESIAN_POINT ( 'NONE',  ( 26.43029255745299366, -12.37620318947240250, 43.17499999999999005 ) ) ;
#2880 = EDGE_CURVE ( 'NONE', #2566, #2106, #1609, .T. ) ;
#2881 = ORIENTED_EDGE ( 'NONE', *, *, #4716, .T. ) ;
#2882 = CARTESIAN_POINT ( 'NONE',  ( -32.48932491649705412, 18.92685293504054300, 9.748020382488801872 ) ) ;
#2883 = ORIENTED_EDGE ( 'NONE', *, *, #2734, .T. ) ;
#2884 = CARTESIAN_POINT ( 'NONE',  ( 33.52541871041081123, 17.02379114006601668, 8.497697876877062129 ) ) ;
#2885 = PLANE ( 'NONE',  #2299 ) ;
#2886 = CARTESIAN_POINT ( 'NONE',  ( -1.289406714959259181, -37.57865699348868560, 23.70456908561088838 ) ) ;
#2887 = ORIENTED_EDGE ( 'NONE', *, *, #4003, .F. ) ;
#2888 = CARTESIAN_POINT ( 'NONE',  ( -27.00764282664245641, -11.37620318947277376, 53.82499999999999574 ) ) ;
#2889 = DIRECTION ( 'NONE',  ( 0.000000000000000000, 0.5547001962252280372, -0.8320502943378443872 ) ) ;
#2890 = DIRECTION ( 'NONE',  ( 0.000000000000000000, -0.5547001962252259277, -0.8320502943378457195 ) ) ;
#2891 = CARTESIAN_POINT ( 'NONE',  ( 1.839534107056127478E-17, 37.60000000000000142, 5.252100000000000435 ) ) ;
#2892 = DIRECTION ( 'NONE',  ( 0.000000000000000000, -1.000000000000000000, 0.000000000000000000 ) ) ;
#2893 = CARTESIAN_POINT ( 'NONE',  ( 0.2610907468657958086, 37.60000000000000142, 23.50000000000000000 ) ) ;
#2894 = VERTEX_POINT ( 'NONE', #868 ) ;
#2895 = VECTOR ( 'NONE', #1512, 1000.000000000000000 ) ;
#2896 = CARTESIAN_POINT ( 'NONE',  ( 3.651740452624389732, 32.07740637894529812, 13.82499999999999929 ) ) ;
#2897 = ORIENTED_EDGE ( 'NONE', *, *, #3111, .F. ) ;
#2898 = CARTESIAN_POINT ( 'NONE',  ( 23.59999999999999787, 4.500000000000000000, 55.00000000000000000 ) ) ;
#2899 = VECTOR ( 'NONE', #4495, 1000.000000000000000 ) ;
#2900 = LINE ( 'NONE', #4769, #1947 ) ;
#2901 = VERTEX_POINT ( 'NONE', #1636 ) ;
#2902 = CARTESIAN_POINT ( 'NONE',  ( -27.00764282664261273, 11.37620318947239184, 13.82499999999999929 ) ) ;
#2903 = ORIENTED_EDGE ( 'NONE', *, *, #1717, .F. ) ;
#2904 = ADVANCED_FACE ( 'NONE', ( #3141 ), #1318, .F. ) ;
#2905 = ADVANCED_FACE ( 'NONE', ( #2808 ), #104, .T. ) ;
#2906 = CARTESIAN_POINT ( 'NONE',  ( -33.57675207797493755, 16.92231993415001057, 6.776003104688711254 ) ) ;
#2907 = FACE_OUTER_BOUND ( 'NONE', #2369, .T. ) ;
#2908 = CARTESIAN_POINT ( 'NONE',  ( -3.794437584179694234, -37.40818695756011891, 26.20735806839208593 ) ) ;
#2909 = VERTEX_POINT ( 'NONE', #2424 ) ;
#2910 = PLANE ( 'NONE',  #2463 ) ;
#2911 = CARTESIAN_POINT ( 'NONE',  ( 27.88088510879171267, 21.86370318947277980, 7.500000000000000000 ) ) ;
#2912 = VECTOR ( 'NONE', #1119, 1000.000000000000000 ) ;
#2913 = FACE_OUTER_BOUND ( 'NONE', #202, .T. ) ;
#2914 = ORIENTED_EDGE ( 'NONE', *, *, #4328, .F. ) ;
#2915 = CARTESIAN_POINT ( 'NONE',  ( 0.2970512317985588013, 37.59999999999999432, 5.252099999999999547 ) ) ;
#2916 = CARTESIAN_POINT ( 'NONE',  ( 2.642137551712604893, -37.50752141227487613, 24.48522986267924040 ) ) ;
#2917 = EDGE_LOOP ( 'NONE', ( #1480, #1819 ) ) ;
#2918 = FACE_OUTER_BOUND ( 'NONE', #4415, .T. ) ;
#2919 = VERTEX_POINT ( 'NONE', #3115 ) ;
#2920 = CARTESIAN_POINT ( 'NONE',  ( 28.35000000000000142, -3.000000000000000000, 85.40000000000000568 ) ) ;
#2921 = CARTESIAN_POINT ( 'NONE',  ( -27.00764282664261273, 11.37620318947239184, 13.82499999999999929 ) ) ;
#2922 = VECTOR ( 'NONE', #192, 1000.000000000000000 ) ;
#2923 = LINE ( 'NONE', #1462, #1163 ) ;
#2924 = ORIENTED_EDGE ( 'NONE', *, *, #2381, .T. ) ;
#2925 = LINE ( 'NONE', #1807, #1991 ) ;
#2926 = VERTEX_POINT ( 'NONE', #1030 ) ;
#2927 = CARTESIAN_POINT ( 'NONE',  ( -23.93325264320767332, -16.70120318947276417, 43.17499999999999005 ) ) ;
#2928 = LINE ( 'NONE', #337, #649 ) ;
#2929 = CARTESIAN_POINT ( 'NONE',  ( -23.93325264320789714, 16.70120318947243376, 11.82499999999999929 ) ) ;
#2930 = ORIENTED_EDGE ( 'NONE', *, *, #328, .F. ) ;
#2931 = EDGE_CURVE ( 'NONE', #2702, #4251, #3729, .T. ) ;
#2932 = DIRECTION ( 'NONE',  ( 1.000000000000000000, 0.000000000000000000, 0.000000000000000000 ) ) ;
#2933 = CARTESIAN_POINT ( 'NONE',  ( 22.98139909578735995, -37.60099999999999199, 37.91730115643939314 ) ) ;
#2934 = CARTESIAN_POINT ( 'NONE',  ( 30.26650737441248751, 14.59104284671368390, 11.82499999999999929 ) ) ;
#2935 = AXIS2_PLACEMENT_3D ( 'NONE', #811, #2312, #3784 ) ;
#2936 = EDGE_CURVE ( 'NONE', #1081, #2926, #2001, .T. ) ;
#2937 = CARTESIAN_POINT ( 'NONE',  ( 0.1466925121715681735, -37.59999999999999432, 5.252100000000000435 ) ) ;
#2938 = CYLINDRICAL_SURFACE ( 'NONE', #3593, 0.8750000000000007772 ) ;
#2939 = CARTESIAN_POINT ( 'NONE',  ( 7.303480905248766142, -35.07740637894529812, 7.499999999999996447 ) ) ;
#2940 = ORIENTED_EDGE ( 'NONE', *, *, #4274, .T. ) ;
#2941 = CARTESIAN_POINT ( 'NONE',  ( 37.59999999999999432, 4.500000000000000000, 87.79999999999998295 ) ) ;
#2942 = ORIENTED_EDGE ( 'NONE', *, *, #1984, .T. ) ;
#2943 = LINE ( 'NONE', #4418, #2121 ) ;
#2944 = LINE ( 'NONE', #2608, #1099 ) ;
#2945 = CARTESIAN_POINT ( 'NONE',  ( -23.35590237401828162, 17.70120318947243376, 13.82499999999999929 ) ) ;
#2946 = ORIENTED_EDGE ( 'NONE', *, *, #1718, .T. ) ;
#2947 = CARTESIAN_POINT ( 'NONE',  ( -31.50574495122312868, 20.52196870569276044, 8.497697876877060352 ) ) ;
#2948 = VERTEX_POINT ( 'NONE', #3868 ) ;
#2949 = LINE ( 'NONE', #4425, #2174 ) ;
#2950 = CARTESIAN_POINT ( 'NONE',  ( 27.00764282664260918, -11.37620318947239362, 41.17499999999999716 ) ) ;
#2951 = DIRECTION ( 'NONE',  ( -1.000000000000000000, 0.000000000000000000, 0.000000000000000000 ) ) ;
#2952 = ORIENTED_EDGE ( 'NONE', *, *, #4087, .F. ) ;
#2953 = DIRECTION ( 'NONE',  ( -1.776356839400250465E-15, 1.000000000000000000, -8.260587980841937794E-16 ) ) ;
#2954 = VECTOR ( 'NONE', #4283, 1000.000000000000000 ) ;
#2955 = CARTESIAN_POINT ( 'NONE',  ( 30.15721039549309879, -14.81562219962304461, 47.50000000000000000 ) ) ;
#2956 = DIRECTION ( 'NONE',  ( 1.000000000000000000, 0.000000000000000000, -0.000000000000000000 ) ) ;
#2957 = CARTESIAN_POINT ( 'NONE',  ( 31.38036062478503396, -20.71311099420949020, 47.64855962323230898 ) ) ;
#2958 = EDGE_CURVE ( 'NONE', #3335, #2247, #4256, .T. ) ;
#2959 = EDGE_CURVE ( 'NONE', #790, #669, #1686, .T. ) ;
#2960 = FACE_OUTER_BOUND ( 'NONE', #1488, .T. ) ;
#2961 = CARTESIAN_POINT ( 'NONE',  ( 33.14771528066234652, 5.499825892596328814, 55.24878786290202726 ) ) ;
#2962 = VERTEX_POINT ( 'NONE', #664 ) ;
#2963 = CARTESIAN_POINT ( 'NONE',  ( -28.55205479672493851, 20.70120318947238758, 13.82499999999999929 ) ) ;
#2964 = ORIENTED_EDGE ( 'NONE', *, *, #2577, .T. ) ;
#2965 = PLANE ( 'NONE',  #1731 ) ;
#2966 = ADVANCED_FACE ( 'NONE', ( #3452 ), #4736, .F. ) ;
#2967 = AXIS2_PLACEMENT_3D ( 'NONE', #2539, #325, #3697 ) ;
#2968 = DIRECTION ( 'NONE',  ( 1.000000000000000000, 0.000000000000000000, -0.000000000000000000 ) ) ;
#2969 = VECTOR ( 'NONE', #4173, 1000.000000000000114 ) ;
#2970 = DIRECTION ( 'NONE',  ( 0.000000000000000000, 1.000000000000000000, 7.744301232039316681E-17 ) ) ;
#2971 = ORIENTED_EDGE ( 'NONE', *, *, #990, .F. ) ;
#2972 = DIRECTION ( 'NONE',  ( -0.8660254037844363761, -0.5000000000000041078, -0.000000000000000000 ) ) ;
#2973 = ORIENTED_EDGE ( 'NONE', *, *, #3997, .T. ) ;
#2974 = VECTOR ( 'NONE', #1684, 1000.000000000000000 ) ;
#2975 = CARTESIAN_POINT ( 'NONE',  ( -2.497039914245133829, 29.07740637894529456, 11.82499999999999929 ) ) ;
#2976 = DIRECTION ( 'NONE',  ( -0.2500000000000011102, 0.4330127018922166338, -0.8660254037844395958 ) ) ;
#2977 = ORIENTED_EDGE ( 'NONE', *, *, #2318, .F. ) ;
#2978 = DIRECTION ( 'NONE',  ( 0.000000000000000000, -0.5547001962252302576, -0.8320502943378430549 ) ) ;
#2979 = CARTESIAN_POINT ( 'NONE',  ( -27.00764282664260563, 11.37620318947239895, 1.174999999999999600 ) ) ;
#2980 = AXIS2_PLACEMENT_3D ( 'NONE', #1659, #3841, #921 ) ;
#2981 = CARTESIAN_POINT ( 'NONE',  ( 33.41972849247003552, 17.23045035123404389, 6.129523794047852192 ) ) ;
#2982 =( BOUNDED_CURVE ( )  B_SPLINE_CURVE ( 3, ( #4276, #861, #4250, #888 ),
 .UNSPECIFIED., .F., .T. ) 
 B_SPLINE_CURVE_WITH_KNOTS ( ( 4, 4 ),
 ( 1.645181569562541579, 1.719982432804800343 ),
 .UNSPECIFIED. ) 
 CURVE ( )  GEOMETRIC_REPRESENTATION_ITEM ( )  RATIONAL_B_SPLINE_CURVE ( ( 1.000000000000000000, 0.9995337902528685925, 0.9995337902528685925, 1.000000000000000000 ) ) 
 REPRESENTATION_ITEM ( '' )  );
#2983 = CARTESIAN_POINT ( 'NONE',  ( 2.248020389359024040, -37.53273776776423176, 7.646472865946205566 ) ) ;
#2984 = CARTESIAN_POINT ( 'NONE',  ( 32.20379524934907778, 14.37620318947279507, 13.82499999999999929 ) ) ;
#2985 = CIRCLE ( 'NONE', #2068, 33.60000000000000142 ) ;
#2986 = CARTESIAN_POINT ( 'NONE',  ( 4.000094817240676726, -37.38661848124577602, 27.24035704945358560 ) ) ;
#2987 = ORIENTED_EDGE ( 'NONE', *, *, #3758, .T. ) ;
#2988 = CARTESIAN_POINT ( 'NONE',  ( -23.35590237401805069, -17.70120318947274640, 53.82500000000000284 ) ) ;
#2989 = EDGE_CURVE ( 'NONE', #2722, #3700, #829, .T. ) ;
#2990 = ORIENTED_EDGE ( 'NONE', *, *, #4064, .F. ) ;
#2991 = EDGE_CURVE ( 'NONE', #1047, #4767, #4596, .T. ) ;
#2992 = CARTESIAN_POINT ( 'NONE',  ( 0.000000000000000000, 0.000000000000000000, 1.175000000000002487 ) ) ;
#2993 = DIRECTION ( 'NONE',  ( -0.8660254037844432595, 0.4999999999999919509, 0.000000000000000000 ) ) ;
#2994 = LINE ( 'NONE', #57, #3419 ) ;
#2995 = ORIENTED_EDGE ( 'NONE', *, *, #2447, .T. ) ;
#2996 = CARTESIAN_POINT ( 'NONE',  ( 0.000000000000000000, 0.000000000000000000, 52.35000000000000142 ) ) ;
#2997 = EDGE_LOOP ( 'NONE', ( #534, #3237, #950, #368 ) ) ;
#2998 = EDGE_CURVE ( 'NONE', #352, #4474, #1092, .T. ) ;
#2999 = MECHANICAL_DESIGN_GEOMETRIC_PRESENTATION_REPRESENTATION (  '', ( #3773 ), #4467 ) ;
#3000 = CARTESIAN_POINT ( 'NONE',  ( -0.9963932612502778285, -37.58704244957690577, 5.479607184537592879 ) ) ;
#3001 = VERTEX_POINT ( 'NONE', #2215 ) ;
#3002 = LINE ( 'NONE', #2665, #4240 ) ;
#3003 = ORIENTED_EDGE ( 'NONE', *, *, #1537, .T. ) ;
#3004 = CARTESIAN_POINT ( 'NONE',  ( 0.000000000000000000, -32.07740637894529812, 7.500000000000000000 ) ) ;
#3005 = DIRECTION ( 'NONE',  ( -0.2500000000000025535, 0.4330127018922190762, 0.8660254037844380415 ) ) ;
#3006 = CARTESIAN_POINT ( 'NONE',  ( 33.41764634671428524, -3.497082191841239585, 55.67399507705668782 ) ) ;
#3007 = CARTESIAN_POINT ( 'NONE',  ( 33.37611287141793781, 17.31490288441804282, 6.013862021898405352 ) ) ;
#3008 = CARTESIAN_POINT ( 'NONE',  ( 31.38036062478502686, -20.71311099420948665, 47.49999999999999289 ) ) ;
#3009 = CARTESIAN_POINT ( 'NONE',  ( 32.20379524934907778, 14.37620318947279152, 1.175000000000000488 ) ) ;
#3010 = CARTESIAN_POINT ( 'NONE',  ( 3.974035154553807292, -37.38943281128314311, 26.97512392533589676 ) ) ;
#3011 = ORIENTED_EDGE ( 'NONE', *, *, #1234, .F. ) ;
#3012 = VECTOR ( 'NONE', #4116, 1000.000000000000000 ) ;
#3013 = CARTESIAN_POINT ( 'NONE',  ( 24.75097728705669198, 22.72331673272200447, 7.499999999999996447 ) ) ;
#3014 = EDGE_LOOP ( 'NONE', ( #3616, #823, #4765, #166 ) ) ;
#3015 = CARTESIAN_POINT ( 'NONE',  ( -2.497039914245133829, 35.07740637894529812, 11.82499999999999929 ) ) ;
#3016 = CARTESIAN_POINT ( 'NONE',  ( -25.21078340652007199, 22.21207779631460966, 55.00000000000000000 ) ) ;
#3017 = ADVANCED_FACE ( 'NONE', ( #2624 ), #3690, .T. ) ;
#3018 = ADVANCED_FACE ( 'NONE', ( #294 ), #1892, .T. ) ;
#3019 = VECTOR ( 'NONE', #4776, 1000.000000000000227 ) ;
#3020 = PLANE ( 'NONE',  #2340 ) ;
#3021 = VERTEX_POINT ( 'NONE', #1102 ) ;
#3022 = CARTESIAN_POINT ( 'NONE',  ( 27.97318786152204595, 18.61354225199274026, 6.775973729546782565 ) ) ;
#3023 = AXIS2_PLACEMENT_3D ( 'NONE', #1202, #2694, #4168 ) ;
#3024 = ORIENTED_EDGE ( 'NONE', *, *, #249, .F. ) ;
#3025 = ADVANCED_FACE ( 'NONE', ( #342 ), #24, .F. ) ;
#3026 = ADVANCED_FACE ( 'NONE', ( #2190 ), #4071, .T. ) ;
#3027 = CARTESIAN_POINT ( 'NONE',  ( 0.000000000000000000, -37.60099999999999909, 7.500000000000000000 ) ) ;
#3028 =( NAMED_UNIT ( * ) SI_UNIT ( $, .STERADIAN. ) SOLID_ANGLE_UNIT ( ) );
#3029 = VERTEX_POINT ( 'NONE', #4760 ) ;
#3030 = CARTESIAN_POINT ( 'NONE',  ( -29.76530697266435865, -15.58940678497517496, 49.29710281999060584 ) ) ;
#3031 = CARTESIAN_POINT ( 'NONE',  ( 30.63039974883405137, -13.83621323311936280, 50.37761553911678192 ) ) ;
#3032 = CARTESIAN_POINT ( 'NONE',  ( 2.497039914245130277, -35.07740637894529812, 3.175000000000000711 ) ) ;
#3033 = CARTESIAN_POINT ( 'NONE',  ( 37.19508505134883336, 5.504334809953424390, 55.26056498908712200 ) ) ;
#3034 = CARTESIAN_POINT ( 'NONE',  ( 0.5921550433205876596, -37.59630948031487208, 9.688177748857981442 ) ) ;
#3035 = VECTOR ( 'NONE', #2226, 1000.000000000000000 ) ;
#3036 = DIRECTION ( 'NONE',  ( 5.329070518200751394E-15, 1.000000000000000000, 8.260587980841937794E-16 ) ) ;
#3037 = DIRECTION ( 'NONE',  ( 0.000000000000000000, 1.000000000000000000, 0.000000000000000000 ) ) ;
#3038 = ORIENTED_EDGE ( 'NONE', *, *, #2076, .F. ) ;
#3039 = VECTOR ( 'NONE', #2428, 1000.000000000000000 ) ;
#3040 = CARTESIAN_POINT ( 'NONE',  ( 0.000000000000000000, -37.60000000000000142, 27.50000000000000355 ) ) ;
#3041 = EDGE_LOOP ( 'NONE', ( #3306, #2973, #3775, #2834 ) ) ;
#3042 = DIRECTION ( 'NONE',  ( 0.000000000000000000, 0.000000000000000000, -1.000000000000000000 ) ) ;
#3043 = CARTESIAN_POINT ( 'NONE',  ( 34.73102803877559808, -32.07740637894529812, 55.00590516225856419 ) ) ;
#3044 = CARTESIAN_POINT ( 'NONE',  ( -3.651740452624389732, -35.07740637894529812, 1.175000000000000488 ) ) ;
#3045 = CARTESIAN_POINT ( 'NONE',  ( 22.98139909578735640, 24.51153392997150604, 37.91730115643939314 ) ) ;
#3046 = ORIENTED_EDGE ( 'NONE', *, *, #3851, .F. ) ;
#3047 = CARTESIAN_POINT ( 'NONE',  ( 23.93325264320767332, 16.70120318947276061, 11.82499999999999929 ) ) ;
#3048 = ORIENTED_EDGE ( 'NONE', *, *, #2958, .T. ) ;
#3049 = VECTOR ( 'NONE', #4739, 1000.000000000000000 ) ;
#3050 = CARTESIAN_POINT ( 'NONE',  ( 27.88088510879171267, 21.86370318947277980, 7.500000000000000000 ) ) ;
#3051 = FACE_OUTER_BOUND ( 'NONE', #381, .T. ) ;
#3052 = ORIENTED_EDGE ( 'NONE', *, *, #3852, .T. ) ;
#3053 = CIRCLE ( 'NONE', #2513, 0.8750000000000007772 ) ;
#3054 = EDGE_CURVE ( 'NONE', #3861, #925, #2177, .T. ) ;
#3055 = ADVANCED_FACE ( 'NONE', ( #2913 ), #4387, .T. ) ;
#3056 = CARTESIAN_POINT ( 'NONE',  ( -29.90808620578898314, -15.31264690633817160, 48.98614703578179075 ) ) ;
#3057 = CARTESIAN_POINT ( 'NONE',  ( 31.27227883592928492, -12.28839193742979319, 47.50000000000000000 ) ) ;
#3058 = LINE ( 'NONE', #1225, #3235 ) ;
#3059 = CARTESIAN_POINT ( 'NONE',  ( -26.43029255745281247, -12.37620318947278975, 43.17499999999999005 ) ) ;
#3060 = CARTESIAN_POINT ( 'NONE',  ( -0.5819969822278658889, 37.59577007180478603, 5.323811853982933329 ) ) ;
#3061 = EDGE_CURVE ( 'NONE', #4321, #914, #3081, .T. ) ;
#3062 = ORIENTED_EDGE ( 'NONE', *, *, #609, .T. ) ;
#3063 = DIRECTION ( 'NONE',  ( 0.000000000000000000, 0.000000000000000000, 1.000000000000000000 ) ) ;
#3064 = ORIENTED_EDGE ( 'NONE', *, *, #2873, .F. ) ;
#3065 = LINE ( 'NONE', #2316, #1492 ) ;
#3066 = CARTESIAN_POINT ( 'NONE',  ( 31.68360384146685860, -20.24648210190144937, 46.01300980220317172 ) ) ;
#3067 = DIRECTION ( 'NONE',  ( 0.000000000000000000, 1.000000000000000000, 0.000000000000000000 ) ) ;
#3068 = LINE ( 'NONE', #1164, #2188 ) ;
#3069 = ORIENTED_EDGE ( 'NONE', *, *, #2317, .F. ) ;
#3070 = VECTOR ( 'NONE', #3569, 1000.000000000000000 ) ;
#3071 = CARTESIAN_POINT ( 'NONE',  ( 28.07448841810925089, 18.46049148235748305, 6.372189992252981661 ) ) ;
#3072 = VERTEX_POINT ( 'NONE', #3103 ) ;
#3073 = CARTESIAN_POINT ( 'NONE',  ( -2.133445721243967697, -37.53946709839602391, 6.776702975309319754 ) ) ;
#3074 = PLANE ( 'NONE',  #754 ) ;
#3075 = EDGE_LOOP ( 'NONE', ( #1407, #3799, #3634, #1389, #107 ) ) ;
#3076 = CARTESIAN_POINT ( 'NONE',  ( -28.51870042683373185, -17.76678295179791789, 49.45040315200982661 ) ) ;
#3077 = EDGE_CURVE ( 'NONE', #3696, #4632, #2507, .T. ) ;
#3078 = CARTESIAN_POINT ( 'NONE',  ( 30.03133747198650383, -15.06955058532233771, 46.36980757778650286 ) ) ;
#3079 = ADVANCED_FACE ( 'NONE', ( #3831, #3803, #4583, #2671, #2746 ), #1575, .T. ) ;
#3080 = CARTESIAN_POINT ( 'NONE',  ( -2.497039914245137382, -32.07740637894529812, 3.175000000000000266 ) ) ;
#3081 = LINE ( 'NONE', #1622, #4178 ) ;
#3082 = CARTESIAN_POINT ( 'NONE',  ( 33.59586275185665727, -16.88427773824056644, 48.08385173546781743 ) ) ;
#3083 = CARTESIAN_POINT ( 'NONE',  ( 30.73841700679048827, -21.96349999999969427, 41.17499999999999005 ) ) ;
#3084 = EDGE_CURVE ( 'NONE', #4680, #1613, #3442, .T. ) ;
#3085 = ORIENTED_EDGE ( 'NONE', *, *, #3258, .F. ) ;
#3086 = DIRECTION ( 'NONE',  ( 0.000000000000000000, 0.5547001962252302576, 0.8320502943378428329 ) ) ;
#3087 = VERTEX_POINT ( 'NONE', #883 ) ;
#3088 = CARTESIAN_POINT ( 'NONE',  ( -23.35590237401804004, -17.70120318947276417, 41.17499999999999716 ) ) ;
#3089 = CARTESIAN_POINT ( 'NONE',  ( 32.85058348205863865, -18.29261620519881504, 45.32419322241437243 ) ) ;
#3090 = LINE ( 'NONE', #3401, #2590 ) ;
#3091 = DIRECTION ( 'NONE',  ( 0.000000000000000000, 0.000000000000000000, 1.000000000000000000 ) ) ;
#3092 = ORIENTED_EDGE ( 'NONE', *, *, #3827, .T. ) ;
#3093 = CARTESIAN_POINT ( 'NONE',  ( 28.73028631754787199, 17.42266298529142432, 5.366563507905431685 ) ) ;
#3094 = ORIENTED_EDGE ( 'NONE', *, *, #2230, .F. ) ;
#3095 = LINE ( 'NONE', #3661, #282 ) ;
#3096 = VECTOR ( 'NONE', #93, 1000.000000000000114 ) ;
#3097 = CARTESIAN_POINT ( 'NONE',  ( -1.371243351616744155, -37.57518496900888749, 5.712770615406224550 ) ) ;
#3098 = ORIENTED_EDGE ( 'NONE', *, *, #4658, .F. ) ;
#3099 = ORIENTED_EDGE ( 'NONE', *, *, #1452, .T. ) ;
#3100 = CARTESIAN_POINT ( 'NONE',  ( -3.871807821780467673, 37.40015702574368817, 26.46194677661312156 ) ) ;
#3101 = CARTESIAN_POINT ( 'NONE',  ( 32.05445819230552473, 10.07331673272203609, 7.500000000000000000 ) ) ;
#3102 = CARTESIAN_POINT ( 'NONE',  ( -33.27940889162621119, 17.50005654965434232, 5.805245026488297100 ) ) ;
#3103 = CARTESIAN_POINT ( 'NONE',  ( 10.00000000000000000, -32.07740637894529812, 55.00000000000000000 ) ) ;
#3104 = DIRECTION ( 'NONE',  ( 0.000000000000000000, 0.000000000000000000, 1.000000000000000000 ) ) ;
#3105 = CARTESIAN_POINT ( 'NONE',  ( -30.26650737441247685, -14.59104284671371055, 43.17499999999999005 ) ) ;
#3106 = ORIENTED_EDGE ( 'NONE', *, *, #3524, .F. ) ;
#3107 = DIRECTION ( 'NONE',  ( -1.000000000000000000, 0.000000000000000000, 0.000000000000000000 ) ) ;
#3108 = ORIENTED_EDGE ( 'NONE', *, *, #153, .T. ) ;
#3109 = CARTESIAN_POINT ( 'NONE',  ( 23.59999999999999787, 4.500000000000000000, 55.00000000000000000 ) ) ;
#3110 = EDGE_CURVE ( 'NONE', #1637, #4018, #1988, .T. ) ;
#3111 = EDGE_CURVE ( 'NONE', #331, #1081, #1598, .T. ) ;
#3112 = DIRECTION ( 'NONE',  ( -6.123233995736766036E-17, 1.000000000000000000, 6.123233995736763571E-17 ) ) ;
#3113 = VECTOR ( 'NONE', #1372, 1000.000000000000000 ) ;
#3114 = LINE ( 'NONE', #2000, #1546 ) ;
#3115 = CARTESIAN_POINT ( 'NONE',  ( 3.651740452624383071, -32.07740637894529812, 1.174999999999995159 ) ) ;
#3116 = B_SPLINE_CURVE_WITH_KNOTS ( 'NONE', 3,
 ( #3321, #2937, #3393, #1500, #46, #3346, #389, #2286, #3712, #4809, #2674, #2237, #712, #4830, #1916, #2983, #25, #3756, #4411, #1129, #1552, #2625, #4122, #1893, #436, #4098, #4147, #3034, #4511, #2650 ),
 .UNSPECIFIED., .F., .F.,
 ( 4, 2, 2, 2, 2, 2, 2, 2, 2, 2, 2, 2, 2, 2, 4 ),
 ( 0.007029527639942227506, 0.007468772575771835849, 0.007908017511601443325, 0.008786507383260660012, 0.009225752319090268355, 0.009664997254919874964, 0.01010424219074948331, 0.01054348712657909165, 0.01098273206240869826, 0.01142197699823831007, 0.01186122193406791842, 0.01230046686989753023, 0.01273971180572714204, 0.01317895674155675212, 0.01405744661321597401 ),
 .UNSPECIFIED. ) ;
#3117 = ORIENTED_EDGE ( 'NONE', *, *, #749, .T. ) ;
#3118 = CARTESIAN_POINT ( 'NONE',  ( -30.15721039549289983, -14.81562219962345850, 47.50000000000000711 ) ) ;
#3119 = ORIENTED_EDGE ( 'NONE', *, *, #3061, .T. ) ;
#3120 = PLANE ( 'NONE',  #2433 ) ;
#3121 =( BOUNDED_CURVE ( )  B_SPLINE_CURVE ( 3, ( #4007, #667, #1056, #4787 ),
 .UNSPECIFIED., .F., .T. ) 
 B_SPLINE_CURVE_WITH_KNOTS ( ( 4, 4 ),
 ( 1.679694182726378715, 1.789910952488207529 ),
 .UNSPECIFIED. ) 
 CURVE ( )  GEOMETRIC_REPRESENTATION_ITEM ( )  RATIONAL_B_SPLINE_CURVE ( ( 1.000000000000000000, 0.9989879448062453093, 0.9989879448062453093, 1.000000000000000000 ) ) 
 REPRESENTATION_ITEM ( '' )  );
#3122 = CARTESIAN_POINT ( 'NONE',  ( -27.90931039549313653, 18.70909920995714870, 7.797069025249448337 ) ) ;
#3123 = ORIENTED_EDGE ( 'NONE', *, *, #2162, .T. ) ;
#3124 = PLANE ( 'NONE',  #4389 ) ;
#3125 = ORIENTED_EDGE ( 'NONE', *, *, #3641, .T. ) ;
#3126 = PRODUCT_DEFINITION ( 'UNKNOWN', '', #2786, #528 ) ;
#3127 = CARTESIAN_POINT ( 'NONE',  ( -31.53566413818210989, -20.47619256334735738, 46.36983540505115542 ) ) ;
#3128 = CARTESIAN_POINT ( 'NONE',  ( 27.97329690596754048, 18.61337708505818256, 8.224401638648510371 ) ) ;
#3129 = FACE_BOUND ( 'NONE', #4505, .T. ) ;
#3130 = VECTOR ( 'NONE', #547, 1000.000000000000000 ) ;
#3131 = CARTESIAN_POINT ( 'NONE',  ( 37.12056434745439759, 5.986671310623447262, 55.06267923959524069 ) ) ;
#3132 = CARTESIAN_POINT ( 'NONE',  ( 33.49382185660540756, -17.08597492746234892, 48.62778946282647752 ) ) ;
#3133 = VECTOR ( 'NONE', #2448, 1000.000000000000000 ) ;
#3134 = CARTESIAN_POINT ( 'NONE',  ( -30.96581327572849673, 13.06830492368608709, 6.064723560096642707 ) ) ;
#3135 = ORIENTED_EDGE ( 'NONE', *, *, #3941, .T. ) ;
#3136 = EDGE_LOOP ( 'NONE', ( #3921, #4400 ) ) ;
#3137 = CARTESIAN_POINT ( 'NONE',  ( 0.000000000000000000, 0.000000000000000000, 55.00000000000000000 ) ) ;
#3138 = CARTESIAN_POINT ( 'NONE',  ( 31.50574495122314289, -20.52196870569276044, 46.50230212312293077 ) ) ;
#3139 = DIRECTION ( 'NONE',  ( 0.000000000000000000, 0.000000000000000000, 1.000000000000000000 ) ) ;
#3140 = ADVANCED_FACE ( 'NONE', ( #119, #4557, #1226 ), #435, .T. ) ;
#3141 = FACE_OUTER_BOUND ( 'NONE', #3150, .T. ) ;
#3142 = EDGE_CURVE ( 'NONE', #674, #1345, #4510, .T. ) ;
#3143 = EDGE_LOOP ( 'NONE', ( #964, #4111, #4421, #1185 ) ) ;
#3144 = LINE ( 'NONE', #2941, #4133 ) ;
#3145 = VERTEX_POINT ( 'NONE', #4220 ) ;
#3146 = CARTESIAN_POINT ( 'NONE',  ( -3.651740452624389732, -29.07740637894529456, 1.175000000000000488 ) ) ;
#3147 = VECTOR ( 'NONE', #2594, 1000.000000000000000 ) ;
#3148 = CARTESIAN_POINT ( 'NONE',  ( 27.00764282664259852, -11.37620318947241138, 53.82500000000000284 ) ) ;
#3149 = ADVANCED_FACE ( 'NONE', ( #2016 ), #3492, .F. ) ;
#3150 = EDGE_LOOP ( 'NONE', ( #151, #901, #187, #3937 ) ) ;
#3151 = DIRECTION ( 'NONE',  ( 0.8660254037844363761, 0.5000000000000039968, 0.000000000000000000 ) ) ;
#3152 = EDGE_LOOP ( 'NONE', ( #4233, #976, #1456, #554 ) ) ;
#3153 = CARTESIAN_POINT ( 'NONE',  ( -33.52541871041081833, -17.02379114006601313, 46.50230212312293077 ) ) ;
#3154 = LINE ( 'NONE', #4636, #4308 ) ;
#3155 = CARTESIAN_POINT ( 'NONE',  ( 3.651740452624389732, -32.07740637894529812, 13.82499999999999751 ) ) ;
#3156 = CARTESIAN_POINT ( 'NONE',  ( 24.75097728705702593, -22.72331673272165631, 47.50000000000000000 ) ) ;
#3157 = CARTESIAN_POINT ( 'NONE',  ( 28.35000000000000142, 4.500000000000000000, 58.27499999999999858 ) ) ;
#3158 = ORIENTED_EDGE ( 'NONE', *, *, #3887, .T. ) ;
#3159 = LINE ( 'NONE', #521, #2667 ) ;
#3160 = ORIENTED_EDGE ( 'NONE', *, *, #880, .F. ) ;
#3161 = FACE_BOUND ( 'NONE', #4075, .T. ) ;
#3162 = CARTESIAN_POINT ( 'NONE',  ( -28.16339681638847736, 18.32456700000326322, 6.129505304896981421 ) ) ;
#3163 = CARTESIAN_POINT ( 'NONE',  ( 3.974409553967058084, 37.38939239394666458, 28.02157064364176264 ) ) ;
#3164 = CARTESIAN_POINT ( 'NONE',  ( 0.000000000000000000, 0.000000000000000000, 37.91730115643939314 ) ) ;
#3165 = VERTEX_POINT ( 'NONE', #1939 ) ;
#3166 = CARTESIAN_POINT ( 'NONE',  ( -29.02336870257778401, -16.93003462542923288, 45.25222088546462373 ) ) ;
#3167 = ORIENTED_EDGE ( 'NONE', *, *, #586, .F. ) ;
#3168 = CARTESIAN_POINT ( 'NONE',  ( -23.93325264320768042, -16.70120318947274995, 51.82499999999999574 ) ) ;
#3169 = VECTOR ( 'NONE', #2070, 1000.000000000000000 ) ;
#3170 = CARTESIAN_POINT ( 'NONE',  ( -7.303480905248779465, 32.07740637894529812, 7.500000000000000000 ) ) ;
#3171 = ORIENTED_EDGE ( 'NONE', *, *, #3110, .T. ) ;
#3172 = CARTESIAN_POINT ( 'NONE',  ( 29.24501513253306939, -16.54417962291685740, 49.73332513839952185 ) ) ;
#3173 = ORIENTED_EDGE ( 'NONE', *, *, #4741, .F. ) ;
#3174 = EDGE_CURVE ( 'NONE', #1872, #3339, #1915, .T. ) ;
#3175 = EDGE_CURVE ( 'NONE', #4694, #2149, #130, .T. ) ;
#3176 = CARTESIAN_POINT ( 'NONE',  ( -27.97318786152204950, -18.61354225199273316, 48.22402627045322276 ) ) ;
#3177 = CARTESIAN_POINT ( 'NONE',  ( 30.02431005703193634, 15.08335438743523227, 8.628697338467894440 ) ) ;
#3178 = DIRECTION ( 'NONE',  ( 0.000000000000000000, 1.000000000000000000, 0.000000000000000000 ) ) ;
#3179 = CARTESIAN_POINT ( 'NONE',  ( 0.000000000000000000, 0.000000000000000000, 37.91730115643939314 ) ) ;
#3180 = DIRECTION ( 'NONE',  ( 0.000000000000000000, 1.000000000000000000, 0.000000000000000000 ) ) ;
#3181 = EDGE_CURVE ( 'NONE', #3532, #3718, #2152, .T. ) ;
#3182 = FACE_OUTER_BOUND ( 'NONE', #4704, .T. ) ;
#3183 = CARTESIAN_POINT ( 'NONE',  ( -27.76946746016734480, -18.91604284671366898, 51.82499999999999574 ) ) ;
#3184 = ORIENTED_EDGE ( 'NONE', *, *, #2471, .T. ) ;
#3185 = DIRECTION ( 'NONE',  ( 0.000000000000000000, -0.000000000000000000, 1.000000000000000000 ) ) ;
#3186 = CARTESIAN_POINT ( 'NONE',  ( 4.994079828490260553, 29.07740637894529456, 7.500000000000000000 ) ) ;
#3187 = ORIENTED_EDGE ( 'NONE', *, *, #3709, .T. ) ;
#3188 = DIRECTION ( 'NONE',  ( 0.5000000000000031086, -0.8660254037844368202, 0.000000000000000000 ) ) ;
#3189 = ORIENTED_EDGE ( 'NONE', *, *, #3881, .F. ) ;
#3190 = FACE_OUTER_BOUND ( 'NONE', #4796, .T. ) ;
#3191 = AXIS2_PLACEMENT_3D ( 'NONE', #900, #3509, #4211 ) ;
#3192 = CARTESIAN_POINT ( 'NONE',  ( 4.994079828490260553, 35.07740637894529812, 7.500000000000000000 ) ) ;
#3193 = ORIENTED_EDGE ( 'NONE', *, *, #3757, .T. ) ;
#3194 = DIRECTION ( 'NONE',  ( -1.000000000000000000, 0.000000000000000000, 0.000000000000000000 ) ) ;
#3195 = ORIENTED_EDGE ( 'NONE', *, *, #3208, .T. ) ;
#3196 = AXIS2_PLACEMENT_3D ( 'NONE', #3137, #4593, #4279 ) ;
#3197 = VECTOR ( 'NONE', #2474, 1000.000000000000114 ) ;
#3198 = CARTESIAN_POINT ( 'NONE',  ( -31.85527546503798391, -19.97539406992924782, 45.71297066931278152 ) ) ;
#3199 = CARTESIAN_POINT ( 'NONE',  ( -10.00000000000000000, 32.07740637894529812, 37.91730115643939314 ) ) ;
#3200 = LINE ( 'NONE', #4685, #3636 ) ;
#3201 = PLANE ( 'NONE',  #1547 ) ;
#3202 = EDGE_CURVE ( 'NONE', #3242, #2690, #1173, .T. ) ;
#3203 = ADVANCED_FACE ( 'NONE', ( #636 ), #3201, .F. ) ;
#3204 = CARTESIAN_POINT ( 'NONE',  ( -23.93325264320767332, -16.70120318947276417, 43.17499999999999005 ) ) ;
#3205 = AXIS2_PLACEMENT_3D ( 'NONE', #4370, #3988, #650 ) ;
#3206 = VECTOR ( 'NONE', #789, 1000.000000000000000 ) ;
#3207 = CARTESIAN_POINT ( 'NONE',  ( -31.68255207897240666, -20.24813396785862807, 48.98493295383240564 ) ) ;
#3208 = EDGE_CURVE ( 'NONE', #417, #4010, #1700, .T. ) ;
#3209 = ORIENTED_EDGE ( 'NONE', *, *, #1452, .F. ) ;
#3210 = AXIS2_PLACEMENT_3D ( 'NONE', #3530, #896, #3188 ) ;
#3211 = VECTOR ( 'NONE', #1606, 1000.000000000000227 ) ;
#3212 = CARTESIAN_POINT ( 'NONE',  ( -29.17138491459273908, 16.67368620900430898, 5.252047623014965083 ) ) ;
#3213 = CARTESIAN_POINT ( 'NONE',  ( 3.973663464049863148, 37.38947219121623533, 26.97277877832984316 ) ) ;
#3214 = ORIENTED_EDGE ( 'NONE', *, *, #2230, .T. ) ;
#3215 = CARTESIAN_POINT ( 'NONE',  ( -29.17171759708046963, -16.67311895537816113, 45.25198058930215694 ) ) ;
#3216 = ORIENTED_EDGE ( 'NONE', *, *, #1137, .T. ) ;
#3217 = CARTESIAN_POINT ( 'NONE',  ( -30.73841700679017563, -21.96350000000012770, 53.82500000000000284 ) ) ;
#3218 = CARTESIAN_POINT ( 'NONE',  ( 3.651740452624383071, -29.07740637894529456, 1.174999999999999600 ) ) ;
#3219 = VERTEX_POINT ( 'NONE', #961 ) ;
#3220 = FACE_BOUND ( 'NONE', #2009, .T. ) ;
#3221 = ORIENTED_EDGE ( 'NONE', *, *, #4385, .F. ) ;
#3222 = AXIS2_PLACEMENT_3D ( 'NONE', #3564, #3995, #1788 ) ;
#3223 = DIRECTION ( 'NONE',  ( -0.8660254037844387076, 0.000000000000000000, -0.4999999999999999445 ) ) ;
#3224 = DIRECTION ( 'NONE',  ( 0.8660254037844363761, 0.5000000000000039968, 0.000000000000000000 ) ) ;
#3225 = CARTESIAN_POINT ( 'NONE',  ( -37.60000000000000142, 0.000000000000000000, 55.00000000000000000 ) ) ;
#3226 = DIRECTION ( 'NONE',  ( 0.2500000000000016098, -0.4330127018922174664, 0.8660254037844391517 ) ) ;
#3227 = ADVANCED_FACE ( 'NONE', ( #4269 ), #1745, .T. ) ;
#3228 = EDGE_CURVE ( 'NONE', #177, #4251, #4687, .T. ) ;
#3229 = CARTESIAN_POINT ( 'NONE',  ( -33.52560286878345153, -17.02342934577471567, 48.49701910616638401 ) ) ;
#3230 = EDGE_LOOP ( 'NONE', ( #493, #1208, #812, #1642, #4084, #2406 ) ) ;
#3231 = VECTOR ( 'NONE', #3794, 1000.000000000000227 ) ;
#3232 = ADVANCED_FACE ( 'NONE', ( #2846 ), #934, .T. ) ;
#3233 = EDGE_CURVE ( 'NONE', #4541, #1507, #221, .T. ) ;
#3234 = CARTESIAN_POINT ( 'NONE',  ( -34.73102803877558387, 32.07740637894529812, 55.00590516225859972 ) ) ;
#3235 = VECTOR ( 'NONE', #1550, 1000.000000000000000 ) ;
#3236 = CARTESIAN_POINT ( 'NONE',  ( 3.871616095317959694, 37.40017674923118562, 26.46146624870491237 ) ) ;
#3237 = ORIENTED_EDGE ( 'NONE', *, *, #1273, .T. ) ;
#3238 = CARTESIAN_POINT ( 'NONE',  ( 26.37010394867115792, -20.85912207551460540, 51.69849680671311631 ) ) ;
#3239 = ORIENTED_EDGE ( 'NONE', *, *, #2998, .F. ) ;
#3240 = CARTESIAN_POINT ( 'NONE',  ( 4.898587196589412829E-16, 32.07740637894529101, 23.50000000000000355 ) ) ;
#3241 = CARTESIAN_POINT ( 'NONE',  ( -3.651740452624389732, 35.07740637894529812, 1.175000000000000488 ) ) ;
#3242 = VERTEX_POINT ( 'NONE', #265 ) ;
#3243 = CARTESIAN_POINT ( 'NONE',  ( -31.54404119575746890, 20.46314329497943874, 8.628705264054804758 ) ) ;
#3244 = VERTEX_POINT ( 'NONE', #3975 ) ;
#3245 = CARTESIAN_POINT ( 'NONE',  ( 33.11044537550660749, 17.81778156731365570, 9.451905973917986259 ) ) ;
#3246 = DIRECTION ( 'NONE',  ( 1.000000000000000000, 0.000000000000000000, 0.000000000000000000 ) ) ;
#3247 = CIRCLE ( 'NONE', #2407, 33.60000000000000142 ) ;
#3248 = CARTESIAN_POINT ( 'NONE',  ( 4.898586841470353469E-16, -37.60000000000000142, 23.50000000000000355 ) ) ;
#3249 = ORIENTED_EDGE ( 'NONE', *, *, #3581, .T. ) ;
#3250 = DIRECTION ( 'NONE',  ( 0.000000000000000000, 1.000000000000000000, 0.000000000000000000 ) ) ;
#3251 = CARTESIAN_POINT ( 'NONE',  ( -31.79519798547812570, -20.07078524825070431, 49.19475497351170645 ) ) ;
#3252 = CARTESIAN_POINT ( 'NONE',  ( -7.303480905248769695, 29.07740637894529456, 7.500000000000000000 ) ) ;
#3253 = AXIS2_PLACEMENT_3D ( 'NONE', #3857, #4532, #2308 ) ;
#3254 = CARTESIAN_POINT ( 'NONE',  ( 31.24958159237208832, 12.40761888222809084, 3.301503193286916105 ) ) ;
#3255 = CARTESIAN_POINT ( 'NONE',  ( -30.02449879912252229, 15.08297442715573844, 6.372189992252980772 ) ) ;
#3256 = CARTESIAN_POINT ( 'NONE',  ( 1.043082914344414469, 37.58641871586733885, 31.37059654448588120 ) ) ;
#3257 = VERTEX_POINT ( 'NONE', #3543 ) ;
#3258 = EDGE_CURVE ( 'NONE', #1031, #3750, #3883, .T. ) ;
#3259 = ORIENTED_EDGE ( 'NONE', *, *, #4834, .F. ) ;
#3260 = EDGE_CURVE ( 'NONE', #2099, #4307, #1227, .T. ) ;
#3261 = PLANE ( 'NONE',  #2967 ) ;
#3262 = DIRECTION ( 'NONE',  ( 1.000000000000000000, 0.000000000000000000, -0.000000000000000000 ) ) ;
#3263 = EDGE_LOOP ( 'NONE', ( #236, #354, #467, #1978 ) ) ;
#3264 = CARTESIAN_POINT ( 'NONE',  ( -31.79498589419487686, 20.07111511285753025, 9.194261015982666763 ) ) ;
#3265 = VERTEX_POINT ( 'NONE', #3566 ) ;
#3266 = EDGE_CURVE ( 'NONE', #1167, #4030, #3608, .T. ) ;
#3267 = AXIS2_PLACEMENT_3D ( 'NONE', #4793, #3967, #1853 ) ;
#3268 = CARTESIAN_POINT ( 'NONE',  ( 33.27958851711391475, 17.49970794091172266, 9.194261015982664986 ) ) ;
#3269 = CARTESIAN_POINT ( 'NONE',  ( -2.009199619610436483E-16, -37.60000000000000142, 9.747899999999999565 ) ) ;
#3270 = CARTESIAN_POINT ( 'NONE',  ( -3.470364571571427081, -37.43978934537584280, 25.49380194954752099 ) ) ;
#3271 = ORIENTED_EDGE ( 'NONE', *, *, #4746, .T. ) ;
#3272 = LINE ( 'NONE', #199, #4377 ) ;
#3273 = DIRECTION ( 'NONE',  ( -0.4330127018922120263, -0.7500000000000035527, -0.5000000000000009992 ) ) ;
#3274 = CARTESIAN_POINT ( 'NONE',  ( 32.26730315492747536, 19.30289965344306680, 5.324086446414010965 ) ) ;
#3275 = CARTESIAN_POINT ( 'NONE',  ( -2.497039914245133829, -35.07740637894529812, 11.82499999999999929 ) ) ;
#3276 = CARTESIAN_POINT ( 'NONE',  ( 1.128705604702652021, 37.58325527573504843, 5.550418853737054903 ) ) ;
#3277 = CIRCLE ( 'NONE', #315, 33.60000000000000142 ) ;
#3278 = CARTESIAN_POINT ( 'NONE',  ( 2.007149152052403629, -37.54701595129749592, 24.03024275563111090 ) ) ;
#3279 = ORIENTED_EDGE ( 'NONE', *, *, #335, .F. ) ;
#3280 = CARTESIAN_POINT ( 'NONE',  ( 27.00764282664245641, 11.37620318947277198, 13.82499999999999929 ) ) ;
#3281 = VERTEX_POINT ( 'NONE', #1332 ) ;
#3282 = DIRECTION ( 'NONE',  ( 0.000000000000000000, 1.000000000000000000, 0.000000000000000000 ) ) ;
#3283 = EDGE_CURVE ( 'NONE', #4102, #4714, #3977, .T. ) ;
#3284 = CARTESIAN_POINT ( 'NONE',  ( -27.10021823635408111, -19.86298496052348384, 41.17499999999999716 ) ) ;
#3285 = ORIENTED_EDGE ( 'NONE', *, *, #2115, .T. ) ;
#3286 = CARTESIAN_POINT ( 'NONE',  ( 0.000000000000000000, -37.60000000000000142, 27.50000000000000355 ) ) ;
#3287 = EDGE_LOOP ( 'NONE', ( #2788, #3388, #2752, #111 ) ) ;
#3288 = EDGE_CURVE ( 'NONE', #177, #1458, #4567, .T. ) ;
#3289 = CARTESIAN_POINT ( 'NONE',  ( 33.60160188169637507, 16.87320387299923041, 8.092154980335616088 ) ) ;
#3290 = CARTESIAN_POINT ( 'NONE',  ( -33.62826062478498557, 16.81963398387538433, 7.500000000000000000 ) ) ;
#3291 = DIRECTION ( 'NONE',  ( -0.000000000000000000, -0.000000000000000000, 1.000000000000000000 ) ) ;
#3292 = ORIENTED_EDGE ( 'NONE', *, *, #2197, .F. ) ;
#3293 = CARTESIAN_POINT ( 'NONE',  ( -30.26650737441269001, 14.59104284671326646, 11.82499999999999574 ) ) ;
#3294 = DIRECTION ( 'NONE',  ( 0.4330127018922123594, 0.7500000000000039968, 0.5000000000000001110 ) ) ;
#3295 = DIRECTION ( 'NONE',  ( -0.8660254037844387076, 0.000000000000000000, 0.5000000000000001110 ) ) ;
#3296 = LINE ( 'NONE', #2867, #4094 ) ;
#3297 = CARTESIAN_POINT ( 'NONE',  ( 0.5921550433205891029, 37.59630948031488629, 5.311822251142018558 ) ) ;
#3298 = CARTESIAN_POINT ( 'NONE',  ( 1.039387027037409927, -37.58650669095484886, 23.62855619634251525 ) ) ;
#3299 = EDGE_LOOP ( 'NONE', ( #593, #2725, #1696, #3869 ) ) ;
#3300 = FACE_OUTER_BOUND ( 'NONE', #4455, .T. ) ;
#3301 = ORIENTED_EDGE ( 'NONE', *, *, #544, .F. ) ;
#3302 = FACE_OUTER_BOUND ( 'NONE', #3143, .T. ) ;
#3303 = CARTESIAN_POINT ( 'NONE',  ( 33.62826062478497846, -16.81963398387538433, 47.35330748671506029 ) ) ;
#3304 = VECTOR ( 'NONE', #2477, 1000.000000000000000 ) ;
#3305 = LINE ( 'NONE', #4060, #3035 ) ;
#3306 = ORIENTED_EDGE ( 'NONE', *, *, #2382, .F. ) ;
#3307 = CARTESIAN_POINT ( 'NONE',  ( -33.42466200573110058, 17.22193166325928004, 8.881019167956985427 ) ) ;
#3308 = ORIENTED_EDGE ( 'NONE', *, *, #3288, .T. ) ;
#3309 = CARTESIAN_POINT ( 'NONE',  ( 32.26716207641047873, 19.30313172200468586, 9.675806777585627572 ) ) ;
#3310 = CARTESIAN_POINT ( 'NONE',  ( 3.651740452624383071, 35.07740637894529812, 1.174999999999999600 ) ) ;
#3311 = CARTESIAN_POINT ( 'NONE',  ( 0.000000000000000000, 0.000000000000000000, 55.00000000000000000 ) ) ;
#3312 = ORIENTED_EDGE ( 'NONE', *, *, #3208, .F. ) ;
#3313 = ADVANCED_FACE ( 'NONE', ( #3586 ), #1766, .F. ) ;
#3314 = CYLINDRICAL_SURFACE ( 'NONE', #1796, 2.247900000000003562 ) ;
#3315 = EDGE_CURVE ( 'NONE', #4398, #4761, #2390, .T. ) ;
#3316 = AXIS2_PLACEMENT_3D ( 'NONE', #517, #1917, #4586 ) ;
#3317 = DIRECTION ( 'NONE',  ( 0.4999999999999919509, 0.8660254037844432595, 1.187600473310006247E-16 ) ) ;
#3318 = CARTESIAN_POINT ( 'NONE',  ( 32.05360276484175586, 19.65566288228373537, 5.479177144061520011 ) ) ;
#3319 = CIRCLE ( 'NONE', #1222, 33.60000000000000142 ) ;
#3320 =( BOUNDED_CURVE ( )  B_SPLINE_CURVE ( 3, ( #3471, #4564, #2443, #3183 ),
 .UNSPECIFIED., .F., .T. ) 
 B_SPLINE_CURVE_WITH_KNOTS ( ( 4, 4 ),
 ( 1.421610220784993439, 1.496411084027253091 ),
 .UNSPECIFIED. ) 
 CURVE ( )  GEOMETRIC_REPRESENTATION_ITEM ( )  RATIONAL_B_SPLINE_CURVE ( ( 1.000000000000000000, 0.9995337902528685925, 0.9995337902528685925, 1.000000000000000000 ) ) 
 REPRESENTATION_ITEM ( '' )  );
#3321 = CARTESIAN_POINT ( 'NONE',  ( 2.752883629494760636E-16, -37.60000000000000142, 5.252100000000000435 ) ) ;
#3322 = B_SPLINE_CURVE_WITH_KNOTS ( 'NONE', 3,
 ( #3862, #2723, #571, #4589, #2071, #1996, #3546, #2419, #3889, #803, #1985, #114, #407, #1912, #3828, #1960, #3730, #2257, #432, #3100, #485, #3439, #67, #1548, #4482, #3461, #4118, #2716, #1619, #2304, #1123, #2622, #3389, #42 ),
 .UNSPECIFIED., .F., .F.,
 ( 4, 2, 2, 2, 2, 2, 2, 2, 2, 2, 2, 2, 2, 2, 2, 2, 4 ),
 ( 1.701849950765807433E-18, 0.0007821670666130260295, 0.001564334133226050324, 0.002346501199839074511, 0.003128668266452098914, 0.003910835333065122883, 0.004693002399678147286, 0.005475169466291171690, 0.006257336532904196093, 0.007039503599517220496, 0.007821670666130244032, 0.008603837732743268435, 0.009386004799356292838, 0.01016817186596931724, 0.01095033893258234164, 0.01173250599919536605, 0.01251467306580839045 ),
 .UNSPECIFIED. ) ;
#3323 = CARTESIAN_POINT ( 'NONE',  ( 0.9976981540849034769, 37.58700416270325917, 5.480326371708198252 ) ) ;
#3324 = VECTOR ( 'NONE', #198, 1000.000000000000000 ) ;
#3325 = CARTESIAN_POINT ( 'NONE',  ( 0.5264266440645448686, -37.59718986320103795, 23.52617595944780859 ) ) ;
#3326 = APPLICATION_CONTEXT ( 'automotive_design' ) ;
#3327 = EDGE_LOOP ( 'NONE', ( #2399, #1494, #2253, #2125 ) ) ;
#3328 = DIRECTION ( 'NONE',  ( -0.2499999999999964473, -0.4330127018922224624, 0.8660254037844380415 ) ) ;
#3329 = ORIENTED_EDGE ( 'NONE', *, *, #3061, .F. ) ;
#3330 = FACE_OUTER_BOUND ( 'NONE', #1034, .T. ) ;
#3331 = CARTESIAN_POINT ( 'NONE',  ( -27.88088510879201110, 21.86370318947239255, 7.500000000000000000 ) ) ;
#3332 = LINE ( 'NONE', #1039, #617 ) ;
#3333 = EDGE_LOOP ( 'NONE', ( #4788, #2472, #3904, #2863, #346, #2817 ) ) ;
#3334 = DIRECTION ( 'NONE',  ( 0.000000000000000000, 0.000000000000000000, 1.000000000000000000 ) ) ;
#3335 = VERTEX_POINT ( 'NONE', #1095 ) ;
#3336 = CARTESIAN_POINT ( 'NONE',  ( -33.81280719022494452, -16.63850000000015683, 51.82499999999999574 ) ) ;
#3337 = ORIENTED_EDGE ( 'NONE', *, *, #2413, .T. ) ;
#3338 = CARTESIAN_POINT ( 'NONE',  ( -3.974409553967058084, -37.38939239394666458, 28.02157064364176264 ) ) ;
#3339 = VERTEX_POINT ( 'NONE', #3996 ) ;
#3340 = DIRECTION ( 'NONE',  ( 0.000000000000000000, 0.000000000000000000, 1.000000000000000000 ) ) ;
#3341 = AXIS2_PLACEMENT_3D ( 'NONE', #3164, #157, #3528 ) ;
#3342 = EDGE_CURVE ( 'NONE', #579, #1219, #1468, .T. ) ;
#3343 = FACE_OUTER_BOUND ( 'NONE', #1190, .T. ) ;
#3344 = EDGE_CURVE ( 'NONE', #2962, #1248, #657, .T. ) ;
#3345 = CARTESIAN_POINT ( 'NONE',  ( 31.50535216179554965, 20.52257238312896703, 6.503607031239883263 ) ) ;
#3346 = CARTESIAN_POINT ( 'NONE',  ( 1.130164872917080565, -37.58398529465089410, 5.534929279673671765 ) ) ;
#3347 = LINE ( 'NONE', #4763, #2127 ) ;
#3348 = CARTESIAN_POINT ( 'NONE',  ( 4.898586841470353469E-16, -37.60000000000000142, 23.50000000000000355 ) ) ;
#3349 = EDGE_CURVE ( 'NONE', #4030, #4744, #1443, .T. ) ;
#3350 = VERTEX_POINT ( 'NONE', #4017 ) ;
#3351 = DIRECTION ( 'NONE',  ( 0.8660254037844432595, -0.4999999999999920064, 0.000000000000000000 ) ) ;
#3352 = EDGE_LOOP ( 'NONE', ( #2372, #3537, #1880, #4352 ) ) ;
#3353 = FACE_OUTER_BOUND ( 'NONE', #2497, .T. ) ;
#3354 = VECTOR ( 'NONE', #3719, 1000.000000000000000 ) ;
#3355 = CARTESIAN_POINT ( 'NONE',  ( 33.62189494520377053, -16.83237979751521962, 47.20749387509837192 ) ) ;
#3356 = VECTOR ( 'NONE', #3513, 1000.000000000000114 ) ;
#3357 = DIRECTION ( 'NONE',  ( -4.341949707332860770E-17, 7.520477497009250555E-17, -1.000000000000000000 ) ) ;
#3358 = EDGE_LOOP ( 'NONE', ( #894, #1857, #1195, #774 ) ) ;
#3359 = VERTEX_POINT ( 'NONE', #1860 ) ;
#3360 = AXIS2_PLACEMENT_3D ( 'NONE', #2749, #1627, #3036 ) ;
#3361 = CARTESIAN_POINT ( 'NONE',  ( -30.15721039549310944, 14.81562219962304994, 7.646696339576122270 ) ) ;
#3362 = CARTESIAN_POINT ( 'NONE',  ( -21.53003214770583895, -20.86370318947274782, 47.50000000000000000 ) ) ;
#3363 = VERTEX_POINT ( 'NONE', #2929 ) ;
#3364 = DIRECTION ( 'NONE',  ( -0.000000000000000000, 1.000000000000000000, -0.000000000000000000 ) ) ;
#3365 = LINE ( 'NONE', #3414, #2592 ) ;
#3366 = DIRECTION ( 'NONE',  ( 0.000000000000000000, 0.000000000000000000, 1.000000000000000000 ) ) ;
#3367 = DIRECTION ( 'NONE',  ( 0.4999999999999927836, 0.8660254037844428154, 0.000000000000000000 ) ) ;
#3368 = CARTESIAN_POINT ( 'NONE',  ( -34.39015745941458135, -15.63850000000015861, 53.82499999999999574 ) ) ;
#3369 = CARTESIAN_POINT ( 'NONE',  ( 31.98314489001629468, -19.77148605851112961, 49.46457510606558117 ) ) ;
#3370 = ADVANCED_FACE ( 'NONE', ( #1814 ), #338, .T. ) ;
#3371 = CARTESIAN_POINT ( 'NONE',  ( 2.019494102910822875, 37.54576994389463351, 8.498178745245596133 ) ) ;
#3372 = AXIS2_PLACEMENT_3D ( 'NONE', #4162, #3434, #3410 ) ;
#3373 = CARTESIAN_POINT ( 'NONE',  ( 2.004265603477115132, -37.54717467638248962, 30.97148871600944631 ) ) ;
#3374 = EDGE_LOOP ( 'NONE', ( #1711, #2325, #665, #2952 ) ) ;
#3375 = DIRECTION ( 'NONE',  ( -0.000000000000000000, -1.000000000000000000, -0.000000000000000000 ) ) ;
#3376 = ORIENTED_EDGE ( 'NONE', *, *, #1448, .F. ) ;
#3377 = LINE ( 'NONE', #419, #2353 ) ;
#3378 = EDGE_CURVE ( 'NONE', #1054, #4043, #4090, .T. ) ;
#3379 = ADVANCED_FACE ( 'NONE', ( #290, #4778 ), #4754, .F. ) ;
#3380 = CARTESIAN_POINT ( 'NONE',  ( -24.75097728705700817, 22.72331673272165986, 7.500000000000000000 ) ) ;
#3381 = CARTESIAN_POINT ( 'NONE',  ( 31.27227883592911084, 12.28839193743022129, 7.500000000000000000 ) ) ;
#3382 = ORIENTED_EDGE ( 'NONE', *, *, #4559, .F. ) ;
#3383 = DIRECTION ( 'NONE',  ( -0.4999999999999998890, 0.000000000000000000, -0.8660254037844385966 ) ) ;
#3384 = ORIENTED_EDGE ( 'NONE', *, *, #1448, .T. ) ;
#3385 = AXIS2_PLACEMENT_3D ( 'NONE', #2105, #1351, #2130 ) ;
#3386 = CARTESIAN_POINT ( 'NONE',  ( 2.752883629494760636E-16, -37.60000000000000142, 5.252100000000000435 ) ) ;
#3387 = DIRECTION ( 'NONE',  ( 0.000000000000000000, 0.000000000000000000, 1.000000000000000000 ) ) ;
#3388 = ORIENTED_EDGE ( 'NONE', *, *, #269, .T. ) ;
#3389 = CARTESIAN_POINT ( 'NONE',  ( -0.2611522975868940111, 37.60000000000000853, 23.50000000000000711 ) ) ;
#3390 = CARTESIAN_POINT ( 'NONE',  ( 27.90931039549313297, -18.70909920995714515, 47.50000000000000000 ) ) ;
#3391 = CARTESIAN_POINT ( 'NONE',  ( 23.59999999999999787, -3.000000000000000000, 55.00000000000000000 ) ) ;
#3392 = CARTESIAN_POINT ( 'NONE',  ( 28.83351305295466815, 8.213703189472781219, 7.500000000000000000 ) ) ;
#3393 = CARTESIAN_POINT ( 'NONE',  ( 0.2925061483568769938, -37.59914152790099706, 5.266321037965441931 ) ) ;
#3394 = LINE ( 'NONE', #2360, #3 ) ;
#3395 = PLANE ( 'NONE',  #204 ) ;
#3396 = ORIENTED_EDGE ( 'NONE', *, *, #2342, .T. ) ;
#3397 = DIRECTION ( 'NONE',  ( -0.4330127018922119708, -0.7500000000000034417, -0.5000000000000012212 ) ) ;
#3398 = ORIENTED_EDGE ( 'NONE', *, *, #3676, .T. ) ;
#3399 = LINE ( 'NONE', #3811, #1883 ) ;
#3400 = DIRECTION ( 'NONE',  ( -0.8660254037844432595, 0.4999999999999919509, 0.000000000000000000 ) ) ;
#3401 = CARTESIAN_POINT ( 'NONE',  ( 34.59999999999999432, -3.000000000000000000, 82.90000000000000568 ) ) ;
#3402 = VECTOR ( 'NONE', #4707, 1000.000000000000000 ) ;
#3403 = ADVANCED_FACE ( 'NONE', ( #4042, #705 ), #2211, .F. ) ;
#3404 = FACE_OUTER_BOUND ( 'NONE', #4546, .T. ) ;
#3405 = ADVANCED_FACE ( 'NONE', ( #3051 ), #3074, .F. ) ;
#3406 = ORIENTED_EDGE ( 'NONE', *, *, #1473, .F. ) ;
#3407 = LINE ( 'NONE', #1951, #2774 ) ;
#3408 = AXIS2_PLACEMENT_3D ( 'NONE', #3368, #4022, #4430 ) ;
#3409 = EDGE_LOOP ( 'NONE', ( #3702, #2740, #1486, #1779, #1616 ) ) ;
#3410 = DIRECTION ( 'NONE',  ( 0.000000000000000000, -0.5547001962252300356, -0.8320502943378429439 ) ) ;
#3411 = ADVANCED_FACE ( 'NONE', ( #2379, #403 ), #429, .F. ) ;
#3412 = DIRECTION ( 'NONE',  ( -0.000000000000000000, -0.000000000000000000, 1.000000000000000000 ) ) ;
#3413 = ORIENTED_EDGE ( 'NONE', *, *, #2558, .F. ) ;
#3414 = CARTESIAN_POINT ( 'NONE',  ( -27.00764282664244220, -11.37620318947279685, 41.17499999999999005 ) ) ;
#3415 = CARTESIAN_POINT ( 'NONE',  ( 30.10630585886336874, -14.91889720564329913, 46.77559836135149141 ) ) ;
#3416 = CARTESIAN_POINT ( 'NONE',  ( 33.46580344172242150, -3.000000000000000000, 57.00000000000000000 ) ) ;
#3417 = DIRECTION ( 'NONE',  ( -0.2500000000000020539, 0.4330127018922182436, 0.8660254037844385966 ) ) ;
#3418 = CARTESIAN_POINT ( 'NONE',  ( -0.5838518225479230050, 37.59574272333897937, 9.675717910388838661 ) ) ;
#3419 = VECTOR ( 'NONE', #820, 1000.000000000000000 ) ;
#3420 = DIRECTION ( 'NONE',  ( 0.000000000000000000, 1.000000000000000000, 0.000000000000000000 ) ) ;
#3421 = VERTEX_POINT ( 'NONE', #2328 ) ;
#3422 = AXIS2_PLACEMENT_3D ( 'NONE', #549, #2446, #864 ) ;
#3423 = DIRECTION ( 'NONE',  ( 0.000000000000000000, 0.5547001962252282592, -0.8320502943378442762 ) ) ;
#3424 = ORIENTED_EDGE ( 'NONE', *, *, #1297, .F. ) ;
#3425 = DIRECTION ( 'NONE',  ( 0.000000000000000000, -0.000000000000000000, 1.000000000000000000 ) ) ;
#3426 = CARTESIAN_POINT ( 'NONE',  ( 32.05445819230566684, -10.07331673272158312, 47.50000000000002842 ) ) ;
#3427 = DIRECTION ( 'NONE',  ( -0.4999999999999997224, 0.000000000000000000, 0.8660254037844388186 ) ) ;
#3428 = DIRECTION ( 'NONE',  ( 0.9915914290789090701, 6.864141986358920625E-17, -0.1294080282565453210 ) ) ;
#3429 = ORIENTED_EDGE ( 'NONE', *, *, #3703, .T. ) ;
#3430 = DIRECTION ( 'NONE',  ( 0.4999999999999919509, 0.8660254037844432595, 9.500803786480077585E-16 ) ) ;
#3431 = ORIENTED_EDGE ( 'NONE', *, *, #748, .F. ) ;
#3432 = EDGE_CURVE ( 'NONE', #925, #583, #773, .T. ) ;
#3433 = VECTOR ( 'NONE', #3571, 1000.000000000000227 ) ;
#3434 = DIRECTION ( 'NONE',  ( 0.4330127018922229065, -0.7499999999999980016, 0.4999999999999999445 ) ) ;
#3435 = CARTESIAN_POINT ( 'NONE',  ( 28.03582602107802657, -18.51906197281883948, 48.49704736173202235 ) ) ;
#3436 = ORIENTED_EDGE ( 'NONE', *, *, #2672, .F. ) ;
#3437 = VECTOR ( 'NONE', #1673, 1000.000000000000227 ) ;
#3438 = ADVANCED_FACE ( 'NONE', ( #2689 ), #4479, .F. ) ;
#3439 = CARTESIAN_POINT ( 'NONE',  ( -3.595646764172808041, 37.42781689305496684, 25.72797542136200377 ) ) ;
#3440 = CARTESIAN_POINT ( 'NONE',  ( 28.07472310231841917, -18.46013804677252068, 46.37130266153210556 ) ) ;
#3441 = CARTESIAN_POINT ( 'NONE',  ( 33.24561954796576657, -4.868916998821667619, 55.00000000000000000 ) ) ;
#3442 = LINE ( 'NONE', #3059, #2095 ) ;
#3443 = CARTESIAN_POINT ( 'NONE',  ( -2.233327379295920068, 37.53362593389773849, 7.794809091321314831 ) ) ;
#3444 = CARTESIAN_POINT ( 'NONE',  ( 28.35000000000000142, -3.000000000000000000, 58.27499999999999858 ) ) ;
#3445 = EDGE_LOOP ( 'NONE', ( #4617, #3987, #3135, #1874, #1432, #1514 ) ) ;
#3446 = CARTESIAN_POINT ( 'NONE',  ( 0.000000000000000000, -37.60099999999999909, 9.747899999999999565 ) ) ;
#3447 = ORIENTED_EDGE ( 'NONE', *, *, #1471, .T. ) ;
#3448 = CARTESIAN_POINT ( 'NONE',  ( 3.651740452624389732, -29.07740637894529456, 13.82499999999999929 ) ) ;
#3449 = VECTOR ( 'NONE', #1324, 1000.000000000000227 ) ;
#3450 = CARTESIAN_POINT ( 'NONE',  ( 32.91985700450459973, -18.16759477772457032, 45.36759240716945385 ) ) ;
#3451 = CARTESIAN_POINT ( 'NONE',  ( 37.48012806808429787, -3.000000000000000000, 87.79999999999998295 ) ) ;
#3452 = FACE_OUTER_BOUND ( 'NONE', #1822, .T. ) ;
#3453 = ORIENTED_EDGE ( 'NONE', *, *, #991, .T. ) ;
#3454 = CARTESIAN_POINT ( 'NONE',  ( 28.51870042683372475, 17.76678295179792144, 5.549596847990176052 ) ) ;
#3455 = ORIENTED_EDGE ( 'NONE', *, *, #904, .F. ) ;
#3456 = CARTESIAN_POINT ( 'NONE',  ( -25.50785748847131273, 32.07740637894529812, 60.33090516225858835 ) ) ;
#3457 = DIRECTION ( 'NONE',  ( 0.000000000000000000, 0.000000000000000000, 1.000000000000000000 ) ) ;
#3458 = EDGE_LOOP ( 'NONE', ( #3990, #2914, #3968, #1714, #3739, #4372 ) ) ;
#3459 = ORIENTED_EDGE ( 'NONE', *, *, #2959, .F. ) ;
#3460 = AXIS2_PLACEMENT_3D ( 'NONE', #220, #3178, #3565 ) ;
#3461 = CARTESIAN_POINT ( 'NONE',  ( -2.642137551712604893, 37.50752141227487613, 24.48522986267924040 ) ) ;
#3462 = CARTESIAN_POINT ( 'NONE',  ( 27.76946746016760770, -18.91604284671329594, 51.82499999999999574 ) ) ;
#3463 = CARTESIAN_POINT ( 'NONE',  ( -44.48246060384946787, 25.68196060384886437, 7.500000000000000000 ) ) ;
#3464 = CARTESIAN_POINT ( 'NONE',  ( 6.242236435425348368E-15, -32.07740637894529812, 3.174999999999997158 ) ) ;
#3465 = EDGE_CURVE ( 'NONE', #4289, #4539, #2307, .T. ) ;
#3466 = EDGE_CURVE ( 'NONE', #4474, #3561, #3487, .T. ) ;
#3467 = CARTESIAN_POINT ( 'NONE',  ( 4.994079828490260553, -29.07740637894529456, 7.500000000000000000 ) ) ;
#3468 = DIRECTION ( 'NONE',  ( 0.000000000000000000, 0.000000000000000000, 1.000000000000000000 ) ) ;
#3469 = EDGE_CURVE ( 'NONE', #3219, #2948, #3002, .T. ) ;
#3470 = EDGE_LOOP ( 'NONE', ( #1230, #548, #4719, #1393 ) ) ;
#3471 = CARTESIAN_POINT ( 'NONE',  ( -26.27819900743881121, -20.93839193743019678, 47.50000000000000000 ) ) ;
#3472 = ORIENTED_EDGE ( 'NONE', *, *, #2696, .F. ) ;
#3473 = CARTESIAN_POINT ( 'NONE',  ( 23.93325264320767332, 16.70120318947276061, 3.175000000000000711 ) ) ;
#3474 = MANIFOLD_SOLID_BREP ( 'Cut-Extrude7', #1196 ) ;
#3475 = CARTESIAN_POINT ( 'NONE',  ( 33.81280719022518610, -16.63849999999968787, 43.17499999999999005 ) ) ;
#3476 = DIRECTION ( 'NONE',  ( 0.000000000000000000, 0.000000000000000000, 1.000000000000000000 ) ) ;
#3477 = AXIS2_PLACEMENT_3D ( 'NONE', #3004, #4575, #3340 ) ;
#3478 = DIRECTION ( 'NONE',  ( 0.000000000000000000, 0.000000000000000000, -1.000000000000000000 ) ) ;
#3479 = EDGE_LOOP ( 'NONE', ( #1694, #1969, #4086, #1343 ) ) ;
#3480 = CARTESIAN_POINT ( 'NONE',  ( 0.000000000000000000, -3.000000000000000000, 57.00000000000000000 ) ) ;
#3481 = ORIENTED_EDGE ( 'NONE', *, *, #1501, .T. ) ;
#3482 =( BOUNDED_CURVE ( )  B_SPLINE_CURVE ( 3, ( #2560, #4029, #4346, #1080 ),
 .UNSPECIFIED., .F., .F. ) 
 B_SPLINE_CURVE_WITH_KNOTS ( ( 4, 4 ),
 ( 4.563202874374786333, 4.638003737617045097 ),
 .UNSPECIFIED. ) 
 CURVE ( )  GEOMETRIC_REPRESENTATION_ITEM ( )  RATIONAL_B_SPLINE_CURVE ( ( 1.000000000000000000, 0.9995337902528685925, 0.9995337902528685925, 1.000000000000000000 ) ) 
 REPRESENTATION_ITEM ( '' )  );
#3483 = CARTESIAN_POINT ( 'NONE',  ( 0.000000000000000000, -32.07740637894529812, 75.05787354967810643 ) ) ;
#3484 = AXIS2_PLACEMENT_3D ( 'NONE', #3311, #4800, #2951 ) ;
#3485 = DIRECTION ( 'NONE',  ( -0.4999999999999996669, 0.000000000000000000, 0.8660254037844388186 ) ) ;
#3486 = ORIENTED_EDGE ( 'NONE', *, *, #184, .F. ) ;
#3487 = LINE ( 'NONE', #64, #2079 ) ;
#3488 = ORIENTED_EDGE ( 'NONE', *, *, #1265, .T. ) ;
#3489 = CARTESIAN_POINT ( 'NONE',  ( -32.84907301813397140, -18.29532832320994373, 45.32336748364667045 ) ) ;
#3490 = CARTESIAN_POINT ( 'NONE',  ( 29.64463793849895268, 15.81677525786431460, 9.451895716799537439 ) ) ;
#3491 = CARTESIAN_POINT ( 'NONE',  ( -31.38841502857640720, 20.70092318615800409, 7.205370198459490005 ) ) ;
#3492 = PLANE ( 'NONE',  #1315 ) ;
#3493 = CARTESIAN_POINT ( 'NONE',  ( 32.85045304404736299, -18.29285441705928505, 49.67591355358599259 ) ) ;
#3494 = EDGE_CURVE ( 'NONE', #1631, #3359, #3776, .T. ) ;
#3495 = EDGE_CURVE ( 'NONE', #339, #940, #161, .T. ) ;
#3496 = LINE ( 'NONE', #4513, #2092 ) ;
#3497 = VERTEX_POINT ( 'NONE', #1001 ) ;
#3498 = FACE_OUTER_BOUND ( 'NONE', #3333, .T. ) ;
#3499 = ORIENTED_EDGE ( 'NONE', *, *, #117, .F. ) ;
#3500 = LINE ( 'NONE', #3088, #3826 ) ;
#3501 = EDGE_CURVE ( 'NONE', #3718, #1047, #2388, .T. ) ;
#3502 = DIRECTION ( 'NONE',  ( -0.8660254037844432595, 0.4999999999999919509, 0.000000000000000000 ) ) ;
#3503 = LINE ( 'NONE', #892, #3667 ) ;
#3504 = FACE_OUTER_BOUND ( 'NONE', #4655, .T. ) ;
#3505 = VERTEX_POINT ( 'NONE', #1326 ) ;
#3506 = CARTESIAN_POINT ( 'NONE',  ( -27.76946746016734480, -18.91604284671366898, 51.82499999999999574 ) ) ;
#3507 = EDGE_LOOP ( 'NONE', ( #652, #2883 ) ) ;
#3508 = CYLINDRICAL_SURFACE ( 'NONE', #2818, 2.247900000000000453 ) ;
#3509 = DIRECTION ( 'NONE',  ( 0.000000000000000000, 0.000000000000000000, -1.000000000000000000 ) ) ;
#3510 = ORIENTED_EDGE ( 'NONE', *, *, #1363, .F. ) ;
#3511 = CARTESIAN_POINT ( 'NONE',  ( -24.75097728705669553, -22.72331673272201158, 47.50000000000000711 ) ) ;
#3512 = ORIENTED_EDGE ( 'NONE', *, *, #3820, .T. ) ;
#3513 = DIRECTION ( 'NONE',  ( -0.4999999999999919509, -0.8660254037844432595, 0.000000000000000000 ) ) ;
#3514 = CARTESIAN_POINT ( 'NONE',  ( 30.15721039549289628, 14.81562219962346560, 7.500000000000000888 ) ) ;
#3515 = FACE_BOUND ( 'NONE', #2768, .T. ) ;
#3516 = CIRCLE ( 'NONE', #472, 0.8750000000000007772 ) ;
#3517 = CARTESIAN_POINT ( 'NONE',  ( -4.994079828490264106, -29.07740637894529456, 7.500000000000000000 ) ) ;
#3518 = CARTESIAN_POINT ( 'NONE',  ( -2.133445721243968585, 37.53946709839602391, 8.223297024690676693 ) ) ;
#3519 = VECTOR ( 'NONE', #4048, 1000.000000000000000 ) ;
#3520 = FACE_OUTER_BOUND ( 'NONE', #4128, .T. ) ;
#3521 = ORIENTED_EDGE ( 'NONE', *, *, #4026, .F. ) ;
#3522 = CYLINDRICAL_SURFACE ( 'NONE', #2356, 33.60000000000000142 ) ;
#3523 = ORIENTED_EDGE ( 'NONE', *, *, #3175, .T. ) ;
#3524 = EDGE_CURVE ( 'NONE', #2099, #2909, #1643, .T. ) ;
#3525 = FACE_BOUND ( 'NONE', #903, .T. ) ;
#3526 = CARTESIAN_POINT ( 'NONE',  ( -3.651740452624386624, 35.07740637894529812, 13.82499999999999929 ) ) ;
#3527 = CARTESIAN_POINT ( 'NONE',  ( 1.289406714959260070, 37.57865699348868560, 23.70456908561088838 ) ) ;
#3528 = DIRECTION ( 'NONE',  ( 0.000000000000000000, 1.000000000000000000, 0.000000000000000000 ) ) ;
#3529 = VERTEX_POINT ( 'NONE', #4290 ) ;
#3530 = CARTESIAN_POINT ( 'NONE',  ( 44.48246060384926892, 25.68196060384957491, 7.500000000000000000 ) ) ;
#3531 = ADVANCED_FACE ( 'NONE', ( #3220, #535 ), #3124, .T. ) ;
#3532 = VERTEX_POINT ( 'NONE', #3511 ) ;
#3533 = ADVANCED_FACE ( 'NONE', ( #4607 ), #4633, .F. ) ;
#3534 = CARTESIAN_POINT ( 'NONE',  ( 0.000000000000000000, -37.60099999999999909, 7.500000000000000000 ) ) ;
#3535 = VECTOR ( 'NONE', #1420, 1000.000000000000000 ) ;
#3536 = CARTESIAN_POINT ( 'NONE',  ( -26.80039068617773523, -20.28302848378313072, 46.06472356009663116 ) ) ;
#3537 = ORIENTED_EDGE ( 'NONE', *, *, #3735, .T. ) ;
#3538 = CARTESIAN_POINT ( 'NONE',  ( 33.62826062478498557, -16.81963398387538433, 47.50000000000000000 ) ) ;
#3539 = ORIENTED_EDGE ( 'NONE', *, *, #2827, .F. ) ;
#3540 = DIRECTION ( 'NONE',  ( -6.123233995736766036E-17, 1.000000000000000000, 6.123233995736763571E-17 ) ) ;
#3541 = FACE_OUTER_BOUND ( 'NONE', #4591, .T. ) ;
#3542 = CARTESIAN_POINT ( 'NONE',  ( 2.497039914245130277, 32.07740637894529812, 11.82499999999999929 ) ) ;
#3543 = CARTESIAN_POINT ( 'NONE',  ( -30.15721039549309879, 14.81562219962304816, 7.500000000000000000 ) ) ;
#3544 = CARTESIAN_POINT ( 'NONE',  ( -34.02966547566142452, 11.21370318947233180, 7.499999999999996447 ) ) ;
#3545 = CARTESIAN_POINT ( 'NONE',  ( -33.62173287529141419, -16.83270320619725879, 47.79462980154050911 ) ) ;
#3546 = CARTESIAN_POINT ( 'NONE',  ( -2.004265603477115132, 37.54717467638248962, 30.97148871600944631 ) ) ;
#3547 = VERTEX_POINT ( 'NONE', #3538 ) ;
#3548 = DIRECTION ( 'NONE',  ( -1.000000000000000000, 0.000000000000000000, 0.000000000000000000 ) ) ;
#3549 = CARTESIAN_POINT ( 'NONE',  ( 27.10021823635437954, -19.86298496052308593, 41.17499999999999005 ) ) ;
#3550 = CARTESIAN_POINT ( 'NONE',  ( 45.60641060384927670, 23.73522209868254151, 7.500000000000000000 ) ) ;
#3551 = ORIENTED_EDGE ( 'NONE', *, *, #1265, .F. ) ;
#3552 = CARTESIAN_POINT ( 'NONE',  ( -28.38861368931471318, -17.97391322651797196, 45.71297021367232105 ) ) ;
#3553 = ORIENTED_EDGE ( 'NONE', *, *, #974, .T. ) ;
#3554 = DIRECTION ( 'NONE',  ( 0.000000000000000000, 0.000000000000000000, 1.000000000000000000 ) ) ;
#3555 = EDGE_CURVE ( 'NONE', #1670, #1079, #4238, .T. ) ;
#3556 = EDGE_CURVE ( 'NONE', #3596, #2191, #4078, .T. ) ;
#3557 = CIRCLE ( 'NONE', #1851, 33.60000000000000142 ) ;
#3558 = CARTESIAN_POINT ( 'NONE',  ( -28.21559026466170295, 18.24421163435280491, 8.987000191358539780 ) ) ;
#3559 = ORIENTED_EDGE ( 'NONE', *, *, #1923, .F. ) ;
#3560 = CARTESIAN_POINT ( 'NONE',  ( 23.35590237401804004, 17.70120318947276772, 13.82499999999999929 ) ) ;
#3561 = VERTEX_POINT ( 'NONE', #4705 ) ;
#3562 = EDGE_CURVE ( 'NONE', #1458, #4334, #4333, .T. ) ;
#3563 = DIRECTION ( 'NONE',  ( 0.000000000000000000, -1.000000000000000000, 0.000000000000000000 ) ) ;
#3564 = CARTESIAN_POINT ( 'NONE',  ( -7.303480905248769695, 35.07740637894529812, 7.500000000000000000 ) ) ;
#3565 = DIRECTION ( 'NONE',  ( 0.000000000000000000, -0.000000000000000000, 1.000000000000000000 ) ) ;
#3566 = CARTESIAN_POINT ( 'NONE',  ( 23.35590237401829583, -17.70120318947240889, 41.17499999999999005 ) ) ;
#3567 = LINE ( 'NONE', #1357, #334 ) ;
#3568 = PLANE ( 'NONE',  #3783 ) ;
#3569 = DIRECTION ( 'NONE',  ( -1.000000000000000000, 0.000000000000000000, 0.000000000000000000 ) ) ;
#3570 = CARTESIAN_POINT ( 'NONE',  ( -29.75976841098370684, 15.59907159469433680, 5.712345174731468411 ) ) ;
#3571 = DIRECTION ( 'NONE',  ( -0.4999999999999998890, -0.000000000000000000, -0.8660254037844385966 ) ) ;
#3572 = VERTEX_POINT ( 'NONE', #2840 ) ;
#3573 = DIRECTION ( 'NONE',  ( 0.2499999999999967248, 0.4330127018922229065, -0.8660254037844379305 ) ) ;
#3574 = ORIENTED_EDGE ( 'NONE', *, *, #216, .T. ) ;
#3575 = CARTESIAN_POINT ( 'NONE',  ( -31.31576727597980181, -20.96350000000013480, 51.82499999999999574 ) ) ;
#3576 = AXIS2_PLACEMENT_3D ( 'NONE', #272, #2142, #4362 ) ;
#3577 = CARTESIAN_POINT ( 'NONE',  ( 30.75195868897850460, 13.53798496052349698, 13.82499999999999929 ) ) ;
#3578 = ORIENTED_EDGE ( 'NONE', *, *, #543, .T. ) ;
#3579 = CARTESIAN_POINT ( 'NONE',  ( 30.15071984142709027, -14.82885439737572320, 47.79575838272977251 ) ) ;
#3580 = VERTEX_POINT ( 'NONE', #165 ) ;
#3581 = EDGE_CURVE ( 'NONE', #2404, #790, #2789, .T. ) ;
#3582 = EDGE_CURVE ( 'NONE', #3532, #579, #1375, .T. ) ;
#3583 = CARTESIAN_POINT ( 'NONE',  ( 0.000000000000000000, 37.60000000000000142, 5.252100000000000435 ) ) ;
#3584 = CARTESIAN_POINT ( 'NONE',  ( 31.68418793909165387, -11.25155947703521697, 49.58802756201944817 ) ) ;
#3585 = CARTESIAN_POINT ( 'NONE',  ( -33.11164762055917521, 17.81554488940676961, 5.549581452444537710 ) ) ;
#3586 = FACE_OUTER_BOUND ( 'NONE', #3770, .T. ) ;
#3587 = CARTESIAN_POINT ( 'NONE',  ( 2.497039914245130277, 29.07740637894529456, 3.175000000000000711 ) ) ;
#3588 = EDGE_CURVE ( 'NONE', #4055, #579, #1300, .T. ) ;
#3589 = VECTOR ( 'NONE', #4745, 1000.000000000000114 ) ;
#3590 = VECTOR ( 'NONE', #1159, 1000.000000000000114 ) ;
#3591 = DIRECTION ( 'NONE',  ( 0.000000000000000000, 1.000000000000000000, 0.000000000000000000 ) ) ;
#3592 = ORIENTED_EDGE ( 'NONE', *, *, #249, .T. ) ;
#3593 = AXIS2_PLACEMENT_3D ( 'NONE', #4436, #1104, #2601 ) ;
#3594 = LINE ( 'NONE', #26, #788 ) ;
#3595 = CARTESIAN_POINT ( 'NONE',  ( 4.000198288178030914, 37.38660741088290251, 27.76129241529565306 ) ) ;
#3596 = VERTEX_POINT ( 'NONE', #4264 ) ;
#3597 = CARTESIAN_POINT ( 'NONE',  ( -8.774333559710105532E-15, 32.07740637894529812, 1.174999999999995381 ) ) ;
#3598 = ORIENTED_EDGE ( 'NONE', *, *, #2552, .T. ) ;
#3599 = CARTESIAN_POINT ( 'NONE',  ( -22.68473268608535420, 18.86370318947243518, 7.500000000000000000 ) ) ;
#3600 = CIRCLE ( 'NONE', #1508, 0.8750000000000007772 ) ;
#3601 = LINE ( 'NONE', #3241, #3891 ) ;
#3602 = ORIENTED_EDGE ( 'NONE', *, *, #4665, .T. ) ;
#3603 = CARTESIAN_POINT ( 'NONE',  ( -32.26875560754385219, 19.30046756286887089, 9.676632516353306457 ) ) ;
#3604 = ORIENTED_EDGE ( 'NONE', *, *, #2931, .F. ) ;
#3605 = VECTOR ( 'NONE', #4605, 1000.000000000000000 ) ;
#3606 = CARTESIAN_POINT ( 'NONE',  ( 31.79366413468761365, 20.07320754123548312, 9.192079309738906190 ) ) ;
#3607 = CARTESIAN_POINT ( 'NONE',  ( -34.73102803877558387, -32.07740637894529812, 55.00590516225859972 ) ) ;
#3608 = LINE ( 'NONE', #4732, #1856 ) ;
#3609 = ORIENTED_EDGE ( 'NONE', *, *, #3142, .F. ) ;
#3610 = CARTESIAN_POINT ( 'NONE',  ( -32.87496493728219349, 13.21370318947234423, 7.500000000000000000 ) ) ;
#3611 =( BOUNDED_CURVE ( )  B_SPLINE_CURVE ( 3, ( #1255, #3134, #463, #4195 ),
 .UNSPECIFIED., .F., .F. ) 
 B_SPLINE_CURVE_WITH_KNOTS ( ( 4, 4 ),
 ( 4.563202874374786333, 4.638003737617045097 ),
 .UNSPECIFIED. ) 
 CURVE ( )  GEOMETRIC_REPRESENTATION_ITEM ( )  RATIONAL_B_SPLINE_CURVE ( ( 1.000000000000000000, 0.9995337902528685925, 0.9995337902528685925, 1.000000000000000000 ) ) 
 REPRESENTATION_ITEM ( '' )  );
#3612 = EDGE_CURVE ( 'NONE', #1183, #2087, #4312, .T. ) ;
#3613 = CARTESIAN_POINT ( 'NONE',  ( 0.000000000000000000, 32.07740637894529101, 27.50000000000000355 ) ) ;
#3614 = EDGE_CURVE ( 'NONE', #2198, #4259, #3833, .T. ) ;
#3615 = CARTESIAN_POINT ( 'NONE',  ( 26.43029255745299366, -12.37620318947240250, 43.17499999999999005 ) ) ;
#3616 = ORIENTED_EDGE ( 'NONE', *, *, #88, .F. ) ;
#3617 = AXIS2_PLACEMENT_3D ( 'NONE', #4062, #724, #4727 ) ;
#3618 = B_SPLINE_CURVE_WITH_KNOTS ( 'NONE', 3,
 ( #1461, #3303, #3355, #4792, #4419, #1085, #2586, #4059, #719, #2223, #1607, #3450, #3089, #155, #2681, #1584, #4253, #920, #2319, #2395, #1558, #1658, #4569, #3066, #4543, #4200, #3138, #1236, #4228, #4594 ),
 .UNSPECIFIED., .F., .F.,
 ( 4, 2, 2, 2, 2, 2, 2, 2, 2, 2, 2, 2, 2, 2, 4 ),
 ( 0.007029527460757562136, 0.007468772381713771960, 0.007908017302669982651, 0.008786507144582421380, 0.009225752065538630337, 0.009664996986494839293, 0.01010424190745104825, 0.01054348682840725721, 0.01098273174936346616, 0.01142197667031967685, 0.01186122159127588754, 0.01230046651223209650, 0.01273971143318830546, 0.01317895635414451441, 0.01405744619605691324 ),
 .UNSPECIFIED. ) ;
#3619 = CARTESIAN_POINT ( 'NONE',  ( 3.651740452624389732, -35.07740637894529812, 13.82499999999999929 ) ) ;
#3620 = CARTESIAN_POINT ( 'NONE',  ( -22.68473268608535420, 18.86370318947243518, 7.500000000000000000 ) ) ;
#3621 = ADVANCED_FACE ( 'NONE', ( #2589 ), #2520, .F. ) ;
#3622 = ORIENTED_EDGE ( 'NONE', *, *, #661, .F. ) ;
#3623 = LINE ( 'NONE', #3597, #316 ) ;
#3624 = EDGE_LOOP ( 'NONE', ( #1286, #3685, #4813, #2322 ) ) ;
#3625 = CARTESIAN_POINT ( 'NONE',  ( 23.59999999999999432, -3.000000000000000000, 82.90000000000000568 ) ) ;
#3626 = LINE ( 'NONE', #3675, #3113 ) ;
#3627 = VERTEX_POINT ( 'NONE', #2902 ) ;
#3628 = CARTESIAN_POINT ( 'NONE',  ( -31.41342413809959666, 20.66323890090031057, 8.092154980335614312 ) ) ;
#3629 = ORIENTED_EDGE ( 'NONE', *, *, #513, .F. ) ;
#3630 = CARTESIAN_POINT ( 'NONE',  ( 31.44364359187705560, 20.61699350775678852, 8.224373855728755345 ) ) ;
#3631 = CARTESIAN_POINT ( 'NONE',  ( 0.000000000000000000, 0.000000000000000000, 13.82499999999999751 ) ) ;
#3632 = CIRCLE ( 'NONE', #3477, 2.247900000000000453 ) ;
#3633 = CARTESIAN_POINT ( 'NONE',  ( 23.59999999999999432, 4.500000000000000000, 87.79999999999998295 ) ) ;
#3634 = ORIENTED_EDGE ( 'NONE', *, *, #997, .T. ) ;
#3635 = CARTESIAN_POINT ( 'NONE',  ( 24.75097728705669198, 22.72331673272200447, 7.499999999999996447 ) ) ;
#3636 = VECTOR ( 'NONE', #3856, 1000.000000000000000 ) ;
#3637 = DIRECTION ( 'NONE',  ( 0.2499999999999959199, 0.4330127018922215187, -0.8660254037844385966 ) ) ;
#3638 = CARTESIAN_POINT ( 'NONE',  ( 0.000000000000000000, 0.000000000000000000, 55.00000000000000000 ) ) ;
#3639 = VECTOR ( 'NONE', #2450, 1000.000000000000227 ) ;
#3640 = VERTEX_POINT ( 'NONE', #1415 ) ;
#3641 = EDGE_CURVE ( 'NONE', #2106, #626, #2228, .T. ) ;
#3642 = ADVANCED_FACE ( 'NONE', ( #653 ), #2543, .F. ) ;
#3643 = CARTESIAN_POINT ( 'NONE',  ( 1.373954788235554281, 37.57508884491212342, 5.714757375638897408 ) ) ;
#3644 = CARTESIAN_POINT ( 'NONE',  ( 3.974492284384984586, -37.38938458301893064, 28.02224235715913991 ) ) ;
#3645 = ORIENTED_EDGE ( 'NONE', *, *, #1388, .T. ) ;
#3646 = CARTESIAN_POINT ( 'NONE',  ( 36.21602768572695652, -12.47599999999967046, 47.50000000000000000 ) ) ;
#3647 = ORIENTED_EDGE ( 'NONE', *, *, #3202, .F. ) ;
#3648 = CARTESIAN_POINT ( 'NONE',  ( 26.72618457041244966, 23.86370318947277269, 7.499999999999996447 ) ) ;
#3649 = EDGE_CURVE ( 'NONE', #520, #2264, #2925, .T. ) ;
#3650 = FACE_OUTER_BOUND ( 'NONE', #4008, .T. ) ;
#3651 = ORIENTED_EDGE ( 'NONE', *, *, #3978, .F. ) ;
#3652 = LINE ( 'NONE', #4353, #4785 ) ;
#3653 = ORIENTED_EDGE ( 'NONE', *, *, #413, .F. ) ;
#3654 = AXIS2_PLACEMENT_3D ( 'NONE', #3792, #3357, #2970 ) ;
#3655 = CARTESIAN_POINT ( 'NONE',  ( 31.38036062478473553, 20.71311099420992008, 7.646692513284941484 ) ) ;
#3656 = DIRECTION ( 'NONE',  ( -0.8660254037844363761, -0.5000000000000039968, 0.000000000000000000 ) ) ;
#3657 = B_SPLINE_CURVE_WITH_KNOTS ( 'NONE', 3,
 ( #4637, #197, #3491, #144, #2040, #981, #1699, #4219, #1306, #933, #4661, #2482, #1279, #3955, #2771, #4245, #1331, #612, #3585, #241, #3102, #2410, #908, #3882, #4039, #2906, #2864, #703, #2209, #4015 ),
 .UNSPECIFIED., .F., .F.,
 ( 4, 2, 2, 2, 2, 2, 2, 2, 2, 2, 2, 2, 2, 2, 4 ),
 ( 1.734723475976807094E-18, 0.0004393454662973503440, 0.0008786909325946989533, 0.001318036398892047292, 0.001757381865189396172, 0.002636072797784097619, 0.003514763730378798849, 0.003954109196676145778, 0.004393454662973491839, 0.004832800129270837901, 0.005272145595568183962, 0.005711491061865530024, 0.006150836528162876085, 0.006590181994460223014, 0.007029527460757568208 ),
 .UNSPECIFIED. ) ;
#3658 = AXIS2_PLACEMENT_3D ( 'NONE', #899, #4208, #532 ) ;
#3659 = CARTESIAN_POINT ( 'NONE',  ( -3.179914949673908531, -37.46557616530908064, 25.05942593021685738 ) ) ;
#3660 = EDGE_LOOP ( 'NONE', ( #1849, #3106, #2635, #4369 ) ) ;
#3661 = CARTESIAN_POINT ( 'NONE',  ( -2.497039914245133829, -29.07740637894529456, 11.82499999999999929 ) ) ;
#3662 = LINE ( 'NONE', #710, #94 ) ;
#3663 = DIRECTION ( 'NONE',  ( 0.000000000000000000, -0.000000000000000000, -1.000000000000000000 ) ) ;
#3664 =( BOUNDED_CURVE ( )  B_SPLINE_CURVE ( 3, ( #347, #3238, #1823, #993 ),
 .UNSPECIFIED., .F., .F. ) 
 B_SPLINE_CURVE_WITH_KNOTS ( ( 4, 4 ),
 ( 4.821286836316171609, 4.931503606077999535 ),
 .UNSPECIFIED. ) 
 CURVE ( )  GEOMETRIC_REPRESENTATION_ITEM ( )  RATIONAL_B_SPLINE_CURVE ( ( 1.000000000000000000, 0.9989879448062454204, 0.9989879448062454204, 1.000000000000000000 ) ) 
 REPRESENTATION_ITEM ( '' )  );
#3665 = VERTEX_POINT ( 'NONE', #4819 ) ;
#3666 = CARTESIAN_POINT ( 'NONE',  ( 2.248020389359024485, 37.53273776776419624, 7.353527134053791769 ) ) ;
#3667 = VECTOR ( 'NONE', #2396, 1000.000000000000000 ) ;
#3668 = CARTESIAN_POINT ( 'NONE',  ( -32.05445819230551763, -10.07331673272204675, 47.50000000000000000 ) ) ;
#3669 = EDGE_LOOP ( 'NONE', ( #4548, #508, #3815, #563 ) ) ;
#3670 = CARTESIAN_POINT ( 'NONE',  ( 27.76946746016760770, -18.91604284671327463, 43.17499999999999005 ) ) ;
#3671 = EDGE_LOOP ( 'NONE', ( #1709, #4634, #1414, #1900, #2588, #2677 ) ) ;
#3672 = CARTESIAN_POINT ( 'NONE',  ( -10.00000000000000178, -32.07740637894529812, 55.00000000000000000 ) ) ;
#3673 = DIRECTION ( 'NONE',  ( 0.8660254037844363761, 0.5000000000000039968, 0.000000000000000000 ) ) ;
#3674 = ADVANCED_FACE ( 'NONE', ( #4399 ), #1487, .F. ) ;
#3675 = CARTESIAN_POINT ( 'NONE',  ( 3.651740452624383071, -35.07740637894529812, 1.174999999999999600 ) ) ;
#3676 = EDGE_CURVE ( 'NONE', #4632, #4574, #3652, .T. ) ;
#3677 = ORIENTED_EDGE ( 'NONE', *, *, #2850, .F. ) ;
#3678 = CARTESIAN_POINT ( 'NONE',  ( -33.28073973349118830, 17.49751704941176200, 9.192079309738904414 ) ) ;
#3679 = ORIENTED_EDGE ( 'NONE', *, *, #2254, .F. ) ;
#3680 = ADVANCED_BREP_SHAPE_REPRESENTATION ( 'BodyGimbalMount', ( #3474, #3316 ), #986 ) ;
#3681 = CARTESIAN_POINT ( 'NONE',  ( 31.53566413818211700, 20.47619256334736093, 8.630164594948855239 ) ) ;
#3682 = CARTESIAN_POINT ( 'NONE',  ( 26.80039068617803366, -20.28302848378274703, 48.93527643990336173 ) ) ;
#3683 = EDGE_CURVE ( 'NONE', #2687, #3561, #2739, .T. ) ;
#3684 = CARTESIAN_POINT ( 'NONE',  ( -22.68473268608509841, -18.86370318947275138, 47.50000000000000000 ) ) ;
#3685 = ORIENTED_EDGE ( 'NONE', *, *, #3266, .T. ) ;
#3686 = DIRECTION ( 'NONE',  ( -0.8660254037844387076, 0.000000000000000000, 0.4999999999999999445 ) ) ;
#3687 = VECTOR ( 'NONE', #1646, 999.9999999999998863 ) ;
#3688 = CARTESIAN_POINT ( 'NONE',  ( -2.497039914245137382, -29.07740637894529456, 3.175000000000000266 ) ) ;
#3689 = VECTOR ( 'NONE', #1050, 1000.000000000000000 ) ;
#3690 = PLANE ( 'NONE',  #4729 ) ;
#3691 = PLANE ( 'NONE',  #2067 ) ;
#3692 = CARTESIAN_POINT ( 'NONE',  ( 2.247778110916207162, 37.53275227822778248, 7.650145048264557879 ) ) ;
#3693 = CARTESIAN_POINT ( 'NONE',  ( 3.871742765421590349, -37.40016412228607123, 28.53871745756605449 ) ) ;
#3694 = ORIENTED_EDGE ( 'NONE', *, *, #4533, .T. ) ;
#3695 = LINE ( 'NONE', #2124, #1733 ) ;
#3696 = VERTEX_POINT ( 'NONE', #4573 ) ;
#3697 = DIRECTION ( 'NONE',  ( 0.4999999999999999445, 0.000000000000000000, 0.8660254037844387076 ) ) ;
#3698 = CARTESIAN_POINT ( 'NONE',  ( 23.59999999999999432, 4.500000000000000000, 82.90000000000000568 ) ) ;
#3699 = CARTESIAN_POINT ( 'NONE',  ( 30.15721039549289628, 14.81562219962346560, 7.500000000000000888 ) ) ;
#3700 = VERTEX_POINT ( 'NONE', #4498 ) ;
#3701 = CARTESIAN_POINT ( 'NONE',  ( 23.93325264320791135, -16.70120318947240889, 43.17499999999999005 ) ) ;
#3702 = ORIENTED_EDGE ( 'NONE', *, *, #1956, .T. ) ;
#3703 = EDGE_CURVE ( 'NONE', #4579, #1000, #475, .T. ) ;
#3704 = EDGE_CURVE ( 'NONE', #1959, #2512, #448, .T. ) ;
#3705 = CARTESIAN_POINT ( 'NONE',  ( 0.000000000000000000, 32.07740637894529812, 5.252100000000000435 ) ) ;
#3706 = CARTESIAN_POINT ( 'NONE',  ( -1.043082914344414469, -37.58641871586733885, 31.37059654448588120 ) ) ;
#3707 = ORIENTED_EDGE ( 'NONE', *, *, #365, .T. ) ;
#3708 = FACE_OUTER_BOUND ( 'NONE', #1790, .T. ) ;
#3709 = EDGE_CURVE ( 'NONE', #4251, #2702, #500, .T. ) ;
#3710 = CARTESIAN_POINT ( 'NONE',  ( 30.73841700679048827, -21.96349999999969427, 41.17499999999999005 ) ) ;
#3711 = CARTESIAN_POINT ( 'NONE',  ( 31.42014482179681423, 20.65273173604281354, 6.916148264532184342 ) ) ;
#3712 = CARTESIAN_POINT ( 'NONE',  ( 1.787029622399894269, -37.55759861713564618, 6.128439403705357336 ) ) ;
#3713 = CARTESIAN_POINT ( 'NONE',  ( 7.303480905248766142, -29.07740637894529456, 7.499999999999996447 ) ) ;
#3714 = AXIS2_PLACEMENT_3D ( 'NONE', #1789, #2232, #356 ) ;
#3715 = CARTESIAN_POINT ( 'NONE',  ( 3.470418197806979688, -37.43978259936066877, 25.49398957771258623 ) ) ;
#3716 = VERTEX_POINT ( 'NONE', #59 ) ;
#3717 = CARTESIAN_POINT ( 'NONE',  ( 26.37010394867085239, 20.85912207551498909, 3.301503193286925431 ) ) ;
#3718 = VERTEX_POINT ( 'NONE', #4159 ) ;
#3719 = DIRECTION ( 'NONE',  ( 0.000000000000000000, 1.000000000000000000, 0.000000000000000000 ) ) ;
#3720 = CARTESIAN_POINT ( 'NONE',  ( 0.000000000000000000, -32.07740637894529812, 9.747899999999999565 ) ) ;
#3721 = DIRECTION ( 'NONE',  ( 0.4999999999999998890, 0.000000000000000000, -0.8660254037844385966 ) ) ;
#3722 = ORIENTED_EDGE ( 'NONE', *, *, #4081, .F. ) ;
#3723 = ORIENTED_EDGE ( 'NONE', *, *, #603, .F. ) ;
#3724 = CARTESIAN_POINT ( 'NONE',  ( -2.233327379295920956, -37.53362593389774560, 7.205190908678680728 ) ) ;
#3725 = CARTESIAN_POINT ( 'NONE',  ( -2.003410400961808779, -37.54722782312485663, 24.02789898763287368 ) ) ;
#3726 = EDGE_LOOP ( 'NONE', ( #3998, #2604, #1065, #3890 ) ) ;
#3727 = EDGE_CURVE ( 'NONE', #4802, #2072, #2323, .T. ) ;
#3728 = FACE_OUTER_BOUND ( 'NONE', #4751, .T. ) ;
#3729 = CIRCLE ( 'NONE', #539, 37.60000000000000142 ) ;
#3730 = CARTESIAN_POINT ( 'NONE',  ( -3.999904652304456576, 37.38663882701435881, 27.76255624379803422 ) ) ;
#3731 = CARTESIAN_POINT ( 'NONE',  ( 23.59999999999999432, -3.000000000000000000, 82.90000000000000568 ) ) ;
#3732 = CARTESIAN_POINT ( 'NONE',  ( 33.44689647905942564, -3.204319801461340766, 56.10972283305770247 ) ) ;
#3733 = CARTESIAN_POINT ( 'NONE',  ( 31.38036062478473553, 20.71311099420991297, 7.353273908071146892 ) ) ;
#3734 = EDGE_CURVE ( 'NONE', #2198, #3257, #3407, .T. ) ;
#3735 = EDGE_CURVE ( 'NONE', #925, #4606, #2676, .T. ) ;
#3736 = CARTESIAN_POINT ( 'NONE',  ( 31.68320219767553780, -20.24711018401553986, 48.98613797810158843 ) ) ;
#3737 = CARTESIAN_POINT ( 'NONE',  ( 2.233124871596589234, 37.53363794626813643, 7.796089452287485067 ) ) ;
#3738 = CARTESIAN_POINT ( 'NONE',  ( 33.26019312135583306, 4.767077842602578386, 55.99292099192845029 ) ) ;
#3739 = ORIENTED_EDGE ( 'NONE', *, *, #1867, .F. ) ;
#3740 = VERTEX_POINT ( 'NONE', #2709 ) ;
#3741 = FACE_OUTER_BOUND ( 'NONE', #1014, .T. ) ;
#3742 = DIRECTION ( 'NONE',  ( -1.000000000000000000, -0.000000000000000000, -0.000000000000000000 ) ) ;
#3743 = VECTOR ( 'NONE', #3563, 1000.000000000000000 ) ;
#3744 = CARTESIAN_POINT ( 'NONE',  ( -31.24958159237224820, 12.40761888222766984, 11.69849680671310566 ) ) ;
#3745 = ORIENTED_EDGE ( 'NONE', *, *, #966, .F. ) ;
#3746 = LINE ( 'NONE', #1905, #1759 ) ;
#3747 = EDGE_LOOP ( 'NONE', ( #2186, #3398, #2037, #3271, #3429, #4067, #1312, #3062, #4135, #2538, #3158 ) ) ;
#3748 = VECTOR ( 'NONE', #1827, 1000.000000000000000 ) ;
#3749 = CARTESIAN_POINT ( 'NONE',  ( -1.950418754252561726, -37.54946744227506628, 6.372891012698702617 ) ) ;
#3750 = VERTEX_POINT ( 'NONE', #1879 ) ;
#3751 = DIRECTION ( 'NONE',  ( -0.4999999999999999445, 0.000000000000000000, 0.8660254037844387076 ) ) ;
#3752 = CARTESIAN_POINT ( 'NONE',  ( -30.10627301141606793, -14.91896519197431914, 48.22481758961328779 ) ) ;
#3753 = CARTESIAN_POINT ( 'NONE',  ( 28.16482294535524744, -18.32237764141273573, 46.12603128450270162 ) ) ;
#3754 = LINE ( 'NONE', #2284, #108 ) ;
#3755 = CARTESIAN_POINT ( 'NONE',  ( 37.05686140897621073, 6.369196122057823928, 55.00000000000000711 ) ) ;
#3756 = CARTESIAN_POINT ( 'NONE',  ( 2.176632544200224118, -37.53695622631730799, 8.080317299397597353 ) ) ;
#3757 = EDGE_CURVE ( 'NONE', #2536, #4619, #1834, .T. ) ;
#3758 = EDGE_CURVE ( 'NONE', #1239, #2418, #3853, .T. ) ;
#3759 = VECTOR ( 'NONE', #1702, 999.9999999999998863 ) ;
#3760 = AXIS2_PLACEMENT_3D ( 'NONE', #4386, #3294, #1793 ) ;
#3761 = DIRECTION ( 'NONE',  ( 0.000000000000000000, 0.5547001962252313678, 0.8320502943378422778 ) ) ;
#3762 = VERTEX_POINT ( 'NONE', #4110 ) ;
#3763 = FACE_BOUND ( 'NONE', #1214, .T. ) ;
#3764 = ORIENTED_EDGE ( 'NONE', *, *, #1782, .F. ) ;
#3765 = DIRECTION ( 'NONE',  ( 0.8660254037844432595, -0.4999999999999920064, 0.000000000000000000 ) ) ;
#3766 = EDGE_CURVE ( 'NONE', #113, #4275, #3746, .T. ) ;
#3767 = DIRECTION ( 'NONE',  ( -0.4330127018922126370, -0.7500000000000044409, 0.4999999999999990563 ) ) ;
#3768 = CARTESIAN_POINT ( 'NONE',  ( 33.29729718760968638, 4.500000000000000000, 52.35000000000000142 ) ) ;
#3769 = CARTESIAN_POINT ( 'NONE',  ( -27.10021823635434757, 19.86298496052311080, 1.175000000000002931 ) ) ;
#3770 = EDGE_LOOP ( 'NONE', ( #2836, #3807, #1735, #2212 ) ) ;
#3771 = CARTESIAN_POINT ( 'NONE',  ( 27.90931039549287362, 18.70909920995752884, 7.500000000000000000 ) ) ;
#3772 = ORIENTED_EDGE ( 'NONE', *, *, #3288, .F. ) ;
#3773 = STYLED_ITEM ( 'NONE', ( #2275 ), #3474 ) ;
#3774 = CARTESIAN_POINT ( 'NONE',  ( -2.247952267493979583, -37.53274184769647803, 7.354150940707680384 ) ) ;
#3775 = ORIENTED_EDGE ( 'NONE', *, *, #3233, .T. ) ;
#3776 = LINE ( 'NONE', #1934, #4549 ) ;
#3777 = VERTEX_POINT ( 'NONE', #37 ) ;
#3778 = CARTESIAN_POINT ( 'NONE',  ( -30.15721039549289983, -14.81562219962345850, 47.50000000000000711 ) ) ;
#3779 = CARTESIAN_POINT ( 'NONE',  ( 29.38605516414101970, -16.29234192793908065, 45.32419964877754381 ) ) ;
#3780 = CARTESIAN_POINT ( 'NONE',  ( 33.39774946867119354, -3.682254966516197214, 55.48983477047065804 ) ) ;
#3781 = CARTESIAN_POINT ( 'NONE',  ( 37.29654291242599840, 4.767954595205321944, 55.99136349039427785 ) ) ;
#3782 = CARTESIAN_POINT ( 'NONE',  ( 37.33340629505491393, -4.476064325527010723, 55.05244363116984374 ) ) ;
#3783 = AXIS2_PLACEMENT_3D ( 'NONE', #2094, #4320, #938 ) ;
#3784 = DIRECTION ( 'NONE',  ( 2.664535259100375697E-15, -1.000000000000000000, -8.260587980841937794E-16 ) ) ;
#3785 = ORIENTED_EDGE ( 'NONE', *, *, #2991, .T. ) ;
#3786 = FACE_OUTER_BOUND ( 'NONE', #671, .T. ) ;
#3787 = ORIENTED_EDGE ( 'NONE', *, *, #2500, .F. ) ;
#3788 = EDGE_CURVE ( 'NONE', #2919, #2894, #1166, .T. ) ;
#3789 = CARTESIAN_POINT ( 'NONE',  ( -7.303480905248769695, 29.07740637894529456, 7.500000000000000000 ) ) ;
#3790 = DIRECTION ( 'NONE',  ( -1.187600473310006247E-16, 0.000000000000000000, -1.000000000000000000 ) ) ;
#3791 = FACE_OUTER_BOUND ( 'NONE', #2302, .T. ) ;
#3792 = CARTESIAN_POINT ( 'NONE',  ( 0.000000000000000000, 0.000000000000000000, 3.175000000000004263 ) ) ;
#3793 = ORIENTED_EDGE ( 'NONE', *, *, #1535, .T. ) ;
#3794 = DIRECTION ( 'NONE',  ( -0.2500000000000019984, 0.4330127018922181326, -0.8660254037844385966 ) ) ;
#3795 = EDGE_LOOP ( 'NONE', ( #646, #2380, #2315, #2776 ) ) ;
#3796 = EDGE_CURVE ( 'NONE', #4313, #3580, #2080, .T. ) ;
#3797 = CARTESIAN_POINT ( 'NONE',  ( -1.484933346345215455, -37.57081312653774319, 5.805877985352083215 ) ) ;
#3798 = DIRECTION ( 'NONE',  ( -0.000000000000000000, 1.000000000000000000, -0.000000000000000000 ) ) ;
#3799 = ORIENTED_EDGE ( 'NONE', *, *, #275, .F. ) ;
#3800 = CARTESIAN_POINT ( 'NONE',  ( -28.95018740448545458, -17.05483622737540372, 49.73332513839950053 ) ) ;
#3801 = CARTESIAN_POINT ( 'NONE',  ( 29.02520337421767138, -16.92688903340800266, 45.25198058930216405 ) ) ;
#3802 = CARTESIAN_POINT ( 'NONE',  ( 33.34696865090255358, -4.117586480989147368, 55.20043808823651688 ) ) ;
#3803 = FACE_BOUND ( 'NONE', #322, .T. ) ;
#3804 = PLANE ( 'NONE',  #1433 ) ;
#3805 = AXIS2_PLACEMENT_3D ( 'NONE', #4134, #424, #4157 ) ;
#3806 = DIRECTION ( 'NONE',  ( -0.8660254037844432595, 0.4999999999999919509, 0.000000000000000000 ) ) ;
#3807 = ORIENTED_EDGE ( 'NONE', *, *, #1832, .T. ) ;
#3808 = AXIS2_PLACEMENT_3D ( 'NONE', #1346, #2082, #4287 ) ;
#3809 = DIRECTION ( 'NONE',  ( 0.000000000000000000, -0.5547001962252317009, -0.8320502943378420557 ) ) ;
#3810 = EDGE_LOOP ( 'NONE', ( #2596, #2478, #2521, #105 ) ) ;
#3811 = CARTESIAN_POINT ( 'NONE',  ( 3.651740452624389732, -35.07740637894529812, 13.82499999999999929 ) ) ;
#3812 = CARTESIAN_POINT ( 'NONE',  ( 37.32974685153919125, 4.500000000000000000, 57.00000000000000000 ) ) ;
#3813 = CARTESIAN_POINT ( 'NONE',  ( 21.53003214770583540, 20.86370318947275138, 7.499999999999996447 ) ) ;
#3814 = CARTESIAN_POINT ( 'NONE',  ( 31.62644498015944450, 15.37620318947279152, 3.175000000000000266 ) ) ;
#3815 = ORIENTED_EDGE ( 'NONE', *, *, #974, .F. ) ;
#3816 = CARTESIAN_POINT ( 'NONE',  ( 28.95018740448546524, 17.05483622737541083, 5.266674861600494140 ) ) ;
#3817 = EDGE_LOOP ( 'NONE', ( #139, #4301, #2427, #3970 ) ) ;
#3818 = AXIS2_PLACEMENT_3D ( 'NONE', #1258, #2392, #1653 ) ;
#3819 = ADVANCED_FACE ( 'NONE', ( #2856 ), #2055, .F. ) ;
#3820 = EDGE_CURVE ( 'NONE', #401, #572, #4518, .T. ) ;
#3821 = FACE_OUTER_BOUND ( 'NONE', #3374, .T. ) ;
#3822 = EDGE_LOOP ( 'NONE', ( #2811, #1997, #3951, #12, #3510, #3038 ) ) ;
#3823 = CARTESIAN_POINT ( 'NONE',  ( 28.16339681638847381, -18.32456700000326677, 48.87049469510302657 ) ) ;
#3824 = ORIENTED_EDGE ( 'NONE', *, *, #1172, .F. ) ;
#3825 = CIRCLE ( 'NONE', #3360, 33.60000000000000142 ) ;
#3826 = VECTOR ( 'NONE', #1706, 999.9999999999998863 ) ;
#3827 = EDGE_CURVE ( 'NONE', #1806, #3986, #599, .T. ) ;
#3828 = CARTESIAN_POINT ( 'NONE',  ( -3.871742765421590349, 37.40016412228607123, 28.53871745756605449 ) ) ;
#3829 = PLANE ( 'NONE',  #1590 ) ;
#3830 = DIRECTION ( 'NONE',  ( -0.4330127018922124149, -0.7500000000000042188, -0.4999999999999998890 ) ) ;
#3831 = FACE_OUTER_BOUND ( 'NONE', #502, .T. ) ;
#3832 = CARTESIAN_POINT ( 'NONE',  ( -0.7239970528288406371, 37.59327583364948566, 9.633217037090279433 ) ) ;
#3833 = B_SPLINE_CURVE_WITH_KNOTS ( 'NONE', 3,
 ( #977, #1089, #261, #1762, #4449, #1115, #3307, #3678, #1018, #332, #2204, #701, #2154, #1785, #745, #2882, #4085, #3603, #4750, #4795, #4373, #1464, #3264, #1830, #1855, #3243, #2947, #3628, #3991, #4422 ),
 .UNSPECIFIED., .F., .F.,
 ( 4, 2, 2, 2, 2, 2, 2, 2, 2, 2, 2, 2, 2, 2, 4 ),
 ( 0.007029527460757568208, 0.007468772381713780634, 0.007908017302669991325, 0.008786507144582409237, 0.009225752065538619928, 0.009664996986494828884, 0.01010424190745103958, 0.01054348682840725027, 0.01098273174936346096, 0.01142197667031967165, 0.01186122159127588060, 0.01230046651223209130, 0.01273971143318830199, 0.01317895635414451268, 0.01405744619605693232 ),
 .UNSPECIFIED. ) ;
#3834 = PLANE ( 'NONE',  #4170 ) ;
#3835 = ORIENTED_EDGE ( 'NONE', *, *, #1633, .T. ) ;
#3836 = CARTESIAN_POINT ( 'NONE',  ( -23.74835486001138207, 29.16701310719676599, 43.79411399821713502 ) ) ;
#3837 = ORIENTED_EDGE ( 'NONE', *, *, #3495, .F. ) ;
#3838 = DIRECTION ( 'NONE',  ( 0.000000000000000000, 0.000000000000000000, 1.000000000000000000 ) ) ;
#3839 = VECTOR ( 'NONE', #70, 1000.000000000000000 ) ;
#3840 = CARTESIAN_POINT ( 'NONE',  ( 29.08000000000000185, 4.500000000000000000, 52.35000000000000142 ) ) ;
#3841 = DIRECTION ( 'NONE',  ( -0.000000000000000000, 0.000000000000000000, -1.000000000000000000 ) ) ;
#3842 = LINE ( 'NONE', #1403, #2954 ) ;
#3843 = ORIENTED_EDGE ( 'NONE', *, *, #4559, .T. ) ;
#3844 = LINE ( 'NONE', #501, #1495 ) ;
#3845 = ORIENTED_EDGE ( 'NONE', *, *, #1813, .F. ) ;
#3846 = CARTESIAN_POINT ( 'NONE',  ( 0.000000000000000000, -5.000000000000000000, 57.00000000000000000 ) ) ;
#3847 = LINE ( 'NONE', #1669, #1792 ) ;
#3848 = ORIENTED_EDGE ( 'NONE', *, *, #4560, .F. ) ;
#3849 = DIRECTION ( 'NONE',  ( 0.5000000000000000000, 0.000000000000000000, 0.8660254037844385966 ) ) ;
#3850 = VERTEX_POINT ( 'NONE', #3922 ) ;
#3851 = EDGE_CURVE ( 'NONE', #3572, #4802, #208, .T. ) ;
#3852 = EDGE_CURVE ( 'NONE', #1057, #4657, #2031, .T. ) ;
#3853 = CIRCLE ( 'NONE', #659, 33.60000000000000142 ) ;
#3854 = CARTESIAN_POINT ( 'NONE',  ( -28.07448841810924378, -18.46049148235747239, 48.62781000774700146 ) ) ;
#3855 = CARTESIAN_POINT ( 'NONE',  ( 29.45506360630891507, -16.16718027627246101, 45.36759613560273152 ) ) ;
#3856 = DIRECTION ( 'NONE',  ( 0.000000000000000000, -1.000000000000000000, 0.000000000000000000 ) ) ;
#3857 = CARTESIAN_POINT ( 'NONE',  ( 0.000000000000000000, 4.500000000000000000, 0.000000000000000000 ) ) ;
#3858 = CARTESIAN_POINT ( 'NONE',  ( -0.9970193745064205304, 37.58702555335631956, 5.479920964708338005 ) ) ;
#3859 = EDGE_CURVE ( 'NONE', #3029, #623, #3516, .T. ) ;
#3860 = FACE_OUTER_BOUND ( 'NONE', #2542, .T. ) ;
#3861 = VERTEX_POINT ( 'NONE', #3506 ) ;
#3862 = CARTESIAN_POINT ( 'NONE',  ( 5.736818358702855013E-16, 37.60000000000000142, 31.50000000000000711 ) ) ;
#3863 = EDGE_LOOP ( 'NONE', ( #4417, #2684, #1603, #3221 ) ) ;
#3864 = DIRECTION ( 'NONE',  ( 1.776356839400250465E-15, 1.000000000000000000, 0.000000000000000000 ) ) ;
#3865 = CARTESIAN_POINT ( 'NONE',  ( 10.00000000000000000, 32.07740637894529812, 75.05787354967810643 ) ) ;
#3866 = DIRECTION ( 'NONE',  ( -0.8660254037844388186, 0.000000000000000000, -0.4999999999999997224 ) ) ;
#3867 = VECTOR ( 'NONE', #3751, 1000.000000000000000 ) ;
#3868 = CARTESIAN_POINT ( 'NONE',  ( -3.651740452624386624, -29.07740637894529456, 13.82499999999999929 ) ) ;
#3869 = ORIENTED_EDGE ( 'NONE', *, *, #1473, .T. ) ;
#3870 = CARTESIAN_POINT ( 'NONE',  ( 34.59999999999999432, -3.000000000000000000, 59.89999999999999147 ) ) ;
#3871 = EDGE_LOOP ( 'NONE', ( #2337, #3622, #185, #440 ) ) ;
#3872 = DIRECTION ( 'NONE',  ( -1.000000000000000000, 0.000000000000000000, 0.000000000000000000 ) ) ;
#3873 = AXIS2_PLACEMENT_3D ( 'NONE', #1194, #2714, #2350 ) ;
#3874 = CARTESIAN_POINT ( 'NONE',  ( -28.16482294535524034, 18.32237764141273217, 8.873968715497312587 ) ) ;
#3875 = ORIENTED_EDGE ( 'NONE', *, *, #3174, .T. ) ;
#3876 = CARTESIAN_POINT ( 'NONE',  ( -28.91254678047796389, -25.12600000000012912, 47.50000000000000000 ) ) ;
#3877 = EDGE_LOOP ( 'NONE', ( #2555, #1270 ) ) ;
#3878 = CARTESIAN_POINT ( 'NONE',  ( -23.93325264320789714, 16.70120318947243021, 11.82499999999999929 ) ) ;
#3879 = EDGE_CURVE ( 'NONE', #3072, #480, #3844, .T. ) ;
#3880 = CARTESIAN_POINT ( 'NONE',  ( 29.17171759708044831, 16.67311895537816113, 9.748019410697841280 ) ) ;
#3881 = EDGE_CURVE ( 'NONE', #608, #520, #559, .T. ) ;
#3882 = CARTESIAN_POINT ( 'NONE',  ( -33.49382185660542888, 17.08597492746236313, 6.372210537173533140 ) ) ;
#3883 = LINE ( 'NONE', #541, #3324 ) ;
#3884 = CARTESIAN_POINT ( 'NONE',  ( 32.91839184075657698, -18.17025074583917288, 49.63344567267218110 ) ) ;
#3885 = EDGE_CURVE ( 'NONE', #3850, #2722, #2309, .T. ) ;
#3886 = DIRECTION ( 'NONE',  ( 0.4330127018922229065, -0.7499999999999981126, -0.4999999999999997780 ) ) ;
#3887 = EDGE_CURVE ( 'NONE', #4043, #1017, #3144, .T. ) ;
#3888 = ORIENTED_EDGE ( 'NONE', *, *, #4833, .T. ) ;
#3889 = CARTESIAN_POINT ( 'NONE',  ( -2.644634797769021883, 37.50733374203306880, 30.51229179394187696 ) ) ;
#3890 = ORIENTED_EDGE ( 'NONE', *, *, #1984, .F. ) ;
#3891 = VECTOR ( 'NONE', #2202, 1000.000000000000000 ) ;
#3892 = DIRECTION ( 'NONE',  ( -0.2499999999999959754, -0.4330127018922216298, 0.8660254037844385966 ) ) ;
#3893 = CARTESIAN_POINT ( 'NONE',  ( 33.29729718760968638, 4.500000000000000000, 57.00000000000000000 ) ) ;
#3894 = CYLINDRICAL_SURFACE ( 'NONE', #558, 2.247900000000001786 ) ;
#3895 = AXIS2_PLACEMENT_3D ( 'NONE', #3483, #2402, #1690 ) ;
#3896 = DIRECTION ( 'NONE',  ( -0.4330127018922126370, -0.7500000000000045519, 0.4999999999999988898 ) ) ;
#3897 = ORIENTED_EDGE ( 'NONE', *, *, #1535, .F. ) ;
#3898 = CARTESIAN_POINT ( 'NONE',  ( -28.58674278146013847, -17.65719760561778173, 45.48052071900244897 ) ) ;
#3899 = ORIENTED_EDGE ( 'NONE', *, *, #4690, .T. ) ;
#3900 = CARTESIAN_POINT ( 'NONE',  ( -22.98139909578735995, -37.60099999999999909, 37.91730115643939314 ) ) ;
#3901 = CARTESIAN_POINT ( 'NONE',  ( 29.08000000000000185, -3.000000000000000000, 52.35000000000000142 ) ) ;
#3902 = ORIENTED_EDGE ( 'NONE', *, *, #3999, .T. ) ;
#3903 = CARTESIAN_POINT ( 'NONE',  ( 30.02449879912251873, -15.08297442715573311, 48.62781000774700146 ) ) ;
#3904 = ORIENTED_EDGE ( 'NONE', *, *, #1692, .T. ) ;
#3905 = VECTOR ( 'NONE', #989, 999.9999999999998863 ) ;
#3906 = CARTESIAN_POINT ( 'NONE',  ( -32.20379524934926962, 14.37620318947234210, 13.82499999999999929 ) ) ;
#3907 = CARTESIAN_POINT ( 'NONE',  ( 2.752883629486872027E-16, 37.60000000000000142, 9.747899999999999565 ) ) ;
#3908 = PLANE ( 'NONE',  #47 ) ;
#3909 = AXIS2_PLACEMENT_3D ( 'NONE', #4440, #1107, #3809 ) ;
#3910 = CARTESIAN_POINT ( 'NONE',  ( -26.72618457041278006, 23.86370318947240321, 7.500000000000000000 ) ) ;
#3911 = CARTESIAN_POINT ( 'NONE',  ( 0.000000000000000000, 0.000000000000000000, 87.79999999999998295 ) ) ;
#3912 = CARTESIAN_POINT ( 'NONE',  ( -30.26650737441247685, -14.59104284671371055, 43.17499999999999005 ) ) ;
#3913 = ORIENTED_EDGE ( 'NONE', *, *, #4376, .T. ) ;
#3914 = PLANE ( 'NONE',  #1578 ) ;
#3915 = ORIENTED_EDGE ( 'NONE', *, *, #1205, .F. ) ;
#3916 = DIRECTION ( 'NONE',  ( -0.8660254037844363761, -0.5000000000000039968, 0.000000000000000000 ) ) ;
#3917 = EDGE_CURVE ( 'NONE', #4109, #324, #326, .T. ) ;
#3918 = ADVANCED_FACE ( 'NONE', ( #2918 ), #1431, .F. ) ;
#3919 = CARTESIAN_POINT ( 'NONE',  ( 0.000000000000000000, -32.07740637894529812, 75.05787354967810643 ) ) ;
#3920 = CARTESIAN_POINT ( 'NONE',  ( 2.445078275423848702, 37.52105343693624206, 30.67658592015672525 ) ) ;
#3921 = ORIENTED_EDGE ( 'NONE', *, *, #4326, .F. ) ;
#3922 = CARTESIAN_POINT ( 'NONE',  ( 30.26650737441249106, 14.59104284671368923, 3.175000000000004263 ) ) ;
#3923 = ORIENTED_EDGE ( 'NONE', *, *, #4560, .T. ) ;
#3924 = FACE_OUTER_BOUND ( 'NONE', #4563, .T. ) ;
#3925 = EDGE_CURVE ( 'NONE', #4423, #4102, #3664, .T. ) ;
#3926 = CARTESIAN_POINT ( 'NONE',  ( -4.994079828490264106, 29.07740637894529456, 7.500000000000000000 ) ) ;
#3927 = EDGE_LOOP ( 'NONE', ( #1761, #2240, #1942, #1245 ) ) ;
#3928 = DIRECTION ( 'NONE',  ( 0.000000000000000000, 0.000000000000000000, -1.000000000000000000 ) ) ;
#3929 = ORIENTED_EDGE ( 'NONE', *, *, #937, .T. ) ;
#3930 = CARTESIAN_POINT ( 'NONE',  ( 0.000000000000000000, 0.000000000000000000, 55.00000000000000000 ) ) ;
#3931 = DIRECTION ( 'NONE',  ( 0.4999999999999919509, 0.8660254037844432595, 0.000000000000000000 ) ) ;
#3932 = DIRECTION ( 'NONE',  ( 0.8660254037844387076, -0.000000000000000000, 0.4999999999999999445 ) ) ;
#3933 = DIRECTION ( 'NONE',  ( 0.000000000000000000, 1.000000000000000000, 0.000000000000000000 ) ) ;
#3934 = FACE_OUTER_BOUND ( 'NONE', #681, .T. ) ;
#3935 = VECTOR ( 'NONE', #1612, 1000.000000000000000 ) ;
#3936 = CARTESIAN_POINT ( 'NONE',  ( -31.38848229505677878, -20.70082143289350540, 47.79574748072410273 ) ) ;
#3937 = ORIENTED_EDGE ( 'NONE', *, *, #637, .T. ) ;
#3938 = DIRECTION ( 'NONE',  ( 0.8660254037844363761, 0.5000000000000039968, 0.000000000000000000 ) ) ;
#3939 = CARTESIAN_POINT ( 'NONE',  ( 27.67881251457553660, -10.21370318947239575, 47.50000000000000000 ) ) ;
#3940 = EDGE_CURVE ( 'NONE', #4694, #4289, #4416, .T. ) ;
#3941 = EDGE_CURVE ( 'NONE', #978, #1777, #3482, .T. ) ;
#3942 = ORIENTED_EDGE ( 'NONE', *, *, #245, .T. ) ;
#3943 = CARTESIAN_POINT ( 'NONE',  ( -28.15848262928913215, -18.33310761428882785, 46.11897510239061404 ) ) ;
#3944 = ORIENTED_EDGE ( 'NONE', *, *, #4144, .F. ) ;
#3945 = LINE ( 'NONE', #3575, #3197 ) ;
#3946 = VECTOR ( 'NONE', #2750, 1000.000000000000000 ) ;
#3947 = CARTESIAN_POINT ( 'NONE',  ( -27.94276317737825721, 18.65943874259242108, 8.092194138300950357 ) ) ;
#3948 = EDGE_CURVE ( 'NONE', #2195, #3740, #2148, .T. ) ;
#3949 = ORIENTED_EDGE ( 'NONE', *, *, #1075, .F. ) ;
#3950 = CARTESIAN_POINT ( 'NONE',  ( 30.05603494488356375, -15.01991869800437129, 48.49640513871851510 ) ) ;
#3951 = ORIENTED_EDGE ( 'NONE', *, *, #3917, .F. ) ;
#3952 = AXIS2_PLACEMENT_3D ( 'NONE', #3179, #2134, #3933 ) ;
#3953 = DIRECTION ( 'NONE',  ( 0.000000000000000000, -0.5547001962252262608, -0.8320502943378456084 ) ) ;
#3954 = CARTESIAN_POINT ( 'NONE',  ( 28.06628236649712704, 18.47312586770255649, 8.630192422213495362 ) ) ;
#3955 = CARTESIAN_POINT ( 'NONE',  ( -32.63548246404950959, 18.67369249182379676, 5.252047736676803247 ) ) ;
#3956 = DIRECTION ( 'NONE',  ( 0.000000000000000000, 0.5547001962252290364, -0.8320502943378437211 ) ) ;
#3957 = CARTESIAN_POINT ( 'NONE',  ( -36.21602768572678599, -12.47600000000017495, 47.50000000000000000 ) ) ;
#3958 = CARTESIAN_POINT ( 'NONE',  ( -32.19509465940824100, -19.42303821290584409, 49.63344567267218821 ) ) ;
#3959 = ORIENTED_EDGE ( 'NONE', *, *, #4375, .T. ) ;
#3960 = DIRECTION ( 'NONE',  ( 0.000000000000000000, 1.000000000000000000, 0.000000000000000000 ) ) ;
#3961 = LINE ( 'NONE', #3186, #3433 ) ;
#3962 = VERTEX_POINT ( 'NONE', #1848 ) ;
#3963 = CARTESIAN_POINT ( 'NONE',  ( -4.994079828490264106, -35.07740637894529812, 7.500000000000000000 ) ) ;
#3964 = ORIENTED_EDGE ( 'NONE', *, *, #837, .T. ) ;
#3965 = DIRECTION ( 'NONE',  ( 0.000000000000000000, 0.000000000000000000, 1.000000000000000000 ) ) ;
#3966 = VECTOR ( 'NONE', #3721, 1000.000000000000227 ) ;
#3967 = DIRECTION ( 'NONE',  ( -0.8660254037844390407, 0.000000000000000000, -0.4999999999999995004 ) ) ;
#3968 = ORIENTED_EDGE ( 'NONE', *, *, #421, .F. ) ;
#3969 = CARTESIAN_POINT ( 'NONE',  ( 29.90865326697210946, -15.31154794643702921, 48.98491644884236962 ) ) ;
#3970 = ORIENTED_EDGE ( 'NONE', *, *, #2143, .T. ) ;
#3971 = ADVANCED_FACE ( 'NONE', ( #323 ), #2490, .T. ) ;
#3972 = ADVANCED_FACE ( 'NONE', ( #3300 ), #279, .F. ) ;
#3973 = DIRECTION ( 'NONE',  ( 1.000000000000000000, 0.000000000000000000, 0.000000000000000000 ) ) ;
#3974 = LINE ( 'NONE', #2013, #19 ) ;
#3975 = CARTESIAN_POINT ( 'NONE',  ( -2.497039914245137382, -29.07740637894529456, 3.175000000000000266 ) ) ;
#3976 = CARTESIAN_POINT ( 'NONE',  ( 27.76946746016760770, -18.91604284671327463, 43.17499999999999005 ) ) ;
#3977 =( BOUNDED_CURVE ( )  B_SPLINE_CURVE ( 3, ( #3156, #2483, #613, #2113 ),
 .UNSPECIFIED., .F., .F. ) 
 B_SPLINE_CURVE_WITH_KNOTS ( ( 4, 4 ),
 ( 4.493274354691378925, 4.603491124453208627 ),
 .UNSPECIFIED. ) 
 CURVE ( )  GEOMETRIC_REPRESENTATION_ITEM ( )  RATIONAL_B_SPLINE_CURVE ( ( 1.000000000000000000, 0.9989879448062453093, 0.9989879448062453093, 1.000000000000000000 ) ) 
 REPRESENTATION_ITEM ( '' )  );
#3978 = EDGE_CURVE ( 'NONE', #1592, #3350, #3623, .T. ) ;
#3979 = VECTOR ( 'NONE', #1013, 1000.000000000000114 ) ;
#3980 = CARTESIAN_POINT ( 'NONE',  ( -33.59607414581307694, -16.88385680922478116, 48.08199691309820167 ) ) ;
#3981 = CARTESIAN_POINT ( 'NONE',  ( 0.000000000000000000, 0.000000000000000000, 0.000000000000000000 ) ) ;
#3982 = ORIENTED_EDGE ( 'NONE', *, *, #392, .F. ) ;
#3983 = AXIS2_PLACEMENT_3D ( 'NONE', #3919, #3960, #3185 ) ;
#3984 = LINE ( 'NONE', #2467, #2517 ) ;
#3985 = CARTESIAN_POINT ( 'NONE',  ( 3.999799434638937612, 37.38665008425987679, 27.23267144990573030 ) ) ;
#3986 = VERTEX_POINT ( 'NONE', #1035 ) ;
#3987 = ORIENTED_EDGE ( 'NONE', *, *, #1144, .T. ) ;
#3988 = DIRECTION ( 'NONE',  ( -0.4330127018922124149, -0.7500000000000042188, 0.4999999999999998890 ) ) ;
#3989 = CARTESIAN_POINT ( 'NONE',  ( -25.21078340652007199, 27.89581330647185453, 55.00000000000000000 ) ) ;
#3990 = ORIENTED_EDGE ( 'NONE', *, *, #3766, .F. ) ;
#3991 = CARTESIAN_POINT ( 'NONE',  ( -31.38036062478502686, 20.71311099420949020, 7.797051249960111008 ) ) ;
#3992 = ORIENTED_EDGE ( 'NONE', *, *, #3948, .F. ) ;
#3993 = VECTOR ( 'NONE', #63, 1000.000000000000000 ) ;
#3994 = CARTESIAN_POINT ( 'NONE',  ( 7.303480905248766142, -29.07740637894529456, 7.499999999999996447 ) ) ;
#3995 = DIRECTION ( 'NONE',  ( 0.8660254037844387076, 0.000000000000000000, -0.5000000000000001110 ) ) ;
#3996 = CARTESIAN_POINT ( 'NONE',  ( 27.00764282664245641, 11.37620318947277198, 13.82499999999999929 ) ) ;
#3997 = EDGE_CURVE ( 'NONE', #2926, #4541, #4393, .T. ) ;
#3998 = ORIENTED_EDGE ( 'NONE', *, *, #4032, .F. ) ;
#3999 = EDGE_CURVE ( 'NONE', #1605, #706, #4743, .T. ) ;
#4000 = CARTESIAN_POINT ( 'NONE',  ( -2.497039914245137382, -35.07740637894529812, 3.175000000000000266 ) ) ;
#4001 = LINE ( 'NONE', #317, #1116 ) ;
#4002 = DIRECTION ( 'NONE',  ( -0.4999999999999994449, 0.000000000000000000, 0.8660254037844389297 ) ) ;
#4003 = EDGE_CURVE ( 'NONE', #3339, #1670, #716, .T. ) ;
#4004 = VERTEX_POINT ( 'NONE', #4009 ) ;
#4005 = VECTOR ( 'NONE', #2298, 1000.000000000000000 ) ;
#4006 = CARTESIAN_POINT ( 'NONE',  ( 37.48012806808429787, -3.000000000000000000, 87.79999999999998295 ) ) ;
#4007 = CARTESIAN_POINT ( 'NONE',  ( -27.10021823635408111, -19.86298496052348384, 41.17499999999999716 ) ) ;
#4008 = EDGE_LOOP ( 'NONE', ( #1002, #3108, #1611, #1982 ) ) ;
#4009 = CARTESIAN_POINT ( 'NONE',  ( 4.994079828490260553, -32.07740637894529812, 7.500000000000000000 ) ) ;
#4010 = VERTEX_POINT ( 'NONE', #1408 ) ;
#4011 = CARTESIAN_POINT ( 'NONE',  ( 30.75195868897868223, -13.53798496052306710, 41.17499999999999716 ) ) ;
#4012 = EDGE_LOOP ( 'NONE', ( #835, #2002, #1556, #58 ) ) ;
#4013 = CARTESIAN_POINT ( 'NONE',  ( 30.15721039549289628, 14.81562219962346560, 7.500000000000000888 ) ) ;
#4014 = VERTEX_POINT ( 'NONE', #4766 ) ;
#4015 = CARTESIAN_POINT ( 'NONE',  ( -33.62826062478498557, 16.81963398387538433, 7.500000000000000000 ) ) ;
#4016 = PLANE ( 'NONE',  #2602 ) ;
#4017 = CARTESIAN_POINT ( 'NONE',  ( 3.651740452624383071, 32.07740637894529812, 1.174999999999995159 ) ) ;
#4018 = VERTEX_POINT ( 'NONE', #2896 ) ;
#4019 = LINE ( 'NONE', #2069, #4724 ) ;
#4020 = VECTOR ( 'NONE', #2156, 1000.000000000000000 ) ;
#4021 = DIRECTION ( 'NONE',  ( 0.000000000000000000, 0.000000000000000000, -1.000000000000000000 ) ) ;
#4022 = DIRECTION ( 'NONE',  ( -4.750401893240077249E-16, 8.227937435463111060E-16, 1.000000000000000000 ) ) ;
#4023 = AXIS2_PLACEMENT_3D ( 'NONE', #1426, #3663, #318 ) ;
#4024 = ORIENTED_EDGE ( 'NONE', *, *, #3260, .F. ) ;
#4025 = EDGE_CURVE ( 'NONE', #1689, #1008, #4832, .T. ) ;
#4026 = EDGE_CURVE ( 'NONE', #3265, #1121, #3695, .T. ) ;
#4027 = CARTESIAN_POINT ( 'NONE',  ( 1.692079672913079813, 37.56205048356115128, 8.987075185124268728 ) ) ;
#4028 = ORIENTED_EDGE ( 'NONE', *, *, #1754, .T. ) ;
#4029 = CARTESIAN_POINT ( 'NONE',  ( 26.80039068617774234, 20.28302848378313072, 6.064723560096632937 ) ) ;
#4030 = VERTEX_POINT ( 'NONE', #2173 ) ;
#4031 = CARTESIAN_POINT ( 'NONE',  ( 34.59999999999999432, 4.500000000000000000, 82.90000000000000568 ) ) ;
#4032 = EDGE_CURVE ( 'NONE', #4749, #2612, #255, .T. ) ;
#4033 = LINE ( 'NONE', #697, #2748 ) ;
#4034 = LINE ( 'NONE', #306, #1330 ) ;
#4035 = ORIENTED_EDGE ( 'NONE', *, *, #1501, .F. ) ;
#4036 = DIRECTION ( 'NONE',  ( -0.000000000000000000, 1.000000000000000000, -0.000000000000000000 ) ) ;
#4037 = ORIENTED_EDGE ( 'NONE', *, *, #728, .T. ) ;
#4038 = VECTOR ( 'NONE', #1392, 1000.000000000000114 ) ;
#4039 = CARTESIAN_POINT ( 'NONE',  ( -33.52574511569250859, 17.02314913572529775, 6.503607031239885927 ) ) ;
#4040 = CARTESIAN_POINT ( 'NONE',  ( 27.29771202647716422, -19.60859769400260788, 50.37761553911676771 ) ) ;
#4041 = VECTOR ( 'NONE', #1483, 1000.000000000000000 ) ;
#4042 = FACE_BOUND ( 'NONE', #3136, .T. ) ;
#4043 = VERTEX_POINT ( 'NONE', #4540 ) ;
#4044 = LINE ( 'NONE', #2278, #3012 ) ;
#4045 = DIRECTION ( 'NONE',  ( 0.000000000000000000, -1.000000000000000000, 0.000000000000000000 ) ) ;
#4046 = CARTESIAN_POINT ( 'NONE',  ( 32.70960384413591271, 18.54529169685950407, 5.252204957238187255 ) ) ;
#4047 = CARTESIAN_POINT ( 'NONE',  ( 37.45802772223897392, -3.265195956220757090, 55.99621088787317547 ) ) ;
#4048 = DIRECTION ( 'NONE',  ( -1.000000000000000000, 0.000000000000000000, 0.000000000000000000 ) ) ;
#4049 = VECTOR ( 'NONE', #2510, 1000.000000000000114 ) ;
#4050 = CARTESIAN_POINT ( 'NONE',  ( 3.595646764172808041, -37.42781689305496684, 25.72797542136200377 ) ) ;
#4051 = ORIENTED_EDGE ( 'NONE', *, *, #3524, .T. ) ;
#4052 = AXIS2_PLACEMENT_3D ( 'NONE', #3930, #1645, #2063 ) ;
#4053 = CARTESIAN_POINT ( 'NONE',  ( -27.88088510879201110, 21.86370318947239255, 7.500000000000000000 ) ) ;
#4054 = ADVANCED_FACE ( 'NONE', ( #3786 ), #439, .F. ) ;
#4055 = VERTEX_POINT ( 'NONE', #2988 ) ;
#4056 = EDGE_CURVE ( 'NONE', #164, #2711, #4152, .T. ) ;
#4057 = AXIS2_PLACEMENT_3D ( 'NONE', #2365, #2421, #2778 ) ;
#4058 = CARTESIAN_POINT ( 'NONE',  ( 2.497039914245130277, -32.07740637894529812, 11.82499999999999929 ) ) ;
#4059 = CARTESIAN_POINT ( 'NONE',  ( 33.28073973349118830, -17.49751704941175490, 45.80792069026111335 ) ) ;
#4060 = CARTESIAN_POINT ( 'NONE',  ( -3.651740452624389732, -35.07740637894529812, 1.175000000000000488 ) ) ;
#4061 = ORIENTED_EDGE ( 'NONE', *, *, #3852, .F. ) ;
#4062 = CARTESIAN_POINT ( 'NONE',  ( 44.48246060384946787, -25.68196060384886437, 47.50000000000000000 ) ) ;
#4063 = ORIENTED_EDGE ( 'NONE', *, *, #1022, .T. ) ;
#4064 = EDGE_CURVE ( 'NONE', #2829, #4577, #2336, .T. ) ;
#4065 = DIRECTION ( 'NONE',  ( 0.8660254037844387076, 0.000000000000000000, -0.4999999999999999445 ) ) ;
#4066 = CARTESIAN_POINT ( 'NONE',  ( -3.873085659239441370, -37.40002409581276055, 28.53304148763121262 ) ) ;
#4067 = ORIENTED_EDGE ( 'NONE', *, *, #639, .T. ) ;
#4068 = CARTESIAN_POINT ( 'NONE',  ( 29.12940506591428758, 19.70120318947278548, 11.82499999999999929 ) ) ;
#4069 = VECTOR ( 'NONE', #848, 1000.000000000000000 ) ;
#4070 = CARTESIAN_POINT ( 'NONE',  ( 32.87496493728201585, 13.21370318947280076, 7.500000000000000000 ) ) ;
#4071 = PLANE ( 'NONE',  #2414 ) ;
#4072 = CARTESIAN_POINT ( 'NONE',  ( 31.41988598355415618, -20.65312527308716284, 48.08199691309819457 ) ) ;
#4073 = CARTESIAN_POINT ( 'NONE',  ( 1.789100836438687558, 37.55749939800801940, 6.131162710828043316 ) ) ;
#4074 = CARTESIAN_POINT ( 'NONE',  ( 3.651740452624389732, -29.07740637894529456, 13.82499999999999929 ) ) ;
#4075 = EDGE_LOOP ( 'NONE', ( #2940, #3099 ) ) ;
#4076 = CARTESIAN_POINT ( 'NONE',  ( 26.27819900743911319, -20.93839193742982729, 47.50000000000000000 ) ) ;
#4077 = ORIENTED_EDGE ( 'NONE', *, *, #809, .T. ) ;
#4078 = CIRCLE ( 'NONE', #1445, 2.247900000000000453 ) ;
#4079 = DIRECTION ( 'NONE',  ( 5.938002366550078073E-17, -1.028492179432885801E-16, -1.000000000000000000 ) ) ;
#4080 = AXIS2_PLACEMENT_3D ( 'NONE', #3391, #2332, #854 ) ;
#4081 = EDGE_CURVE ( 'NONE', #1662, #98, #3053, .T. ) ;
#4082 = ADVANCED_FACE ( 'NONE', ( #3763, #4 ), #1970, .F. ) ;
#4083 = CARTESIAN_POINT ( 'NONE',  ( 2.497039914245130277, 29.07740637894529456, 11.82499999999999929 ) ) ;
#4084 = ORIENTED_EDGE ( 'NONE', *, *, #2283, .F. ) ;
#4085 = CARTESIAN_POINT ( 'NONE',  ( -32.41529004999715369, 19.05333586486369413, 9.733524587075208956 ) ) ;
#4086 = ORIENTED_EDGE ( 'NONE', *, *, #1296, .T. ) ;
#4087 = EDGE_CURVE ( 'NONE', #1395, #4526, #1899, .T. ) ;
#4088 = EDGE_CURVE ( 'NONE', #3750, #3505, #2678, .T. ) ;
#4089 = CARTESIAN_POINT ( 'NONE',  ( -3.651740452624396838, -32.07740637894529812, 13.82499999999999751 ) ) ;
#4090 = LINE ( 'NONE', #3633, #4336 ) ;
#4091 = EDGE_LOOP ( 'NONE', ( #3723, #799, #399, #1589 ) ) ;
#4092 = DIRECTION ( 'NONE',  ( -0.8660254037844432595, 0.4999999999999919509, 0.000000000000000000 ) ) ;
#4093 = CARTESIAN_POINT ( 'NONE',  ( 2.497039914245130277, -29.07740637894529456, 3.175000000000000711 ) ) ;
#4094 = VECTOR ( 'NONE', #3180, 1000.000000000000000 ) ;
#4095 = CARTESIAN_POINT ( 'NONE',  ( 30.15093346661662110, -14.82842005969966159, 47.20748017104529737 ) ) ;
#4096 = CARTESIAN_POINT ( 'NONE',  ( -30.75195868897849039, -13.53798496052348277, 53.82499999999998863 ) ) ;
#4097 = CARTESIAN_POINT ( 'NONE',  ( 31.79519798547811860, 20.07078524825071142, 5.805245026488296212 ) ) ;
#4098 = CARTESIAN_POINT ( 'NONE',  ( 1.128705604702651133, -37.58325527573506264, 9.449581146262948650 ) ) ;
#4099 = CARTESIAN_POINT ( 'NONE',  ( -5.736818358702855013E-16, -37.60000000000000142, 31.50000000000000711 ) ) ;
#4100 = VECTOR ( 'NONE', #1252, 1000.000000000000000 ) ;
#4101 = CARTESIAN_POINT ( 'NONE',  ( 2.440231068101976764, -37.52135827631835241, 24.31988437510443646 ) ) ;
#4102 = VERTEX_POINT ( 'NONE', #4515 ) ;
#4103 = FACE_OUTER_BOUND ( 'NONE', #1732, .T. ) ;
#4104 = ORIENTED_EDGE ( 'NONE', *, *, #3581, .F. ) ;
#4105 = CARTESIAN_POINT ( 'NONE',  ( 0.000000000000000000, 32.07740637894529812, 75.05787354967810643 ) ) ;
#4106 = DIRECTION ( 'NONE',  ( 0.000000000000000000, -0.5547001962252269269, 0.8320502943378451643 ) ) ;
#4107 =( BOUNDED_CURVE ( )  B_SPLINE_CURVE ( 3, ( #1703, #2801, #2440, #3912 ),
 .UNSPECIFIED., .F., .T. ) 
 B_SPLINE_CURVE_WITH_KNOTS ( ( 4, 4 ),
 ( 4.563202874374786333, 4.638003737617045985 ),
 .UNSPECIFIED. ) 
 CURVE ( )  GEOMETRIC_REPRESENTATION_ITEM ( )  RATIONAL_B_SPLINE_CURVE ( ( 1.000000000000000000, 0.9995337902528685925, 0.9995337902528685925, 1.000000000000000000 ) ) 
 REPRESENTATION_ITEM ( '' )  );
#4108 = PLANE ( 'NONE',  #3805 ) ;
#4109 = VERTEX_POINT ( 'NONE', #4076 ) ;
#4110 = CARTESIAN_POINT ( 'NONE',  ( 27.00764282664260918, -11.37620318947239362, 41.17499999999999716 ) ) ;
#4111 = ORIENTED_EDGE ( 'NONE', *, *, #1046, .T. ) ;
#4112 = CARTESIAN_POINT ( 'NONE',  ( -25.50785748847131273, -32.07740637894529812, 60.33090516225858835 ) ) ;
#4113 = FILL_AREA_STYLE_COLOUR ( '', #1049 ) ;
#4114 = ORIENTED_EDGE ( 'NONE', *, *, #3582, .F. ) ;
#4115 = EDGE_CURVE ( 'NONE', #674, #3072, #4465, .T. ) ;
#4116 = DIRECTION ( 'NONE',  ( -0.4999999999999996669, 0.000000000000000000, 0.8660254037844388186 ) ) ;
#4117 = ADVANCED_FACE ( 'NONE', ( #4103, #369 ), #764, .T. ) ;
#4118 = CARTESIAN_POINT ( 'NONE',  ( -2.440231068101976764, 37.52135827631835241, 24.31988437510443646 ) ) ;
#4119 = DIRECTION ( 'NONE',  ( -0.000000000000000000, -0.000000000000000000, -1.000000000000000000 ) ) ;
#4120 = CARTESIAN_POINT ( 'NONE',  ( 23.59999999999999787, -3.000000000000000000, 55.00000000000000000 ) ) ;
#4121 = CARTESIAN_POINT ( 'NONE',  ( 31.98453826676797007, 19.76775555585927435, 5.549581452444536822 ) ) ;
#4122 = CARTESIAN_POINT ( 'NONE',  ( 1.694261383347525518, -37.56195199812739105, 8.984602201500406338 ) ) ;
#4123 = ADVANCED_FACE ( 'NONE', ( #395 ), #2605, .F. ) ;
#4124 = CARTESIAN_POINT ( 'NONE',  ( 1.694261383347525962, 37.56195199812737684, 6.015397798499596327 ) ) ;
#4125 = LINE ( 'NONE', #97, #4561 ) ;
#4126 = ORIENTED_EDGE ( 'NONE', *, *, #2493, .F. ) ;
#4127 = DIRECTION ( 'NONE',  ( 0.000000000000000000, 1.000000000000000000, 0.000000000000000000 ) ) ;
#4128 = EDGE_LOOP ( 'NONE', ( #1859, #616, #300, #3949 ) ) ;
#4129 = DIRECTION ( 'NONE',  ( 0.000000000000000000, 0.000000000000000000, 1.000000000000000000 ) ) ;
#4130 =( BOUNDED_CURVE ( )  B_SPLINE_CURVE ( 3, ( #163, #605, #3536, #4677 ),
 .UNSPECIFIED., .F., .F. ) 
 B_SPLINE_CURVE_WITH_KNOTS ( ( 4, 4 ),
 ( 1.645181569562541357, 1.719982432804800121 ),
 .UNSPECIFIED. ) 
 CURVE ( )  GEOMETRIC_REPRESENTATION_ITEM ( )  RATIONAL_B_SPLINE_CURVE ( ( 1.000000000000000000, 0.9995337902528685925, 0.9995337902528685925, 1.000000000000000000 ) ) 
 REPRESENTATION_ITEM ( '' )  );
#4131 = LINE ( 'NONE', #792, #2899 ) ;
#4132 = CARTESIAN_POINT ( 'NONE',  ( 31.98448579353269139, 19.76784286981561678, 9.450396947741969811 ) ) ;
#4133 = VECTOR ( 'NONE', #2537, 1000.000000000000000 ) ;
#4134 = CARTESIAN_POINT ( 'NONE',  ( 37.59999999999999432, -3.000000000000000000, 87.79999999999998295 ) ) ;
#4135 = ORIENTED_EDGE ( 'NONE', *, *, #4414, .T. ) ;
#4136 = CARTESIAN_POINT ( 'NONE',  ( -8.774333559710105532E-15, -32.07740637894529812, 1.174999999999995381 ) ) ;
#4137 = ORIENTED_EDGE ( 'NONE', *, *, #3879, .T. ) ;
#4138 = VECTOR ( 'NONE', #3400, 1000.000000000000000 ) ;
#4139 = CARTESIAN_POINT ( 'NONE',  ( -30.12545465595970740, 14.88011465503410591, 8.082383426827773221 ) ) ;
#4140 = SURFACE_STYLE_FILL_AREA ( #1169 ) ;
#4141 = ORIENTED_EDGE ( 'NONE', *, *, #117, .T. ) ;
#4142 = CARTESIAN_POINT ( 'NONE',  ( 33.46580344172242150, -3.000000000000000000, 57.00000000000000000 ) ) ;
#4143 = PLANE ( 'NONE',  #1434 ) ;
#4144 = EDGE_CURVE ( 'NONE', #2401, #1031, #416, .T. ) ;
#4145 = FACE_OUTER_BOUND ( 'NONE', #2276, .T. ) ;
#4146 = CARTESIAN_POINT ( 'NONE',  ( 37.27743675931966294, 4.915100496968202393, 55.77304341638770069 ) ) ;
#4147 = CARTESIAN_POINT ( 'NONE',  ( 0.9976981540849021446, -37.58700416270326627, 9.519673628291805301 ) ) ;
#4148 = AXIS2_PLACEMENT_3D ( 'NONE', #4357, #1398, #656 ) ;
#4149 = DIRECTION ( 'NONE',  ( 1.000000000000000000, 0.000000000000000000, -0.000000000000000000 ) ) ;
#4150 = EDGE_CURVE ( 'NONE', #415, #1090, #2496, .T. ) ;
#4151 = ORIENTED_EDGE ( 'NONE', *, *, #420, .T. ) ;
#4152 = LINE ( 'NONE', #1506, #3590 ) ;
#4153 = ORIENTED_EDGE ( 'NONE', *, *, #2168, .T. ) ;
#4154 = DIRECTION ( 'NONE',  ( -0.000000000000000000, 0.000000000000000000, 1.000000000000000000 ) ) ;
#4155 = CARTESIAN_POINT ( 'NONE',  ( 22.98139909578735995, -37.60099999999999199, 37.91730115643939314 ) ) ;
#4156 = CARTESIAN_POINT ( 'NONE',  ( 23.59999999999999787, 4.500000000000000000, 59.89999999999999858 ) ) ;
#4157 = DIRECTION ( 'NONE',  ( 1.000000000000000000, 0.000000000000000000, -0.000000000000000000 ) ) ;
#4158 = EDGE_LOOP ( 'NONE', ( #2271, #930, #4174, #4114 ) ) ;
#4159 = CARTESIAN_POINT ( 'NONE',  ( -27.10021823635410954, -19.86298496052344831, 53.82500000000003837 ) ) ;
#4160 = VERTEX_POINT ( 'NONE', #2314 ) ;
#4161 =( BOUNDED_CURVE ( )  B_SPLINE_CURVE ( 3, ( #3101, #91, #4581, #779 ),
 .UNSPECIFIED., .F., .F. ) 
 B_SPLINE_CURVE_WITH_KNOTS ( ( 4, 4 ),
 ( 1.351681701101585809, 1.461898470863414623 ),
 .UNSPECIFIED. ) 
 CURVE ( )  GEOMETRIC_REPRESENTATION_ITEM ( )  RATIONAL_B_SPLINE_CURVE ( ( 1.000000000000000000, 0.9989879448062453093, 0.9989879448062453093, 1.000000000000000000 ) ) 
 REPRESENTATION_ITEM ( '' )  );
#4162 = CARTESIAN_POINT ( 'NONE',  ( 32.87496493728201585, 13.21370318947280076, 7.500000000000000000 ) ) ;
#4163 = CARTESIAN_POINT ( 'NONE',  ( 27.91745703548385293, -18.69696264905835648, 47.79464598795050279 ) ) ;
#4164 = ORIENTED_EDGE ( 'NONE', *, *, #3796, .T. ) ;
#4165 = DIRECTION ( 'NONE',  ( -0.000000000000000000, -0.000000000000000000, 1.000000000000000000 ) ) ;
#4166 = CARTESIAN_POINT ( 'NONE',  ( 30.12545465595970740, -14.88011465503410413, 46.91761657317221079 ) ) ;
#4167 = CYLINDRICAL_SURFACE ( 'NONE', #1128, 2.247900000000001786 ) ;
#4168 = DIRECTION ( 'NONE',  ( 0.000000000000000000, 0.000000000000000000, 1.000000000000000000 ) ) ;
#4169 = CARTESIAN_POINT ( 'NONE',  ( -2.247795034351166343, 37.53275126465650402, 7.205891799404787079 ) ) ;
#4170 = AXIS2_PLACEMENT_3D ( 'NONE', #2021, #1553, #3761 ) ;
#4171 = DIRECTION ( 'NONE',  ( 1.000000000000000000, 0.000000000000000000, 0.000000000000000000 ) ) ;
#4172 = ORIENTED_EDGE ( 'NONE', *, *, #3734, .F. ) ;
#4173 = DIRECTION ( 'NONE',  ( 0.8660254037844432595, -0.4999999999999920064, 0.000000000000000000 ) ) ;
#4174 = ORIENTED_EDGE ( 'NONE', *, *, #3342, .F. ) ;
#4175 = PLANE ( 'NONE',  #1336 ) ;
#4176 = ADVANCED_FACE ( 'NONE', ( #813 ), #1920, .F. ) ;
#4177 = EDGE_CURVE ( 'NONE', #2191, #3596, #1348, .T. ) ;
#4178 = VECTOR ( 'NONE', #1963, 1000.000000000000000 ) ;
#4179 = CARTESIAN_POINT ( 'NONE',  ( 28.35000000000000142, 4.500000000000000000, 86.27500000000000568 ) ) ;
#4180 = FACE_OUTER_BOUND ( 'NONE', #1672, .T. ) ;
#4181 = CARTESIAN_POINT ( 'NONE',  ( 28.55205479672465785, 20.70120318947278193, 1.174999999999999600 ) ) ;
#4182 = ORIENTED_EDGE ( 'NONE', *, *, #847, .T. ) ;
#4183 = CARTESIAN_POINT ( 'NONE',  ( 28.21451612636406026, 18.24587954895963904, 6.015083551157635711 ) ) ;
#4184 = ORIENTED_EDGE ( 'NONE', *, *, #2791, .T. ) ;
#4185 = EDGE_CURVE ( 'NONE', #2060, #370, #75, .T. ) ;
#4186 = DIRECTION ( 'NONE',  ( 0.8660254037844363761, 0.5000000000000039968, 0.000000000000000000 ) ) ;
#4187 = CARTESIAN_POINT ( 'NONE',  ( 0.000000000000000000, -37.60000000000000142, 27.50000000000000355 ) ) ;
#4188 = EDGE_LOOP ( 'NONE', ( #3259, #4164, #744, #1521, #2233, #3167, #1981, #260, #3085, #3944, #4263 ) ) ;
#4189 = CARTESIAN_POINT ( 'NONE',  ( -28.73028631754787909, -17.42266298529142787, 49.63343649209457453 ) ) ;
#4190 = PLANE ( 'NONE',  #1750 ) ;
#4191 = CARTESIAN_POINT ( 'NONE',  ( -31.62644498015965056, 15.37620318947235454, 11.82499999999999929 ) ) ;
#4192 = CARTESIAN_POINT ( 'NONE',  ( 37.24107081735925817, 5.183762995479415103, 55.48851695512004767 ) ) ;
#4193 = CARTESIAN_POINT ( 'NONE',  ( -1.126130508030411148, 37.58333104982387596, 5.548983323210477714 ) ) ;
#4194 = AXIS2_PLACEMENT_3D ( 'NONE', #4331, #2860, #3262 ) ;
#4195 = CARTESIAN_POINT ( 'NONE',  ( -30.26650737441268646, 14.59104284671326468, 3.175000000000000711 ) ) ;
#4196 = ORIENTED_EDGE ( 'NONE', *, *, #2696, .T. ) ;
#4197 = CARTESIAN_POINT ( 'NONE',  ( 26.72618457041244966, 23.86370318947277269, 7.499999999999996447 ) ) ;
#4198 = EDGE_LOOP ( 'NONE', ( #100, #1809, #1322, #620, #1114, #3653 ) ) ;
#4199 = CYLINDRICAL_SURFACE ( 'NONE', #1101, 37.60000000000000142 ) ;
#4200 = CARTESIAN_POINT ( 'NONE',  ( 31.54404119575746179, -20.46314329497943518, 46.37129473594517748 ) ) ;
#4201 = DIRECTION ( 'NONE',  ( 1.000000000000000000, 0.000000000000000000, -0.000000000000000000 ) ) ;
#4202 = EDGE_CURVE ( 'NONE', #4237, #1605, #2982, .T. ) ;
#4203 = DIRECTION ( 'NONE',  ( -0.8660254037844432595, 0.4999999999999919509, 0.000000000000000000 ) ) ;
#4204 = ADVANCED_FACE ( 'NONE', ( #494 ), #3914, .T. ) ;
#4205 = ORIENTED_EDGE ( 'NONE', *, *, #3555, .T. ) ;
#4206 = CARTESIAN_POINT ( 'NONE',  ( 29.08000000000000185, 4.500000000000000000, 52.35000000000000142 ) ) ;
#4207 = ORIENTED_EDGE ( 'NONE', *, *, #4781, .T. ) ;
#4208 = DIRECTION ( 'NONE',  ( -0.000000000000000000, -0.000000000000000000, -1.000000000000000000 ) ) ;
#4209 = VECTOR ( 'NONE', #840, 999.9999999999998863 ) ;
#4210 = AXIS2_PLACEMENT_3D ( 'NONE', #3040, #2265, #3063 ) ;
#4211 = DIRECTION ( 'NONE',  ( -1.000000000000000000, 0.000000000000000000, -0.000000000000000000 ) ) ;
#4212 = ADVANCED_FACE ( 'NONE', ( #150 ), #2045, .T. ) ;
#4213 = ORIENTED_EDGE ( 'NONE', *, *, #384, .T. ) ;
#4214 = CARTESIAN_POINT ( 'NONE',  ( 28.79989349418158184, -17.30893874055425030, 49.68875717310994133 ) ) ;
#4215 = ORIENTED_EDGE ( 'NONE', *, *, #630, .T. ) ;
#4216 = VECTOR ( 'NONE', #1752, 1000.000000000000114 ) ;
#4217 = CARTESIAN_POINT ( 'NONE',  ( -33.37576975824713799, -17.31556475920164218, 46.01300980220322145 ) ) ;
#4218 = DIRECTION ( 'NONE',  ( -8.683899414665652514E-17, 0.000000000000000000, 1.000000000000000000 ) ) ;
#4219 = CARTESIAN_POINT ( 'NONE',  ( -31.63187196905029808, 20.32710868644050350, 6.129523794047846863 ) ) ;
#4220 = CARTESIAN_POINT ( 'NONE',  ( 3.651740452624389732, 29.07740637894529456, 13.82499999999999929 ) ) ;
#4221 = CARTESIAN_POINT ( 'NONE',  ( 32.63548246404951669, -18.67369249182380031, 49.74795226332320652 ) ) ;
#4222 = CARTESIAN_POINT ( 'NONE',  ( 7.303480905248766142, 32.07740637894529812, 7.499999999999992895 ) ) ;
#4223 = ORIENTED_EDGE ( 'NONE', *, *, #2439, .F. ) ;
#4224 = FACE_BOUND ( 'NONE', #1096, .T. ) ;
#4225 = ORIENTED_EDGE ( 'NONE', *, *, #302, .F. ) ;
#4226 = CARTESIAN_POINT ( 'NONE',  ( 26.27819900743881476, 20.93839193743020388, 7.500000000000000000 ) ) ;
#4227 = AXIS2_PLACEMENT_3D ( 'NONE', #4315, #3224, #2770 ) ;
#4228 = CARTESIAN_POINT ( 'NONE',  ( 31.38036062478502686, -20.71311099420948665, 47.20294875003989432 ) ) ;
#4229 = FACE_OUTER_BOUND ( 'NONE', #3358, .T. ) ;
#4230 = CARTESIAN_POINT ( 'NONE',  ( 30.63039974883387728, 13.83621323311975537, 10.37761553911674461 ) ) ;
#4231 = EDGE_LOOP ( 'NONE', ( #3629, #957, #3787, #2971, #280, #4642 ) ) ;
#4232 = DIRECTION ( 'NONE',  ( 0.000000000000000000, 1.000000000000000000, 0.000000000000000000 ) ) ;
#4233 = ORIENTED_EDGE ( 'NONE', *, *, #3925, .F. ) ;
#4234 = CARTESIAN_POINT ( 'NONE',  ( -32.05445819230568105, 10.07331673272160621, 7.499999999999996447 ) ) ;
#4235 = EDGE_CURVE ( 'NONE', #608, #1170, #3159, .T. ) ;
#4236 = CARTESIAN_POINT ( 'NONE',  ( 24.49185310390942760, 28.54554507605234548, 49.49118315317696926 ) ) ;
#4237 = VERTEX_POINT ( 'NONE', #4618 ) ;
#4238 = LINE ( 'NONE', #3560, #418 ) ;
#4239 = ORIENTED_EDGE ( 'NONE', *, *, #904, .T. ) ;
#4240 = VECTOR ( 'NONE', #3849, 1000.000000000000227 ) ;
#4241 = ADVANCED_FACE ( 'NONE', ( #4224, #3498 ), #3522, .F. ) ;
#4242 = EDGE_CURVE ( 'NONE', #499, #164, #296, .T. ) ;
#4243 = CARTESIAN_POINT ( 'NONE',  ( -33.60160188169636797, -16.87320387299922331, 46.90784501966437858 ) ) ;
#4244 = CARTESIAN_POINT ( 'NONE',  ( 27.90931039549287362, 18.70909920995753595, 7.646696339576122270 ) ) ;
#4245 = CARTESIAN_POINT ( 'NONE',  ( -32.85045304404736299, 18.29285441705928150, 5.324086446414011853 ) ) ;
#4246 = CARTESIAN_POINT ( 'NONE',  ( -0.5207107661393968190, -37.59728065049743151, 23.52531649372839340 ) ) ;
#4247 = CARTESIAN_POINT ( 'NONE',  ( -1.797115098420324131, 37.55760156043567122, 6.118180665962277054 ) ) ;
#4248 = CARTESIAN_POINT ( 'NONE',  ( -31.44353499292927623, -20.61716030902306684, 48.22399689531129496 ) ) ;
#4249 = VERTEX_POINT ( 'NONE', #1311 ) ;
#4250 = CARTESIAN_POINT ( 'NONE',  ( -26.80039068617802656, 20.28302848378276479, 6.064723560096634714 ) ) ;
#4251 = VERTEX_POINT ( 'NONE', #201 ) ;
#4252 = CARTESIAN_POINT ( 'NONE',  ( 0.000000000000000000, 0.000000000000000000, 0.000000000000000000 ) ) ;
#4253 = CARTESIAN_POINT ( 'NONE',  ( 32.41529004999717500, -19.05333586486369057, 45.26647541292479104 ) ) ;
#4254 = DIRECTION ( 'NONE',  ( 0.000000000000000000, 1.000000000000000000, 0.000000000000000000 ) ) ;
#4255 = VECTOR ( 'NONE', #1887, 1000.000000000000000 ) ;
#4256 = LINE ( 'NONE', #553, #2798 ) ;
#4257 = ORIENTED_EDGE ( 'NONE', *, *, #4064, .T. ) ;
#4258 = CARTESIAN_POINT ( 'NONE',  ( 30.96581327572831910, 13.06830492368650276, 6.064723560096642707 ) ) ;
#4259 = VERTEX_POINT ( 'NONE', #2363 ) ;
#4260 = DIRECTION ( 'NONE',  ( 0.2500000000000019984, -0.4330127018922181326, -0.8660254037844385966 ) ) ;
#4261 = VECTOR ( 'NONE', #2065, 1000.000000000000227 ) ;
#4262 = AXIS2_PLACEMENT_3D ( 'NONE', #1818, #3295, #4783 ) ;
#4263 = ORIENTED_EDGE ( 'NONE', *, *, #1625, .F. ) ;
#4264 = CARTESIAN_POINT ( 'NONE',  ( 2.752883539803334146E-16, 32.07740637894529812, 9.747899999999999565 ) ) ;
#4265 = ORIENTED_EDGE ( 'NONE', *, *, #4501, .T. ) ;
#4266 = LINE ( 'NONE', #3583, #3743 ) ;
#4267 = CARTESIAN_POINT ( 'NONE',  ( 23.93325264320791135, -16.70120318947240889, 43.17499999999999005 ) ) ;
#4268 = DIRECTION ( 'NONE',  ( -0.000000000000000000, 0.000000000000000000, -1.000000000000000000 ) ) ;
#4269 = FACE_OUTER_BOUND ( 'NONE', #1386, .T. ) ;
#4270 = EDGE_CURVE ( 'NONE', #869, #2606, #4469, .T. ) ;
#4271 = EDGE_CURVE ( 'NONE', #3421, #3861, #3320, .T. ) ;
#4272 = CARTESIAN_POINT ( 'NONE',  ( -1.371243351616743489, 37.57518496900888749, 9.287229384593775450 ) ) ;
#4273 = FACE_OUTER_BOUND ( 'NONE', #3660, .T. ) ;
#4274 = EDGE_CURVE ( 'NONE', #2264, #1170, #3322, .T. ) ;
#4275 = VERTEX_POINT ( 'NONE', #4093 ) ;
#4276 = CARTESIAN_POINT ( 'NONE',  ( -27.76946746016759349, 18.91604284671329594, 3.175000000000003819 ) ) ;
#4277 = ORIENTED_EDGE ( 'NONE', *, *, #3859, .F. ) ;
#4278 = AXIS2_PLACEMENT_3D ( 'NONE', #1113, #373, #4447 ) ;
#4279 = DIRECTION ( 'NONE',  ( -1.000000000000000000, 0.000000000000000000, 0.000000000000000000 ) ) ;
#4280 = CARTESIAN_POINT ( 'NONE',  ( -27.94927827331935788, 18.64936094425030788, 6.917975544826820311 ) ) ;
#4281 = CARTESIAN_POINT ( 'NONE',  ( 3.796328306181778967, 37.40799431753987392, 28.78710344208067795 ) ) ;
#4282 = AXIS2_PLACEMENT_3D ( 'NONE', #1758, #2200, #3965 ) ;
#4283 = DIRECTION ( 'NONE',  ( 0.000000000000000000, 1.000000000000000000, 0.000000000000000000 ) ) ;
#4284 = ORIENTED_EDGE ( 'NONE', *, *, #4274, .F. ) ;
#4285 = CARTESIAN_POINT ( 'NONE',  ( -28.51864753741278591, -17.76687047603950020, 45.54961944367538251 ) ) ;
#4286 = ORIENTED_EDGE ( 'NONE', *, *, #4056, .F. ) ;
#4287 = DIRECTION ( 'NONE',  ( -1.000000000000000000, 0.000000000000000000, -8.683899414665652514E-17 ) ) ;
#4288 = CARTESIAN_POINT ( 'NONE',  ( -28.03604964814538647, 18.51872261174156975, 8.497726518662913620 ) ) ;
#4289 = VERTEX_POINT ( 'NONE', #756 ) ;
#4290 = CARTESIAN_POINT ( 'NONE',  ( 37.60000000000000142, 4.604671964794047724E-15, 87.79999999999998295 ) ) ;
#4291 = ORIENTED_EDGE ( 'NONE', *, *, #223, .T. ) ;
#4292 = AXIS2_PLACEMENT_3D ( 'NONE', #148, #3037, #3468 ) ;
#4293 = CARTESIAN_POINT ( 'NONE',  ( -27.91752453786159904, -18.69686212637538247, 47.79575838272975830 ) ) ;
#4294 = CARTESIAN_POINT ( 'NONE',  ( 30.75195868897867157, -13.53798496052309730, 53.82500000000003837 ) ) ;
#4295 = CARTESIAN_POINT ( 'NONE',  ( -30.75195868897849039, -13.53798496052348277, 53.82499999999998863 ) ) ;
#4296 = VECTOR ( 'NONE', #4165, 1000.000000000000000 ) ;
#4297 = CARTESIAN_POINT ( 'NONE',  ( 28.55205479672465430, 20.70120318947278903, 13.82499999999999929 ) ) ;
#4298 = EDGE_CURVE ( 'NONE', #4632, #1017, #778, .T. ) ;
#4299 = ADVANCED_FACE ( 'NONE', ( #2668 ), #1197, .T. ) ;
#4300 = CARTESIAN_POINT ( 'NONE',  ( -33.62826062478475109, -16.81963398387584263, 47.50000000000000000 ) ) ;
#4301 = ORIENTED_EDGE ( 'NONE', *, *, #1363, .T. ) ;
#4302 = EDGE_CURVE ( 'NONE', #266, #3665, #3365, .T. ) ;
#4303 = LINE ( 'NONE', #252, #4216 ) ;
#4304 = DIRECTION ( 'NONE',  ( -0.2499999999999959199, -0.4330127018922215187, 0.8660254037844385966 ) ) ;
#4305 = EDGE_LOOP ( 'NONE', ( #60, #3117, #2533, #3824 ) ) ;
#4306 = CARTESIAN_POINT ( 'NONE',  ( -29.90774587970007303, -15.31331213479337805, 46.01299980864146733 ) ) ;
#4307 = VERTEX_POINT ( 'NONE', #1150 ) ;
#4309 = DIRECTION ( 'NONE',  ( 0.4999999999999994449, 0.000000000000000000, -0.8660254037844389297 ) ) ;
#4308 = VECTOR ( 'NONE', #588, 1000.000000000000000 ) ;
#4310 = CARTESIAN_POINT ( 'NONE',  ( -23.93325264320768042, -16.70120318947274995, 51.82499999999999574 ) ) ;
#4311 = ORIENTED_EDGE ( 'NONE', *, *, #2673, .F. ) ;
#4312 = LINE ( 'NONE', #929, #2922 ) ;
#4313 = VERTEX_POINT ( 'NONE', #4142 ) ;
#4314 = CARTESIAN_POINT ( 'NONE',  ( -32.19352710542339935, -19.42563506598964196, 45.36759240716947517 ) ) ;
#4315 = CARTESIAN_POINT ( 'NONE',  ( -25.18177260033024822, -14.53870318947276807, 0.000000000000000000 ) ) ;
#4316 = LINE ( 'NONE', #511, #4261 ) ;
#4317 = CARTESIAN_POINT ( 'NONE',  ( -24.75097728705669553, -22.72331673272201158, 47.50000000000000711 ) ) ;
#4318 = B_SPLINE_CURVE_WITH_KNOTS ( 'NONE', 3,
 ( #3778, #1936, #2646, #20, #3752, #830, #1572, #2279, #3056, #3030, #4507, #2330, #1174, #4529, #3800, #456, #4189, #1595, #3076, #4554, #1223, #852, #2352, #3854, #564, #3176, #2459, #4293, #2434, #4610 ),
 .UNSPECIFIED., .F., .F.,
 ( 4, 2, 2, 2, 2, 2, 2, 2, 2, 2, 2, 2, 2, 2, 4 ),
 ( 7.152448122690996019E-18, 0.0004393701719707810566, 0.0008787403439415549574, 0.001318110515912328858, 0.001757480687883102759, 0.002636221031824635599, 0.003514961375766168655, 0.003954331547736937569, 0.004393701719707707350, 0.004833071891678476263, 0.005272442063649245177, 0.005711812235620014958, 0.006151182407590783871, 0.006590552579561553652, 0.007029922751532322565 ),
 .UNSPECIFIED. ) ;
#4319 = CARTESIAN_POINT ( 'NONE',  ( -44.48246060384927603, -25.68196060384957136, 47.50000000000000000 ) ) ;
#4320 = DIRECTION ( 'NONE',  ( -0.8660254037844391517, 0.000000000000000000, -0.4999999999999992228 ) ) ;
#4321 = VERTEX_POINT ( 'NONE', #2691 ) ;
#4322 = CARTESIAN_POINT ( 'NONE',  ( -30.12525074598498875, 14.88052744986970666, 6.916118369674671307 ) ) ;
#4323 = CARTESIAN_POINT ( 'NONE',  ( 1.294780719025185212, 37.57847097179083562, 31.29359687058245498 ) ) ;
#4324 = ORIENTED_EDGE ( 'NONE', *, *, #722, .T. ) ;
#4325 = CARTESIAN_POINT ( 'NONE',  ( 7.303480905248766142, 29.07740637894529456, 7.499999999999996447 ) ) ;
#4326 = EDGE_CURVE ( 'NONE', #572, #401, #4318, .T. ) ;
#4327 = EDGE_LOOP ( 'NONE', ( #3992, #374, #1540, #3459, #3279, #1376 ) ) ;
#4328 = EDGE_CURVE ( 'NONE', #1327, #113, #1328, .T. ) ;
#4329 = CARTESIAN_POINT ( 'NONE',  ( 31.27227883592928492, -12.28839193742979319, 47.50000000000000000 ) ) ;
#4330 = AXIS2_PLACEMENT_3D ( 'NONE', #405, #682, #2978 ) ;
#4331 = CARTESIAN_POINT ( 'NONE',  ( 0.000000000000000000, 0.000000000000000000, 55.00000000000000000 ) ) ;
#4332 = ORIENTED_EDGE ( 'NONE', *, *, #2412, .F. ) ;
#4333 = LINE ( 'NONE', #902, #1126 ) ;
#4334 = VERTEX_POINT ( 'NONE', #218 ) ;
#4335 = EDGE_CURVE ( 'NONE', #4464, #1757, #2123, .T. ) ;
#4336 = VECTOR ( 'NONE', #3291, 1000.000000000000000 ) ;
#4337 = CARTESIAN_POINT ( 'NONE',  ( 22.98139909578735285, 29.75928923210606314, 37.91730115643939314 ) ) ;
#4338 = CARTESIAN_POINT ( 'NONE',  ( 28.80260957880817330, 17.30289932518735085, 9.675800351222456186 ) ) ;
#4339 = DIRECTION ( 'NONE',  ( 0.000000000000000000, 0.5547001962252312568, 0.8320502943378421667 ) ) ;
#4340 = PLANE ( 'NONE',  #2010 ) ;
#4341 = CARTESIAN_POINT ( 'NONE',  ( -31.54379926390918953, -20.46351313391943805, 48.62778946282649173 ) ) ;
#4342 = ORIENTED_EDGE ( 'NONE', *, *, #4003, .T. ) ;
#4343 = CARTESIAN_POINT ( 'NONE',  ( -28.21518432296462464, 18.24483897961897938, 6.013852964218206587 ) ) ;
#4344 = DIRECTION ( 'NONE',  ( 0.000000000000000000, 1.000000000000000000, 0.000000000000000000 ) ) ;
#4345 = ORIENTED_EDGE ( 'NONE', *, *, #3077, .T. ) ;
#4346 = CARTESIAN_POINT ( 'NONE',  ( 27.29771202647688355, 19.60859769400299513, 4.622384460883249169 ) ) ;
#4347 = ORIENTED_EDGE ( 'NONE', *, *, #2704, .F. ) ;
#4348 = LINE ( 'NONE', #1015, #1954 ) ;
#4349 = ADVANCED_FACE ( 'NONE', ( #2819 ), #881, .T. ) ;
#4350 = EDGE_CURVE ( 'NONE', #846, #1057, #2088, .T. ) ;
#4351 = PLANE ( 'NONE',  #4504 ) ;
#4352 = ORIENTED_EDGE ( 'NONE', *, *, #631, .T. ) ;
#4353 = CARTESIAN_POINT ( 'NONE',  ( 33.29729718760968638, 4.500000000000000000, 57.00000000000000000 ) ) ;
#4354 = ORIENTED_EDGE ( 'NONE', *, *, #1478, .F. ) ;
#4355 = EDGE_CURVE ( 'NONE', #36, #2191, #4266, .T. ) ;
#4356 = LINE ( 'NONE', #2294, #3402 ) ;
#4357 = CARTESIAN_POINT ( 'NONE',  ( 34.39015745941478741, -15.63849999999969498, 53.82500000000000284 ) ) ;
#4358 = CARTESIAN_POINT ( 'NONE',  ( -3.871616095317959250, -37.40017674923118562, 26.46146624870490882 ) ) ;
#4359 = ORIENTED_EDGE ( 'NONE', *, *, #3612, .T. ) ;
#4360 = AXIS2_PLACEMENT_3D ( 'NONE', #742, #327, #2968 ) ;
#4361 = CARTESIAN_POINT ( 'NONE',  ( -23.76080393963957604, 23.78078350754053361, 43.88950530295726082 ) ) ;
#4362 = DIRECTION ( 'NONE',  ( 1.000000000000000000, 0.000000000000000000, 0.000000000000000000 ) ) ;
#4363 = EDGE_LOOP ( 'NONE', ( #3064, #4077, #3453, #2313 ) ) ;
#4364 = VECTOR ( 'NONE', #3112, 1000.000000000000000 ) ;
#4365 = CARTESIAN_POINT ( 'NONE',  ( -27.90931039549313653, 18.70909920995714515, 7.499999999999999112 ) ) ;
#4366 = CARTESIAN_POINT ( 'NONE',  ( 3.595834760650029605, 37.42779875765490516, 29.27164224747376053 ) ) ;
#4367 = ORIENTED_EDGE ( 'NONE', *, *, #4629, .T. ) ;
#4368 = CARTESIAN_POINT ( 'NONE',  ( 0.000000000000000000, 0.000000000000000000, 43.17499999999999005 ) ) ;
#4369 = ORIENTED_EDGE ( 'NONE', *, *, #275, .T. ) ;
#4370 = CARTESIAN_POINT ( 'NONE',  ( -31.62644498015965056, 15.37620318947235454, 11.82499999999999929 ) ) ;
#4371 = DIRECTION ( 'NONE',  ( 0.2499999999999956979, 0.4330127018922211302, 0.8660254037844389297 ) ) ;
#4372 = ORIENTED_EDGE ( 'NONE', *, *, #2162, .F. ) ;
#4373 = CARTESIAN_POINT ( 'NONE',  ( -31.98587416412912532, 19.76559604214874355, 9.451905973917988035 ) ) ;
#4374 = ORIENTED_EDGE ( 'NONE', *, *, #2283, .T. ) ;
#4375 = EDGE_CURVE ( 'NONE', #3242, #1069, #931, .T. ) ;
#4376 = EDGE_CURVE ( 'NONE', #3165, #717, #2823, .T. ) ;
#4377 = VECTOR ( 'NONE', #4384, 1000.000000000000000 ) ;
#4378 = AXIS2_PLACEMENT_3D ( 'NONE', #1817, #1071, #2530 ) ;
#4379 = CARTESIAN_POINT ( 'NONE',  ( 32.19352710542337803, 19.42563506598964906, 9.632407592830537268 ) ) ;
#4380 = LINE ( 'NONE', #2975, #2912 ) ;
#4381 = CARTESIAN_POINT ( 'NONE',  ( -4.000198288178030914, -37.38660741088290251, 27.76129241529565306 ) ) ;
#4382 = VERTEX_POINT ( 'NONE', #906 ) ;
#4383 = EDGE_CURVE ( 'NONE', #3363, #4649, #2408, .T. ) ;
#4384 = DIRECTION ( 'NONE',  ( -1.000000000000000000, 0.000000000000000000, 1.187600473310006247E-16 ) ) ;
#4385 = EDGE_CURVE ( 'NONE', #2536, #3762, #168, .T. ) ;
#4386 = CARTESIAN_POINT ( 'NONE',  ( -26.72618457041278006, 23.86370318947240321, 7.500000000000000000 ) ) ;
#4387 = PLANE ( 'NONE',  #4262 ) ;
#4388 = ORIENTED_EDGE ( 'NONE', *, *, #4433, .T. ) ;
#4389 = AXIS2_PLACEMENT_3D ( 'NONE', #235, #956, #2036 ) ;
#4390 = CARTESIAN_POINT ( 'NONE',  ( 1.839534107056127478E-17, 37.60000000000000142, 5.252100000000000435 ) ) ;
#4391 = CARTESIAN_POINT ( 'NONE',  ( 33.01673330951484076, 6.239074501580072152, 55.00000000000001421 ) ) ;
#4392 = ORIENTED_EDGE ( 'NONE', *, *, #1805, .F. ) ;
#4393 = LINE ( 'NONE', #3963, #468 ) ;
#4394 = ORIENTED_EDGE ( 'NONE', *, *, #4434, .T. ) ;
#4395 = DIRECTION ( 'NONE',  ( 0.8660254037844432595, -0.4999999999999920064, 0.000000000000000000 ) ) ;
#4396 = CARTESIAN_POINT ( 'NONE',  ( -3.651740452624389732, 29.07740637894529456, 1.175000000000000488 ) ) ;
#4397 = LINE ( 'NONE', #330, #690 ) ;
#4398 = VERTEX_POINT ( 'NONE', #1534 ) ;
#4399 = FACE_OUTER_BOUND ( 'NONE', #2841, .T. ) ;
#4400 = ORIENTED_EDGE ( 'NONE', *, *, #3820, .F. ) ;
#4401 = VECTOR ( 'NONE', #3420, 1000.000000000000000 ) ;
#4402 = CYLINDRICAL_SURFACE ( 'NONE', #1314, 2.000000000000001776 ) ;
#4403 = DIRECTION ( 'NONE',  ( 0.8660254037844363761, 0.5000000000000039968, 0.000000000000000000 ) ) ;
#4404 = CARTESIAN_POINT ( 'NONE',  ( -3.183280598625333635, -37.46528919789624723, 29.93618326982435107 ) ) ;
#4405 = ORIENTED_EDGE ( 'NONE', *, *, #1510, .T. ) ;
#4406 = CARTESIAN_POINT ( 'NONE',  ( 31.62644498015944450, 15.37620318947279330, 11.82499999999999929 ) ) ;
#4407 = ADVANCED_FACE ( 'NONE', ( #1925 ), #1136, .T. ) ;
#4408 = CARTESIAN_POINT ( 'NONE',  ( 28.83351305295466815, 8.213703189472781219, 7.500000000000000000 ) ) ;
#4409 = EDGE_CURVE ( 'NONE', #480, #3021, #1886, .T. ) ;
#4410 = CARTESIAN_POINT ( 'NONE',  ( 31.38848229505676457, 20.70082143289350540, 7.204252519275893718 ) ) ;
#4411 = CARTESIAN_POINT ( 'NONE',  ( 2.133600818397847210, -37.53945836044871953, 8.222875413149759893 ) ) ;
#4412 = CARTESIAN_POINT ( 'NONE',  ( 1.950397128208513742, 37.54946923459078079, 8.627210886621840658 ) ) ;
#4413 = CARTESIAN_POINT ( 'NONE',  ( 1.288761273635448790, -37.57868898182627504, 23.70423408250442421 ) ) ;
#4414 = EDGE_CURVE ( 'NONE', #1716, #1054, #2293, .T. ) ;
#4415 = EDGE_LOOP ( 'NONE', ( #4277, #3488, #2679, #250 ) ) ;
#4416 = LINE ( 'NONE', #1387, #2830 ) ;
#4417 = ORIENTED_EDGE ( 'NONE', *, *, #4833, .F. ) ;
#4418 = CARTESIAN_POINT ( 'NONE',  ( -29.12940506591455403, 19.70120318947238403, 11.82499999999999929 ) ) ;
#4419 = CARTESIAN_POINT ( 'NONE',  ( 33.57666192331484467, -16.92249738423075556, 46.77562614427124998 ) ) ;
#4420 = PLANE ( 'NONE',  #4194 ) ;
#4421 = ORIENTED_EDGE ( 'NONE', *, *, #2645, .T. ) ;
#4422 = CARTESIAN_POINT ( 'NONE',  ( -31.38036062478502686, 20.71311099420948665, 7.499999999999999112 ) ) ;
#4423 = VERTEX_POINT ( 'NONE', #2245 ) ;
#4424 = AXIS2_PLACEMENT_3D ( 'NONE', #893, #3478, #4624 ) ;
#4425 = CARTESIAN_POINT ( 'NONE',  ( -3.651740452624386624, -29.07740637894529456, 13.82499999999999929 ) ) ;
#4426 = CARTESIAN_POINT ( 'NONE',  ( -2.440687893727232716, -37.52134076817799979, 24.32003439009537615 ) ) ;
#4427 = ORIENTED_EDGE ( 'NONE', *, *, #444, .F. ) ;
#4428 = CARTESIAN_POINT ( 'NONE',  ( -44.48246060384927603, -25.68196060384957136, 47.50000000000000000 ) ) ;
#4429 = CARTESIAN_POINT ( 'NONE',  ( 30.15721039549310234, -14.81562219962304283, 47.35330366042386885 ) ) ;
#4430 = DIRECTION ( 'NONE',  ( 0.000000000000000000, -1.000000000000000000, 8.227937435463111060E-16 ) ) ;
#4431 = DIRECTION ( 'NONE',  ( -0.9915914290789090701, -5.279350710475437107E-17, -0.1294080282565453210 ) ) ;
#4432 = AXIS2_PLACEMENT_3D ( 'NONE', #441, #4129, #791 ) ;
#4433 = EDGE_CURVE ( 'NONE', #3750, #1806, #350, .T. ) ;
#4434 = EDGE_CURVE ( 'NONE', #4102, #1121, #4470, .T. ) ;
#4435 = VECTOR ( 'NONE', #1457, 1000.000000000000114 ) ;
#4436 = CARTESIAN_POINT ( 'NONE',  ( 28.35000000000000142, -3.000000000000000000, 85.40000000000000568 ) ) ;
#4437 = CARTESIAN_POINT ( 'NONE',  ( 0.2611522975868957874, -37.60000000000000853, 23.50000000000000711 ) ) ;
#4438 = ORIENTED_EDGE ( 'NONE', *, *, #3925, .T. ) ;
#4439 = AXIS2_PLACEMENT_3D ( 'NONE', #3331, #1112, #4106 ) ;
#4440 = CARTESIAN_POINT ( 'NONE',  ( -31.31576727597980181, -20.96350000000013480, 51.82499999999999574 ) ) ;
#4441 = ORIENTED_EDGE ( 'NONE', *, *, #990, .T. ) ;
#4442 = AXIS2_PLACEMENT_3D ( 'NONE', #203, #2394, #3864 ) ;
#4443 = CYLINDRICAL_SURFACE ( 'NONE', #1257, 2.247900000000001786 ) ;
#4444 = ADVANCED_FACE ( 'NONE', ( #2657 ), #2633, .F. ) ;
#4445 = CARTESIAN_POINT ( 'NONE',  ( 23.59999999999999787, -3.000000000000000000, 59.89999999999999858 ) ) ;
#4446 =( BOUNDED_CURVE ( )  B_SPLINE_CURVE ( 3, ( #805, #2648, #1597, #1574 ),
 .UNSPECIFIED., .F., .F. ) 
 B_SPLINE_CURVE_WITH_KNOTS ( ( 4, 4 ),
 ( 4.493274354691378925, 4.603491124453208627 ),
 .UNSPECIFIED. ) 
 CURVE ( )  GEOMETRIC_REPRESENTATION_ITEM ( )  RATIONAL_B_SPLINE_CURVE ( ( 1.000000000000000000, 0.9989879448062453093, 0.9989879448062453093, 1.000000000000000000 ) ) 
 REPRESENTATION_ITEM ( '' )  );
#4447 = DIRECTION ( 'NONE',  ( 0.000000000000000000, 0.000000000000000000, 1.000000000000000000 ) ) ;
#4448 = ORIENTED_EDGE ( 'NONE', *, *, #153, .F. ) ;
#4449 = CARTESIAN_POINT ( 'NONE',  ( -33.57666192331484467, 16.92249738423075200, 8.224373855728758897 ) ) ;
#4450 = ORIENTED_EDGE ( 'NONE', *, *, #1180, .T. ) ;
#4451 = CIRCLE ( 'NONE', #2980, 33.60000000000000142 ) ;
#4452 = CARTESIAN_POINT ( 'NONE',  ( -30.75195868897849039, -13.53798496052352540, 41.17499999999999005 ) ) ;
#4453 = ORIENTED_EDGE ( 'NONE', *, *, #3202, .T. ) ;
#4454 = CARTESIAN_POINT ( 'NONE',  ( -2.445078275423849146, -37.52105343693624206, 30.67658592015672525 ) ) ;
#4455 = EDGE_LOOP ( 'NONE', ( #4347, #2393, #333, #30 ) ) ;
#4456 = CARTESIAN_POINT ( 'NONE',  ( 2.497039914245127168, -32.07740637894529812, 3.175000000000004263 ) ) ;
#4457 = CIRCLE ( 'NONE', #2764, 33.60000000000000142 ) ;
#4458 = LINE ( 'NONE', #3688, #4621 ) ;
#4459 = CARTESIAN_POINT ( 'NONE',  ( 21.53003214770612672, -20.86370318947243874, 47.50000000000000000 ) ) ;
#4460 = CARTESIAN_POINT ( 'NONE',  ( 31.68255207897238535, 20.24813396785864583, 6.015067046167589027 ) ) ;
#4461 = LINE ( 'NONE', #784, #967 ) ;
#4462 = CARTESIAN_POINT ( 'NONE',  ( 2.752883629486872027E-16, 37.60000000000000142, 9.747899999999999565 ) ) ;
#4463 = DIRECTION ( 'NONE',  ( 0.000000000000000000, 0.000000000000000000, 1.000000000000000000 ) ) ;
#4464 = VERTEX_POINT ( 'NONE', #3016 ) ;
#4465 = LINE ( 'NONE', #99, #2445 ) ;
#4466 = ORIENTED_EDGE ( 'NONE', *, *, #1667, .F. ) ;
#4467 =( GEOMETRIC_REPRESENTATION_CONTEXT ( 3 ) GLOBAL_UNCERTAINTY_ASSIGNED_CONTEXT ( ( #2398 ) ) GLOBAL_UNIT_ASSIGNED_CONTEXT ( ( #112, #481, #3028 ) ) REPRESENTATION_CONTEXT ( 'NONE', 'WORKASPACE' ) );
#4468 = FACE_OUTER_BOUND ( 'NONE', #2591, .T. ) ;
#4469 =( BOUNDED_CURVE ( )  B_SPLINE_CURVE ( 3, ( #1681, #3836, #941, #915 ),
 .UNSPECIFIED., .F., .T. ) 
 B_SPLINE_CURVE_WITH_KNOTS ( ( 4, 4 ),
 ( 2.228381564438992601, 2.305678250968258958 ),
 .UNSPECIFIED. ) 
 CURVE ( )  GEOMETRIC_REPRESENTATION_ITEM ( )  RATIONAL_B_SPLINE_CURVE ( ( 1.000000000000000000, 0.9995021638268548614, 0.9995021638268548614, 1.000000000000000000 ) ) 
 REPRESENTATION_ITEM ( '' )  );
#4470 = LINE ( 'NONE', #1852, #4138 ) ;
#4471 = EDGE_CURVE ( 'NONE', #499, #600, #2944, .T. ) ;
#4472 = DIRECTION ( 'NONE',  ( 0.5000000000000001110, -0.000000000000000000, 0.8660254037844387076 ) ) ;
#4473 = EDGE_CURVE ( 'NONE', #4577, #4010, #4131, .T. ) ;
#4474 = VERTEX_POINT ( 'NONE', #1902 ) ;
#4475 = CARTESIAN_POINT ( 'NONE',  ( 30.75195868897868223, -13.53798496052306710, 41.17499999999999716 ) ) ;
#4476 = ORIENTED_EDGE ( 'NONE', *, *, #513, .T. ) ;
#4477 = CARTESIAN_POINT ( 'NONE',  ( -29.76017230423912707, 15.59830401991009197, 9.287029786327682501 ) ) ;
#4478 = EDGE_CURVE ( 'NONE', #417, #4749, #173, .T. ) ;
#4479 = CYLINDRICAL_SURFACE ( 'NONE', #32, 3.999999999999996447 ) ;
#4480 = ORIENTED_EDGE ( 'NONE', *, *, #1075, .T. ) ;
#4481 = DIRECTION ( 'NONE',  ( 0.000000000000000000, -0.5547001962252300356, 0.8320502943378429439 ) ) ;
#4482 = CARTESIAN_POINT ( 'NONE',  ( -3.015527012608606228, 37.47934964978254868, 24.85872631874720540 ) ) ;
#4483 = AXIS2_PLACEMENT_3D ( 'NONE', #4068, #1122, #4481 ) ;
#4484 = FACE_OUTER_BOUND ( 'NONE', #2181, .T. ) ;
#4485 = DIRECTION ( 'NONE',  ( 0.5000000000000039968, -0.8660254037844363761, 1.187600473310006000E-16 ) ) ;
#4486 = DIRECTION ( 'NONE',  ( -4.750401893239963850E-16, -8.227937435463179100E-16, 1.000000000000000000 ) ) ;
#4487 = CARTESIAN_POINT ( 'NONE',  ( 31.54325774672385307, -20.46434857356814874, 48.62613017841515983 ) ) ;
#4488 = CARTESIAN_POINT ( 'NONE',  ( 0.1466925121715679514, 37.60000000000001563, 9.747899999999999565 ) ) ;
#4489 = VECTOR ( 'NONE', #3417, 1000.000000000000000 ) ;
#4490 = CARTESIAN_POINT ( 'NONE',  ( 3.180878534858524898, -37.46549259387277431, 25.06075994857581790 ) ) ;
#4491 = ORIENTED_EDGE ( 'NONE', *, *, #2022, .T. ) ;
#4492 = CARTESIAN_POINT ( 'NONE',  ( 28.35000000000000142, 4.500000000000000000, 57.39999999999999858 ) ) ;
#4493 = ORIENTED_EDGE ( 'NONE', *, *, #2012, .F. ) ;
#4494 = LINE ( 'NONE', #1875, #4603 ) ;
#4495 = DIRECTION ( 'NONE',  ( 0.2499999999999958089, 0.4330127018922213522, 0.8660254037844388186 ) ) ;
#4496 = DIRECTION ( 'NONE',  ( 0.4330127018922125259, 0.7500000000000042188, -0.4999999999999995559 ) ) ;
#4497 = VERTEX_POINT ( 'NONE', #4396 ) ;
#4498 = CARTESIAN_POINT ( 'NONE',  ( 30.26650737441248751, 14.59104284671368390, 11.82499999999999929 ) ) ;
#4499 = ORIENTED_EDGE ( 'NONE', *, *, #2558, .T. ) ;
#4500 = ADVANCED_FACE ( 'NONE', ( #34 ), #1162, .T. ) ;
#4501 = EDGE_CURVE ( 'NONE', #3627, #600, #422, .T. ) ;
#4502 = CARTESIAN_POINT ( 'NONE',  ( -0.1467260895869794690, -37.60000000000000142, 5.252100000000000435 ) ) ;
#4503 = DIRECTION ( 'NONE',  ( 0.4330127018922232951, -0.7499999999999987788, -0.4999999999999983347 ) ) ;
#4504 = AXIS2_PLACEMENT_3D ( 'NONE', #2541, #1016, #2518 ) ;
#4505 = EDGE_LOOP ( 'NONE', ( #3645, #3523 ) ) ;
#4506 = EDGE_CURVE ( 'NONE', #4606, #1613, #4033, .T. ) ;
#4507 = CARTESIAN_POINT ( 'NONE',  ( -29.64843688993744308, -15.81149631071833817, 49.46456078297380543 ) ) ;
#4508 = FACE_OUTER_BOUND ( 'NONE', #3871, .T. ) ;
#4509 = LINE ( 'NONE', #780, #1994 ) ;
#4510 = LINE ( 'NONE', #512, #4100 ) ;
#4511 = CARTESIAN_POINT ( 'NONE',  ( 0.2970512317985589124, -37.60000000000000142, 9.747899999999997789 ) ) ;
#4512 = DIRECTION ( 'NONE',  ( -0.000000000000000000, -0.000000000000000000, -1.000000000000000000 ) ) ;
#4513 = CARTESIAN_POINT ( 'NONE',  ( -32.99897723120670179, 32.07740637894529812, 56.00590516225862103 ) ) ;
#4514 = ORIENTED_EDGE ( 'NONE', *, *, #1074, .F. ) ;
#4515 = CARTESIAN_POINT ( 'NONE',  ( 24.75097728705702593, -22.72331673272165631, 47.50000000000000000 ) ) ;
#4516 = ORIENTED_EDGE ( 'NONE', *, *, #1234, .T. ) ;
#4517 = CARTESIAN_POINT ( 'NONE',  ( 0.000000000000000000, 0.000000000000000000, 87.79999999999998295 ) ) ;
#4518 = B_SPLINE_CURVE_WITH_KNOTS ( 'NONE', 3,
 ( #577, #1663, #530, #870, #186, #1688, #3943, #2003, #3552, #4285, #3898, #1344, #2371, #1293, #3166, #3215, #1321, #555, #2452, #4674, #2426, #949, #135, #4306, #4650, #1367, #2810, #2835, #1710, #3118 ),
 .UNSPECIFIED., .F., .F.,
 ( 4, 2, 2, 2, 2, 2, 2, 2, 2, 2, 2, 2, 2, 2, 4 ),
 ( 0.007029922751532322565, 0.007469192018332815666, 0.007908461285133309634, 0.008786999818734294102, 0.009226269085534781131, 0.009665538352335269895, 0.01010480761913575692, 0.01054407688593624395, 0.01098334615273673098, 0.01142261541953721801, 0.01186188468633770504, 0.01230115395313819554, 0.01274042321993868604, 0.01317969248673917654, 0.01405823102034017662 ),
 .UNSPECIFIED. ) ;
#4519 = VECTOR ( 'NONE', #2051, 1000.000000000000000 ) ;
#4520 = CARTESIAN_POINT ( 'NONE',  ( -31.27227883592912505, -12.28839193743023372, 47.50000000000000000 ) ) ;
#4521 = DIRECTION ( 'NONE',  ( 0.8660254037844432595, -0.4999999999999919509, -0.000000000000000000 ) ) ;
#4522 = VECTOR ( 'NONE', #2630, 1000.000000000000000 ) ;
#4523 = FACE_BOUND ( 'NONE', #4198, .T. ) ;
#4524 = EDGE_LOOP ( 'NONE', ( #676, #1160, #730, #2203, #3384, #1705, #4551, #4572, #2351, #396, #1562, #4453 ) ) ;
#4525 = DIRECTION ( 'NONE',  ( 1.000000000000000000, 0.000000000000000000, 0.000000000000000000 ) ) ;
#4526 = VERTEX_POINT ( 'NONE', #3720 ) ;
#4527 = LINE ( 'NONE', #4112, #3993 ) ;
#4528 = ORIENTED_EDGE ( 'NONE', *, *, #3315, .F. ) ;
#4529 = CARTESIAN_POINT ( 'NONE',  ( -29.02552828902442528, -16.92631729510917182, 49.74795237698502604 ) ) ;
#4530 = DIRECTION ( 'NONE',  ( 1.000000000000000000, 0.000000000000000000, 8.683899414665652514E-17 ) ) ;
#4531 = CARTESIAN_POINT ( 'NONE',  ( 33.46580344172241439, -2.999999999999998668, 56.73481939757930803 ) ) ;
#4532 = DIRECTION ( 'NONE',  ( 0.000000000000000000, 1.000000000000000000, 0.000000000000000000 ) ) ;
#4533 = EDGE_CURVE ( 'NONE', #3777, #2512, #2201, .T. ) ;
#4534 = EDGE_CURVE ( 'NONE', #3547, #3497, #3618, .T. ) ;
#4535 = CARTESIAN_POINT ( 'NONE',  ( -2.175913583633832360, 37.53699810860523201, 8.083149774926017272 ) ) ;
#4536 = CIRCLE ( 'NONE', #801, 37.60000000000000142 ) ;
#4537 = CARTESIAN_POINT ( 'NONE',  ( 0.000000000000000000, 0.000000000000000000, 3.175000000000004263 ) ) ;
#4538 = ADVANCED_FACE ( 'NONE', ( #1262 ), #551, .T. ) ;
#4539 = VERTEX_POINT ( 'NONE', #4179 ) ;
#4540 = CARTESIAN_POINT ( 'NONE',  ( 23.59999999999999432, 4.500000000000000000, 87.79999999999998295 ) ) ;
#4541 = VERTEX_POINT ( 'NONE', #865 ) ;
#4542 = DIRECTION ( 'NONE',  ( 1.000000000000000000, 0.000000000000000000, 0.000000000000000000 ) ) ;
#4543 = CARTESIAN_POINT ( 'NONE',  ( 31.63328752927094101, -20.32490808247301928, 46.12604566295482300 ) ) ;
#4544 = CARTESIAN_POINT ( 'NONE',  ( -27.90931039549313653, 18.70909920995714515, 7.499999999999999112 ) ) ;
#4545 = FACE_OUTER_BOUND ( 'NONE', #313, .T. ) ;
#4546 = EDGE_LOOP ( 'NONE', ( #455, #3382, #3647, #3959 ) ) ;
#4547 = CARTESIAN_POINT ( 'NONE',  ( 27.91752453786159904, 18.69686212637538603, 7.204241617270240816 ) ) ;
#4548 = ORIENTED_EDGE ( 'NONE', *, *, #386, .F. ) ;
#4549 = VECTOR ( 'NONE', #3412, 1000.000000000000000 ) ;
#4550 = CARTESIAN_POINT ( 'NONE',  ( -1.787666033525121545, -37.55756766176418893, 6.129322014922531814 ) ) ;
#4551 = ORIENTED_EDGE ( 'NONE', *, *, #4834, .T. ) ;
#4552 = DIRECTION ( 'NONE',  ( 0.000000000000000000, 0.5547001962252284812, -0.8320502943378441651 ) ) ;
#4553 = EDGE_LOOP ( 'NONE', ( #229, #2, #1440, #3897 ) ) ;
#4554 = CARTESIAN_POINT ( 'NONE',  ( -28.38907648194946631, -17.97317965730623612, 49.28765482526852537 ) ) ;
#4555 = CARTESIAN_POINT ( 'NONE',  ( 29.81361658614782684, -15.49577396419554454, 45.80791980452308820 ) ) ;
#4556 = CARTESIAN_POINT ( 'NONE',  ( -7.303480905248773247, -32.07740637894529812, 7.500000000000007105 ) ) ;
#4557 = FACE_BOUND ( 'NONE', #76, .T. ) ;
#4558 = CARTESIAN_POINT ( 'NONE',  ( -0.7247851840124700518, 37.59326035367028851, 5.367055233016550631 ) ) ;
#4559 = EDGE_CURVE ( 'NONE', #2690, #1221, #2754, .T. ) ;
#4560 = EDGE_CURVE ( 'NONE', #583, #556, #1288, .T. ) ;
#4561 = VECTOR ( 'NONE', #2334, 1000.000000000000000 ) ;
#4562 = CARTESIAN_POINT ( 'NONE',  ( 23.35590237401804004, 17.70120318947276772, 13.82499999999999929 ) ) ;
#4563 = EDGE_LOOP ( 'NONE', ( #134, #256, #2023, #2559 ) ) ;
#4564 = CARTESIAN_POINT ( 'NONE',  ( -26.80039068617776010, -20.28302848378311296, 48.93527643990336884 ) ) ;
#4565 = ORIENTED_EDGE ( 'NONE', *, *, #3978, .T. ) ;
#4566 = FACE_BOUND ( 'NONE', #2544, .T. ) ;
#4567 = CIRCLE ( 'NONE', #2486, 37.60000000000000142 ) ;
#4568 = ADVANCED_FACE ( 'NONE', ( #2366 ), #1973, .T. ) ;
#4569 = CARTESIAN_POINT ( 'NONE',  ( 31.79498589419487686, -20.07111511285752314, 45.80573898401732436 ) ) ;
#4570 = DIRECTION ( 'NONE',  ( 1.000000000000000000, 0.000000000000000000, -6.308085367188394185E-16 ) ) ;
#4571 = CARTESIAN_POINT ( 'NONE',  ( -32.99897723120670179, -32.07740637894529812, 56.00590516225862103 ) ) ;
#4572 = ORIENTED_EDGE ( 'NONE', *, *, #3758, .F. ) ;
#4573 = CARTESIAN_POINT ( 'NONE',  ( 37.03390338595163911, 6.500000000000000000, 55.00000000000000000 ) ) ;
#4574 = VERTEX_POINT ( 'NONE', #3893 ) ;
#4575 = DIRECTION ( 'NONE',  ( -0.000000000000000000, -1.000000000000000000, -0.000000000000000000 ) ) ;
#4576 = CARTESIAN_POINT ( 'NONE',  ( -0.2957474612807555192, -37.59911285269021164, 5.266803901260505683 ) ) ;
#4577 = VERTEX_POINT ( 'NONE', #818 ) ;
#4578 = CARTESIAN_POINT ( 'NONE',  ( 28.38347579205025184, -17.98280859728169645, 49.29710281999059873 ) ) ;
#4579 = VERTEX_POINT ( 'NONE', #3840 ) ;
#4580 = CARTESIAN_POINT ( 'NONE',  ( -33.22556068353067360, -17.60218879031607742, 45.71089946432969242 ) ) ;
#4581 = CARTESIAN_POINT ( 'NONE',  ( 31.24958159237208832, 12.40761888222809617, 11.69849680671308789 ) ) ;
#4582 = CARTESIAN_POINT ( 'NONE',  ( -31.24958159237206701, -12.40761888222809795, 51.69849680671309500 ) ) ;
#4583 = FACE_BOUND ( 'NONE', #1320, .T. ) ;
#4584 = DIRECTION ( 'NONE',  ( -0.000000000000000000, 0.000000000000000000, 1.000000000000000000 ) ) ;
#4585 = AXIS2_PLACEMENT_3D ( 'NONE', #1770, #3896, #2890 ) ;
#4586 = DIRECTION ( 'NONE',  ( 1.000000000000000000, 0.000000000000000000, 0.000000000000000000 ) ) ;
#4587 = CARTESIAN_POINT ( 'NONE',  ( -26.27819900743910608, 20.93839193742983795, 7.500000000000000000 ) ) ;
#4588 = ORIENTED_EDGE ( 'NONE', *, *, #7, .F. ) ;
#4589 = CARTESIAN_POINT ( 'NONE',  ( -1.036050789595284849, 37.58659391222219881, 31.37228633312822623 ) ) ;
#4590 = EDGE_CURVE ( 'NONE', #2909, #3021, #55, .T. ) ;
#4591 = EDGE_LOOP ( 'NONE', ( #1885, #2444, #3249, #209 ) ) ;
#4592 = EDGE_CURVE ( 'NONE', #4030, #2919, #497, .T. ) ;
#4593 = DIRECTION ( 'NONE',  ( -0.000000000000000000, -0.000000000000000000, -1.000000000000000000 ) ) ;
#4594 = CARTESIAN_POINT ( 'NONE',  ( 31.38036062478502686, -20.71311099420948665, 47.49999999999999289 ) ) ;
#4595 = DIRECTION ( 'NONE',  ( -0.000000000000000000, -0.000000000000000000, 1.000000000000000000 ) ) ;
#4596 = LINE ( 'NONE', #2649, #4653 ) ;
#4597 = ORIENTED_EDGE ( 'NONE', *, *, #216, .F. ) ;
#4598 = DIRECTION ( 'NONE',  ( 1.000000000000000000, -0.000000000000000000, -0.000000000000000000 ) ) ;
#4599 = EDGE_CURVE ( 'NONE', #3087, #2566, #102, .T. ) ;
#4600 = ORIENTED_EDGE ( 'NONE', *, *, #123, .F. ) ;
#4601 = EDGE_CURVE ( 'NONE', #4464, #2606, #2728, .T. ) ;
#4602 = DIRECTION ( 'NONE',  ( 0.000000000000000000, -0.5547001962252313678, -0.8320502943378422778 ) ) ;
#4603 = VECTOR ( 'NONE', #2632, 1000.000000000000000 ) ;
#4604 = VECTOR ( 'NONE', #3351, 1000.000000000000114 ) ;
#4605 = DIRECTION ( 'NONE',  ( 0.000000000000000000, -1.000000000000000000, 0.000000000000000000 ) ) ;
#4606 = VERTEX_POINT ( 'NONE', #4520 ) ;
#4607 = FACE_OUTER_BOUND ( 'NONE', #2425, .T. ) ;
#4608 = ORIENTED_EDGE ( 'NONE', *, *, #2800, .F. ) ;
#4609 = AXIS2_PLACEMENT_3D ( 'NONE', #1187, #2050, #2422 ) ;
#4610 = CARTESIAN_POINT ( 'NONE',  ( -27.90931039549288073, -18.70909920995752884, 47.50000000000000000 ) ) ;
#4611 = CARTESIAN_POINT ( 'NONE',  ( 28.35000000000000142, -3.000000000000000000, 86.27500000000000568 ) ) ;
#4612 = DIRECTION ( 'NONE',  ( -0.8660254037844432595, 0.4999999999999919509, 0.000000000000000000 ) ) ;
#4613 = DIRECTION ( 'NONE',  ( 0.4330127018922229620, -0.7499999999999983347, -0.4999999999999994449 ) ) ;
#4614 =( BOUNDED_CURVE ( )  B_SPLINE_CURVE ( 3, ( #362, #4361, #385, #1890 ),
 .UNSPECIFIED., .F., .F. ) 
 B_SPLINE_CURVE_WITH_KNOTS ( ( 4, 4 ),
 ( 2.323987472545508304, 2.419343747029226943 ),
 .UNSPECIFIED. ) 
 CURVE ( )  GEOMETRIC_REPRESENTATION_ITEM ( )  RATIONAL_B_SPLINE_CURVE ( ( 1.000000000000000000, 0.9992424086060595068, 0.9992424086060595068, 1.000000000000000000 ) ) 
 REPRESENTATION_ITEM ( '' )  );
#4615 = CARTESIAN_POINT ( 'NONE',  ( 33.62826062478498557, -16.81963398387538433, 47.50000000000000000 ) ) ;
#4616 = DIRECTION ( 'NONE',  ( 0.000000000000000000, 1.000000000000000000, 0.000000000000000000 ) ) ;
#4617 = ORIENTED_EDGE ( 'NONE', *, *, #1813, .T. ) ;
#4618 = CARTESIAN_POINT ( 'NONE',  ( -27.76946746016759349, 18.91604284671329594, 3.175000000000003819 ) ) ;
#4619 = VERTEX_POINT ( 'NONE', #3426 ) ;
#4620 = CARTESIAN_POINT ( 'NONE',  ( 25.18177260033024822, 14.53870318947276807, 0.000000000000000000 ) ) ;
#4621 = VECTOR ( 'NONE', #1472, 1000.000000000000227 ) ;
#4622 = CARTESIAN_POINT ( 'NONE',  ( 3.651740452624383071, -35.07740637894529812, 1.174999999999999600 ) ) ;
#4623 = DIRECTION ( 'NONE',  ( 1.000000000000000000, 0.000000000000000000, -0.000000000000000000 ) ) ;
#4624 = DIRECTION ( 'NONE',  ( -1.000000000000000000, 0.000000000000000000, -0.000000000000000000 ) ) ;
#4625 = VERTEX_POINT ( 'NONE', #131 ) ;
#4626 = CARTESIAN_POINT ( 'NONE',  ( 30.26650737441249106, 14.59104284671368923, 3.175000000000004263 ) ) ;
#4627 = ORIENTED_EDGE ( 'NONE', *, *, #3466, .T. ) ;
#4628 = FACE_OUTER_BOUND ( 'NONE', #715, .T. ) ;
#4629 = EDGE_CURVE ( 'NONE', #3350, #1637, #1634, .T. ) ;
#4630 = EDGE_CURVE ( 'NONE', #3421, #2962, #2705, .T. ) ;
#4631 = DIRECTION ( 'NONE',  ( -0.5000000000000039968, 0.8660254037844363761, 0.000000000000000000 ) ) ;
#4632 = VERTEX_POINT ( 'NONE', #3812 ) ;
#4633 = PLANE ( 'NONE',  #194 ) ;
#4634 = ORIENTED_EDGE ( 'NONE', *, *, #4025, .F. ) ;
#4635 = CARTESIAN_POINT ( 'NONE',  ( -32.63579791368579208, -18.67315426197277617, 45.25197961751121056 ) ) ;
#4636 = CARTESIAN_POINT ( 'NONE',  ( 2.497039914245130277, -29.07740637894529456, 3.175000000000000711 ) ) ;
#4637 = CARTESIAN_POINT ( 'NONE',  ( -31.38036062478502686, 20.71311099420948665, 7.499999999999999112 ) ) ;
#4638 = CARTESIAN_POINT ( 'NONE',  ( -27.10021823635410954, -19.86298496052344831, 53.82500000000003837 ) ) ;
#4639 = FACE_OUTER_BOUND ( 'NONE', #357, .T. ) ;
#4640 = CARTESIAN_POINT ( 'NONE',  ( -31.50535216179557096, -20.52257238312897059, 48.49639296876013361 ) ) ;
#4641 = B_SPLINE_CURVE_WITH_KNOTS ( 'NONE', 3,
 ( #2569, #3655, #336, #655, #3630, #3681, #2658, #3606, #263, #4132, #1764, #4379, #3309, #1043, #2183, #2523, #310, #1397, #4798, #1466, #3245, #288, #3268, #1419, #1811, #4730, #2884, #3289, #793, #1441 ),
 .UNSPECIFIED., .F., .F.,
 ( 4, 2, 2, 2, 2, 2, 2, 2, 2, 2, 2, 2, 2, 2, 4 ),
 ( 0.007029527460757556065, 0.007468772381713768491, 0.007908017302669979182, 0.008786507144582404033, 0.009225752065538612989, 0.009664996986494821946, 0.01010424190745103090, 0.01054348682840723986, 0.01098273174936344708, 0.01142197667031965777, 0.01186122159127586499, 0.01230046651223207395, 0.01273971143318828290, 0.01317895635414449186, 0.01405744619605690457 ),
 .UNSPECIFIED. ) ;
#4642 = ORIENTED_EDGE ( 'NONE', *, *, #999, .F. ) ;
#4643 = ORIENTED_EDGE ( 'NONE', *, *, #603, .T. ) ;
#4644 = DIRECTION ( 'NONE',  ( -0.000000000000000000, -0.000000000000000000, -1.000000000000000000 ) ) ;
#4645 = VECTOR ( 'NONE', #1029, 999.9999999999998863 ) ;
#4646 = CARTESIAN_POINT ( 'NONE',  ( -27.91745703548386359, 18.69696264905835648, 7.205354012049505208 ) ) ;
#4647 = DIRECTION ( 'NONE',  ( 1.000000000000000000, 0.000000000000000000, 0.000000000000000000 ) ) ;
#4648 = DIRECTION ( 'NONE',  ( 5.938002366549935092E-17, 1.028492179432894059E-16, -1.000000000000000000 ) ) ;
#4649 = VERTEX_POINT ( 'NONE', #470 ) ;
#4650 = CARTESIAN_POINT ( 'NONE',  ( -29.95005596787313351, -15.23026334306198493, 46.12603128450269452 ) ) ;
#4651 = EDGE_LOOP ( 'NONE', ( #4028, #4438, #1799, #3888, #3193, #3285 ) ) ;
#4652 = DIRECTION ( 'NONE',  ( -0.000000000000000000, 1.000000000000000000, -0.000000000000000000 ) ) ;
#4653 = VECTOR ( 'NONE', #4829, 1000.000000000000114 ) ;
#4654 = CARTESIAN_POINT ( 'NONE',  ( -27.90931039549313653, 18.70909920995714515, 7.499999999999999112 ) ) ;
#4655 = EDGE_LOOP ( 'NONE', ( #654, #1301, #2881, #2442 ) ) ;
#4656 = CARTESIAN_POINT ( 'NONE',  ( 30.15721039549310944, -14.81562219962305527, 47.64673003740169577 ) ) ;
#4657 = VERTEX_POINT ( 'NONE', #1316 ) ;
#4658 = EDGE_CURVE ( 'NONE', #2404, #1592, #1010, .T. ) ;
#4659 = CARTESIAN_POINT ( 'NONE',  ( -31.62696132548776973, -20.33564057824186833, 46.11898083204301457 ) ) ;
#4660 = LINE ( 'NONE', #196, #2376 ) ;
#4661 = CARTESIAN_POINT ( 'NONE',  ( -31.98314489001629468, 19.77148605851112961, 5.535424893934413504 ) ) ;
#4662 = DIRECTION ( 'NONE',  ( 0.4999999999999991673, 0.000000000000000000, -0.8660254037844390407 ) ) ;
#4663 = FACE_OUTER_BOUND ( 'NONE', #3470, .T. ) ;
#4664 =( BOUNDED_CURVE ( )  B_SPLINE_CURVE ( 3, ( #2270, #3744, #843, #2343 ),
 .UNSPECIFIED., .F., .F. ) 
 B_SPLINE_CURVE_WITH_KNOTS ( ( 4, 4 ),
 ( 4.821286836316171609, 4.931503606078000423 ),
 .UNSPECIFIED. ) 
 CURVE ( )  GEOMETRIC_REPRESENTATION_ITEM ( )  RATIONAL_B_SPLINE_CURVE ( ( 1.000000000000000000, 0.9989879448062453093, 0.9989879448062453093, 1.000000000000000000 ) ) 
 REPRESENTATION_ITEM ( '' )  );
#4665 = EDGE_CURVE ( 'NONE', #1587, #3665, #3984, .T. ) ;
#4666 = PLANE ( 'NONE',  #827 ) ;
#4667 = EDGE_LOOP ( 'NONE', ( #4286, #4037, #4257, #4493 ) ) ;
#4668 = AXIS2_PLACEMENT_3D ( 'NONE', #1949, #3428, #1586 ) ;
#4669 = CARTESIAN_POINT ( 'NONE',  ( 26.43029255745282668, 12.37620318947277021, 11.82499999999999929 ) ) ;
#4670 = LINE ( 'NONE', #3620, #2663 ) ;
#4671 = CIRCLE ( 'NONE', #3422, 33.60000000000000142 ) ;
#4672 = AXIS2_PLACEMENT_3D ( 'NONE', #2213, #3686, #340 ) ;
#4673 = ORIENTED_EDGE ( 'NONE', *, *, #2049, .F. ) ;
#4674 = CARTESIAN_POINT ( 'NONE',  ( -29.58364199821462748, -15.93068436815987532, 45.47913659283753418 ) ) ;
#4675 = VERTEX_POINT ( 'NONE', #4006 ) ;
#4676 = LINE ( 'NONE', #2005, #1726 ) ;
#4677 = CARTESIAN_POINT ( 'NONE',  ( -26.27819900743881121, -20.93839193743019678, 47.50000000000000000 ) ) ;
#4678 = ORIENTED_EDGE ( 'NONE', *, *, #4025, .T. ) ;
#4679 = DIRECTION ( 'NONE',  ( 1.000000000000000000, 0.000000000000000000, -9.244100167296546298E-33 ) ) ;
#4680 = VERTEX_POINT ( 'NONE', #1032 ) ;
#4681 = VECTOR ( 'NONE', #2292, 1000.000000000000000 ) ;
#4682 = AXIS2_PLACEMENT_3D ( 'NONE', #737, #345, #4463 ) ;
#4683 = CARTESIAN_POINT ( 'NONE',  ( -31.98448579353269849, -19.76784286981561678, 45.54960305225802841 ) ) ;
#4684 = LINE ( 'NONE', #2039, #3687 ) ;
#4685 = CARTESIAN_POINT ( 'NONE',  ( -2.497039914245133829, 35.07740637894529812, 11.82499999999999929 ) ) ;
#4686 = AXIS2_PLACEMENT_3D ( 'NONE', #3906, #1743, #3953 ) ;
#4687 = LINE ( 'NONE', #3225, #2712 ) ;
#4688 = AXIS2_PLACEMENT_3D ( 'NONE', #4252, #3838, #496 ) ;
#4689 = PLANE ( 'NONE',  #2685 ) ;
#4690 = EDGE_CURVE ( 'NONE', #1008, #1248, #4303, .T. ) ;
#4691 = FACE_BOUND ( 'NONE', #1682, .T. ) ;
#4692 = ADVANCED_FACE ( 'NONE', ( #988 ), #227, .T. ) ;
#4693 =( BOUNDED_CURVE ( )  B_SPLINE_CURVE ( 3, ( #875, #4236, #2377, #533 ),
 .UNSPECIFIED., .F., .F. ) 
 B_SPLINE_CURVE_WITH_KNOTS ( ( 4, 4 ),
 ( 3.977507056211327274, 4.054803742740594075 ),
 .UNSPECIFIED. ) 
 CURVE ( )  GEOMETRIC_REPRESENTATION_ITEM ( )  RATIONAL_B_SPLINE_CURVE ( ( 1.000000000000000000, 0.9995021638268548614, 0.9995021638268548614, 1.000000000000000000 ) ) 
 REPRESENTATION_ITEM ( '' )  );
#4694 = VERTEX_POINT ( 'NONE', #1707 ) ;
#4695 = CARTESIAN_POINT ( 'NONE',  ( -29.90865326697210946, 15.31154794643702388, 6.015083551157636599 ) ) ;
#4696 = CARTESIAN_POINT ( 'NONE',  ( 3.010978474700271246, 37.47970431551550519, 24.85387397381700936 ) ) ;
#4697 = ADVANCED_FACE ( 'NONE', ( #4717, #1384, #596 ), #2852, .T. ) ;
#4698 = ORIENTED_EDGE ( 'NONE', *, *, #4235, .T. ) ;
#4699 = DIRECTION ( 'NONE',  ( 0.000000000000000000, 0.000000000000000000, 1.000000000000000000 ) ) ;
#4700 = ORIENTED_EDGE ( 'NONE', *, *, #1297, .T. ) ;
#4702 = FACE_BOUND ( 'NONE', #765, .T. ) ;
#4701 = VECTOR ( 'NONE', #927, 1000.000000000000000 ) ;
#4703 = LINE ( 'NONE', #1693, #299 ) ;
#4704 = EDGE_LOOP ( 'NONE', ( #1935, #4394, #3521, #4466 ) ) ;
#4705 = CARTESIAN_POINT ( 'NONE',  ( 27.90931039549287362, 18.70909920995752884, 7.500000000000000000 ) ) ;
#4706 = VERTEX_POINT ( 'NONE', #4669 ) ;
#4707 = DIRECTION ( 'NONE',  ( -0.000000000000000000, -0.000000000000000000, 1.000000000000000000 ) ) ;
#4708 = CARTESIAN_POINT ( 'NONE',  ( 29.45342113777517312, 16.17017506390454429, 9.633581915646567850 ) ) ;
#4709 = CARTESIAN_POINT ( 'NONE',  ( -33.81280719022493741, -16.63850000000017459, 43.17499999999999005 ) ) ;
#4710 = VECTOR ( 'NONE', #3430, 1000.000000000000000 ) ;
#4711 = CYLINDRICAL_SURFACE ( 'NONE', #1772, 2.247900000000003562 ) ;
#4712 = VECTOR ( 'NONE', #1962, 1000.000000000000114 ) ;
#4713 = CARTESIAN_POINT ( 'NONE',  ( -33.37611287141793781, -17.31490288441803926, 48.98613797810159554 ) ) ;
#4714 = VERTEX_POINT ( 'NONE', #3549 ) ;
#4715 = EDGE_CURVE ( 'NONE', #1366, #3257, #2182, .T. ) ;
#4716 = EDGE_CURVE ( 'NONE', #1530, #669, #2118, .T. ) ;
#4717 = FACE_BOUND ( 'NONE', #3230, .T. ) ;
#4718 = CARTESIAN_POINT ( 'NONE',  ( 3.014623164381069920, 37.47941010829556063, 30.14197360633381706 ) ) ;
#4719 = ORIENTED_EDGE ( 'NONE', *, *, #4056, .T. ) ;
#4720 = DIRECTION ( 'NONE',  ( 1.000000000000000000, 0.000000000000000000, -1.187600473310006247E-16 ) ) ;
#4721 = ORIENTED_EDGE ( 'NONE', *, *, #661, .T. ) ;
#4722 = CARTESIAN_POINT ( 'NONE',  ( 22.68473268608536131, -18.86370318947242808, 47.50000000000000000 ) ) ;
#4723 = EDGE_CURVE ( 'NONE', #4321, #561, #181, .T. ) ;
#4724 = VECTOR ( 'NONE', #3226, 999.9999999999998863 ) ;
#4725 = LINE ( 'NONE', #2495, #4038 ) ;
#4726 = ORIENTED_EDGE ( 'NONE', *, *, #3556, .T. ) ;
#4727 = DIRECTION ( 'NONE',  ( -0.4999999999999927836, -0.8660254037844428154, 0.000000000000000000 ) ) ;
#4728 = ORIENTED_EDGE ( 'NONE', *, *, #722, .F. ) ;
#4729 = AXIS2_PLACEMENT_3D ( 'NONE', #3638, #388, #2956 ) ;
#4730 = CARTESIAN_POINT ( 'NONE',  ( 33.49362253261220701, 17.08636936605894618, 8.628705264054806534 ) ) ;
#4731 = PLANE ( 'NONE',  #4148 ) ;
#4732 = CARTESIAN_POINT ( 'NONE',  ( -23.77580668090240223, -32.07740637894529812, 61.33090516225863098 ) ) ;
#4733 = ORIENTED_EDGE ( 'NONE', *, *, #1083, .T. ) ;
#4734 = LINE ( 'NONE', #4804, #747 ) ;
#4735 = PLANE ( 'NONE',  #2531 ) ;
#4736 = PLANE ( 'NONE',  #919 ) ;
#4737 = CARTESIAN_POINT ( 'NONE',  ( 31.68418793909152242, 11.25155947703562376, 5.411972437980596240 ) ) ;
#4738 = CARTESIAN_POINT ( 'NONE',  ( -30.10639437540179486, 14.91872018691607948, 6.775973729546782565 ) ) ;
#4739 = DIRECTION ( 'NONE',  ( -0.2499999999999950873, -0.4330127018922200755, -0.8660254037844397068 ) ) ;
#4740 = EDGE_CURVE ( 'NONE', #4423, #1959, #3594, .T. ) ;
#4741 = EDGE_CURVE ( 'NONE', #2099, #4014, #3347, .T. ) ;
#4742 = ORIENTED_EDGE ( 'NONE', *, *, #4032, .T. ) ;
#4743 = LINE ( 'NONE', #4053, #4435 ) ;
#4744 = VERTEX_POINT ( 'NONE', #3713 ) ;
#4745 = DIRECTION ( 'NONE',  ( 0.2499999999999955036, 0.4330127018922207971, 0.8660254037844391517 ) ) ;
#4746 = EDGE_CURVE ( 'NONE', #1239, #4579, #366, .T. ) ;
#4747 = DIRECTION ( 'NONE',  ( -0.2499999999999959199, -0.4330127018922215187, -0.8660254037844385966 ) ) ;
#4748 = ADVANCED_FACE ( 'NONE', ( #1503 ), #761, .F. ) ;
#4749 = VERTEX_POINT ( 'NONE', #1428 ) ;
#4750 = CARTESIAN_POINT ( 'NONE',  ( -32.19531301287889136, 19.42267746483975799, 9.633600764525780846 ) ) ;
#4751 = EDGE_LOOP ( 'NONE', ( #2548, #1192, #1639, #284 ) ) ;
#4752 = DIRECTION ( 'NONE',  ( 1.000000000000000000, 0.000000000000000000, 0.000000000000000000 ) ) ;
#4753 = CARTESIAN_POINT ( 'NONE',  ( -0.1485596129058789350, -37.59999999999999432, 9.747899999999997789 ) ) ;
#4754 = CYLINDRICAL_SURFACE ( 'NONE', #524, 33.60000000000000142 ) ;
#4755 = ORIENTED_EDGE ( 'NONE', *, *, #4335, .F. ) ;
#4756 = DIRECTION ( 'NONE',  ( 0.000000000000000000, -0.5547001962252292584, 0.8320502943378436100 ) ) ;
#4757 = AXIS2_PLACEMENT_3D ( 'NONE', #2939, #2579, #518 ) ;
#4758 = AXIS2_PLACEMENT_3D ( 'NONE', #52, #3375, #1555 ) ;
#4759 = LINE ( 'NONE', #4070, #4645 ) ;
#4760 = CARTESIAN_POINT ( 'NONE',  ( 28.35000000000000142, -3.000000000000000000, 56.52499999999999858 ) ) ;
#4761 = VERTEX_POINT ( 'NONE', #4099 ) ;
#4762 = VECTOR ( 'NONE', #2170, 999.9999999999998863 ) ;
#4763 = CARTESIAN_POINT ( 'NONE',  ( -10.00000000000000000, 32.07740637894529812, 75.05787354967810643 ) ) ;
#4764 = CARTESIAN_POINT ( 'NONE',  ( 3.595376650136474339, -37.42784143612220760, 29.27232387332227503 ) ) ;
#4765 = ORIENTED_EDGE ( 'NONE', *, *, #1048, .F. ) ;
#4766 = CARTESIAN_POINT ( 'NONE',  ( -10.00000000000000178, 32.07740637894529812, 0.000000000000000000 ) ) ;
#4767 = VERTEX_POINT ( 'NONE', #1820 ) ;
#4768 = DIRECTION ( 'NONE',  ( 0.000000000000000000, 1.000000000000000000, 0.000000000000000000 ) ) ;
#4769 = CARTESIAN_POINT ( 'NONE',  ( 31.31576727598010024, -20.96349999999969427, 43.17499999999999005 ) ) ;
#4770 = ORIENTED_EDGE ( 'NONE', *, *, #4599, .F. ) ;
#4771 = CARTESIAN_POINT ( 'NONE',  ( 30.05589113325856943, 15.02020656392482145, 6.502952638267968766 ) ) ;
#4772 = ORIENTED_EDGE ( 'NONE', *, *, #3881, .T. ) ;
#4773 = ADVANCED_FACE ( 'NONE', ( #4786 ), #2578, .F. ) ;
#4774 = EDGE_CURVE ( 'NONE', #2420, #1666, #2193, .T. ) ;
#4775 = VECTOR ( 'NONE', #3250, 1000.000000000000000 ) ;
#4776 = DIRECTION ( 'NONE',  ( -0.8660254037844432595, 0.4999999999999918954, 0.000000000000000000 ) ) ;
#4777 = CARTESIAN_POINT ( 'NONE',  ( 0.000000000000000000, 0.000000000000000000, 43.17499999999999005 ) ) ;
#4778 = FACE_OUTER_BOUND ( 'NONE', #3445, .T. ) ;
#4779 = EDGE_LOOP ( 'NONE', ( #1058, #438, #2129, #3923 ) ) ;
#4780 = LINE ( 'NONE', #3456, #3867 ) ;
#4781 = EDGE_CURVE ( 'NONE', #2491, #3339, #2556, .T. ) ;
#4782 = DIRECTION ( 'NONE',  ( -9.244100167296546298E-33, 6.123233995736763571E-17, -1.000000000000000000 ) ) ;
#4783 = DIRECTION ( 'NONE',  ( 0.5000000000000000000, 0.000000000000000000, 0.8660254037844385966 ) ) ;
#4784 = CARTESIAN_POINT ( 'NONE',  ( 37.44504624434641471, -3.410844064348759197, 55.77863966655144168 ) ) ;
#4785 = VECTOR ( 'NONE', #1041, 1000.000000000000000 ) ;
#4786 = FACE_OUTER_BOUND ( 'NONE', #3352, .T. ) ;
#4787 = CARTESIAN_POINT ( 'NONE',  ( -24.75097728705669553, -22.72331673272201158, 47.50000000000000711 ) ) ;
#4788 = ORIENTED_EDGE ( 'NONE', *, *, #817, .T. ) ;
#4789 = DIRECTION ( 'NONE',  ( 0.000000000000000000, 1.000000000000000000, 0.000000000000000000 ) ) ;
#4790 = ORIENTED_EDGE ( 'NONE', *, *, #2076, .T. ) ;
#4791 = CARTESIAN_POINT ( 'NONE',  ( -30.96581327572848963, 13.06830492368609775, 8.935276439903375945 ) ) ;
#4792 = CARTESIAN_POINT ( 'NONE',  ( 33.59607107483375898, -16.88386323353855190, 46.91766202433290545 ) ) ;
#4793 = CARTESIAN_POINT ( 'NONE',  ( -2.497039914245137382, -35.07740637894529812, 3.175000000000000266 ) ) ;
#4794 = ORIENTED_EDGE ( 'NONE', *, *, #1358, .F. ) ;
#4795 = CARTESIAN_POINT ( 'NONE',  ( -32.05364585226708840, 19.65559379611523028, 9.520875827797546265 ) ) ;
#4796 = EDGE_LOOP ( 'NONE', ( #2897, #464, #3123, #4448 ) ) ;
#4797 = VECTOR ( 'NONE', #3806, 1000.000000000000000 ) ;
#4798 = CARTESIAN_POINT ( 'NONE',  ( 32.91818860050229034, 18.17062021952481388, 9.633600764525782623 ) ) ;
#4799 = DIRECTION ( 'NONE',  ( -1.000000000000000000, 0.000000000000000000, 0.000000000000000000 ) ) ;
#4800 = DIRECTION ( 'NONE',  ( -0.000000000000000000, -0.000000000000000000, -1.000000000000000000 ) ) ;
#4801 = EDGE_CURVE ( 'NONE', #2131, #36, #828, .T. ) ;
#4802 = VERTEX_POINT ( 'NONE', #1453 ) ;
#4803 = ADVANCED_FACE ( 'NONE', ( #2960 ), #2938, .F. ) ;
#4804 = CARTESIAN_POINT ( 'NONE',  ( 36.21602768572695652, -12.47599999999967046, 47.50000000000000000 ) ) ;
#4805 = VECTOR ( 'NONE', #2437, 1000.000000000000114 ) ;
#4806 = FACE_OUTER_BOUND ( 'NONE', #2815, .T. ) ;
#4807 = CARTESIAN_POINT ( 'NONE',  ( 31.85574353291620397, 19.97464522387362607, 5.712334301293568117 ) ) ;
#4808 = EDGE_CURVE ( 'NONE', #2790, #3627, #3394, .T. ) ;
#4809 = CARTESIAN_POINT ( 'NONE',  ( 1.950397128208515296, -37.54946923459078789, 6.372789113378155790 ) ) ;
#4810 = DIRECTION ( 'NONE',  ( -0.8660254037844363761, -0.5000000000000039968, 0.000000000000000000 ) ) ;
#4811 = CARTESIAN_POINT ( 'NONE',  ( 33.22624122993242679, 4.998567697967414070, 55.67231868317047372 ) ) ;
#4812 = B_SPLINE_CURVE_WITH_KNOTS ( 'NONE', 3,
 ( #2955, #4429, #4095, #4166, #3415, #3078, #2384, #4555, #2282, #1986, #1151, #3855, #3779, #2669, #2692, #3801, #2717, #831, #1224, #1620, #459, #1596, #2647, #2331, #3753, #3440, #510, #1573, #1937, #3390 ),
 .UNSPECIFIED., .F., .F.,
 ( 4, 2, 2, 2, 2, 2, 2, 2, 2, 2, 2, 2, 2, 2, 4 ),
 ( 0.007029922751532316494, 0.007469192018332820870, 0.007908461285133325247, 0.008786999818734314918, 0.009226269085534800213, 0.009665538352335283773, 0.01010480761913577080, 0.01054407688593625610, 0.01098334615273674139, 0.01142261541953722495, 0.01186188468633771198, 0.01230115395313819554, 0.01274042321993868257, 0.01317969248673916613, 0.01405823102034015407 ),
 .UNSPECIFIED. ) ;
#4813 = ORIENTED_EDGE ( 'NONE', *, *, #3349, .T. ) ;
#4814 = DIRECTION ( 'NONE',  ( 0.000000000000000000, 1.000000000000000000, 0.000000000000000000 ) ) ;
#4815 = ORIENTED_EDGE ( 'NONE', *, *, #1543, .T. ) ;
#4816 = LINE ( 'NONE', #2858, #1337 ) ;
#4817 = CARTESIAN_POINT ( 'NONE',  ( -27.10021823635437599, 19.86298496052311791, 13.82499999999999929 ) ) ;
#4818 = ORIENTED_EDGE ( 'NONE', *, *, #3501, .T. ) ;
#4819 = CARTESIAN_POINT ( 'NONE',  ( -28.83351305295466105, -8.213703189472790100, 47.50000000000000000 ) ) ;
#4820 = ORIENTED_EDGE ( 'NONE', *, *, #2673, .T. ) ;
#4821 = APPLICATION_CONTEXT ( 'automotive_design' ) ;
#4822 = CIRCLE ( 'NONE', #4278, 2.247900000000000453 ) ;
#4823 = CARTESIAN_POINT ( 'NONE',  ( 5.736818358702855013E-16, 37.60000000000000142, 31.50000000000000711 ) ) ;
#4824 = EDGE_LOOP ( 'NONE', ( #606, #871, #4476, #2456 ) ) ;
#4825 = CARTESIAN_POINT ( 'NONE',  ( -1.775784217715127955, -37.55881425311773114, 31.09366452788322732 ) ) ;
#4826 = ORIENTED_EDGE ( 'NONE', *, *, #4298, .T. ) ;
#4827 = DIRECTION ( 'NONE',  ( 0.000000000000000000, 0.000000000000000000, 1.000000000000000000 ) ) ;
#4828 = DIRECTION ( 'NONE',  ( 1.000000000000000000, -0.000000000000000000, -0.000000000000000000 ) ) ;
#4829 = DIRECTION ( 'NONE',  ( 0.8660254037844363761, 0.5000000000000039968, 0.000000000000000000 ) ) ;
#4830 = CARTESIAN_POINT ( 'NONE',  ( 2.233124871596587013, -37.53363794626812933, 7.203910547712513157 ) ) ;
#4831 = CIRCLE ( 'NONE', #2742, 33.60000000000000142 ) ;
#4832 = CIRCLE ( 'NONE', #1966, 33.60000000000000142 ) ;
#4833 = EDGE_CURVE ( 'NONE', #4714, #2536, #3825, .T. ) ;
#4834 = EDGE_CURVE ( 'NONE', #4313, #2418, #491, .T. ) ;
#4835 = CARTESIAN_POINT ( 'NONE',  ( 1.130164872917080343, 37.58398529465089410, 9.465070720326327347 ) ) ;
ENDSEC;
END-ISO-10303-21;
