ISO-10303-21;
HEADER;
FILE_DESCRIPTION (( 'STEP AP214' ),
    '1' );
FILE_NAME ('Inner Gimbal.STEP',
    '2026-05-24T01:29:15',
    ( '' ),
    ( '' ),
    'SwSTEP 2.0',
    'SolidWorks 2025',
    '' );
FILE_SCHEMA (( 'AUTOMOTIVE_DESIGN' ));
ENDSEC;

DATA;
#1 = ORIENTED_EDGE ( 'NONE', *, *, #1364, .T. ) ;
#2 = PRODUCT ( 'Inner Gimbal', 'Inner Gimbal', '', ( #278 ) ) ;
#3 = CARTESIAN_POINT ( 'NONE',  ( -6.000000000000000000, 19.99438717061496007, 0.000000000000000000 ) ) ;
#4 = CIRCLE ( 'NONE', #112, 29.50000000000000000 ) ;
#5 = ORIENTED_EDGE ( 'NONE', *, *, #1103, .T. ) ;
#6 = VECTOR ( 'NONE', #1844, 1000.000000000000000 ) ;
#7 = DIRECTION ( 'NONE',  ( 0.000000000000000000, 0.000000000000000000, 1.000000000000000000 ) ) ;
#8 = ORIENTED_EDGE ( 'NONE', *, *, #1885, .F. ) ;
#9 = VECTOR ( 'NONE', #1149, 1000.000000000000000 ) ;
#10 = FACE_OUTER_BOUND ( 'NONE', #751, .T. ) ;
#11 = CARTESIAN_POINT ( 'NONE',  ( 5.698460433971614947, 28.94438717061495936, 16.00000000000000000 ) ) ;
#12 = ADVANCED_FACE ( 'NONE', ( #2176 ), #443, .F. ) ;
#13 = ORIENTED_EDGE ( 'NONE', *, *, #2054, .T. ) ;
#14 = CARTESIAN_POINT ( 'NONE',  ( 0.000000000000000000, -28.94438717061496291, 16.00000000000000000 ) ) ;
#15 = CYLINDRICAL_SURFACE ( 'NONE', #543, 0.8750000000000007772 ) ;
#16 = ORIENTED_EDGE ( 'NONE', *, *, #354, .T. ) ;
#17 = DIRECTION ( 'NONE',  ( 0.000000000000000000, 1.000000000000000000, -0.000000000000000000 ) ) ;
#18 = ORIENTED_EDGE ( 'NONE', *, *, #1777, .F. ) ;
#19 = DIRECTION ( 'NONE',  ( -0.000000000000000000, 0.000000000000000000, 1.000000000000000000 ) ) ;
#20 = ORIENTED_EDGE ( 'NONE', *, *, #937, .F. ) ;
#21 = EDGE_CURVE ( 'NONE', #799, #2086, #407, .T. ) ;
#22 = FACE_OUTER_BOUND ( 'NONE', #69, .T. ) ;
#23 = EDGE_CURVE ( 'NONE', #1059, #419, #1309, .T. ) ;
#24 = DIRECTION ( 'NONE',  ( -0.000000000000000000, 0.000000000000000000, 1.000000000000000000 ) ) ;
#25 = ORIENTED_EDGE ( 'NONE', *, *, #1398, .T. ) ;
#26 = DIRECTION ( 'NONE',  ( 0.000000000000000000, 0.000000000000000000, 1.000000000000000000 ) ) ;
#27 = FACE_OUTER_BOUND ( 'NONE', #1803, .T. ) ;
#28 = ORIENTED_EDGE ( 'NONE', *, *, #936, .T. ) ;
#29 = EDGE_CURVE ( 'NONE', #1151, #939, #293, .T. ) ;
#30 = VERTEX_POINT ( 'NONE', #2023 ) ;
#31 = VERTEX_POINT ( 'NONE', #451 ) ;
#32 = AXIS2_PLACEMENT_3D ( 'NONE', #621, #422, #1484 ) ;
#33 = VECTOR ( 'NONE', #488, 1000.000000000000000 ) ;
#34 = CARTESIAN_POINT ( 'NONE',  ( 5.499999999999993783, 1.192622389734052511E-15, 16.00000000000000000 ) ) ;
#35 = DIRECTION ( 'NONE',  ( 0.000000000000000000, 0.000000000000000000, -1.000000000000000000 ) ) ;
#36 = EDGE_CURVE ( 'NONE', #873, #1678, #2206, .T. ) ;
#37 = VECTOR ( 'NONE', #195, 1000.000000000000000 ) ;
#38 = ORIENTED_EDGE ( 'NONE', *, *, #118, .T. ) ;
#39 = CARTESIAN_POINT ( 'NONE',  ( 0.000000000000000000, 28.94438717061495936, 16.00000000000000000 ) ) ;
#40 = AXIS2_PLACEMENT_3D ( 'NONE', #1655, #781, #2154 ) ;
#41 = CARTESIAN_POINT ( 'NONE',  ( 27.50000000000000000, 0.000000000000000000, 16.00000000000000000 ) ) ;
#42 = VERTEX_POINT ( 'NONE', #64 ) ;
#43 = DIRECTION ( 'NONE',  ( 0.000000000000000000, 0.000000000000000000, -1.000000000000000000 ) ) ;
#44 = ORIENTED_EDGE ( 'NONE', *, *, #1905, .T. ) ;
#45 = VERTEX_POINT ( 'NONE', #1802 ) ;
#46 = DIRECTION ( 'NONE',  ( -2.168404344971007142E-16, 1.000000000000000000, 0.000000000000000000 ) ) ;
#47 = CARTESIAN_POINT ( 'NONE',  ( -6.000000000000000000, 22.49438717061495296, 46.50000000000000000 ) ) ;
#48 = VECTOR ( 'NONE', #1123, 1000.000000000000000 ) ;
#49 = EDGE_LOOP ( 'NONE', ( #730, #1284 ) ) ;
#50 = CARTESIAN_POINT ( 'NONE',  ( -5.698460433971614947, 28.94438717061495936, 16.00000000000000000 ) ) ;
#51 = DIRECTION ( 'NONE',  ( 0.000000000000000000, -0.9999709300567737325, 0.007624896156083136797 ) ) ;
#52 = CARTESIAN_POINT ( 'NONE',  ( 5.873840692006930375, -28.90935199436926695, 9.264408870223697079 ) ) ;
#53 = ADVANCED_FACE ( 'NONE', ( #777 ), #2184, .F. ) ;
#54 = ORIENTED_EDGE ( 'NONE', *, *, #281, .T. ) ;
#55 = ORIENTED_EDGE ( 'NONE', *, *, #2075, .T. ) ;
#56 = DIRECTION ( 'NONE',  ( -0.000000000000000000, -0.000000000000000000, -1.000000000000000000 ) ) ;
#57 = CARTESIAN_POINT ( 'NONE',  ( 0.000000000000000000, 28.94438717061496291, 8.000000000000000000 ) ) ;
#58 = ORIENTED_EDGE ( 'NONE', *, *, #1840, .F. ) ;
#59 = CARTESIAN_POINT ( 'NONE',  ( 0.000000000000000000, -21.94438717061495936, 38.33326214383944119 ) ) ;
#60 = CARTESIAN_POINT ( 'NONE',  ( -5.500000000000009770, 26.94438717061495581, 0.000000000000000000 ) ) ;
#61 = ORIENTED_EDGE ( 'NONE', *, *, #187, .T. ) ;
#62 = CARTESIAN_POINT ( 'NONE',  ( -6.000000000000000888, 25.31159902269475737, 15.93743013020280230 ) ) ;
#63 = EDGE_CURVE ( 'NONE', #558, #1602, #1458, .T. ) ;
#64 = CARTESIAN_POINT ( 'NONE',  ( 4.000000000000000000, 28.94438717061495936, 16.00000000000000000 ) ) ;
#65 = ORIENTED_EDGE ( 'NONE', *, *, #2024, .T. ) ;
#66 = DIRECTION ( 'NONE',  ( 0.000000000000000000, -1.000000000000000000, 0.000000000000000000 ) ) ;
#67 = DIRECTION ( 'NONE',  ( 1.000000000000000000, -0.000000000000000000, -0.000000000000000000 ) ) ;
#68 = VECTOR ( 'NONE', #1922, 1000.000000000000000 ) ;
#69 = EDGE_LOOP ( 'NONE', ( #1071, #1578 ) ) ;
#70 = CARTESIAN_POINT ( 'NONE',  ( 0.000000000000000000, 0.000000000000000000, 16.00000000000000000 ) ) ;
#71 = DIRECTION ( 'NONE',  ( 0.000000000000000000, 1.000000000000000000, 0.000000000000000000 ) ) ;
#72 = CIRCLE ( 'NONE', #315, 4.500000000000000888 ) ;
#73 = VERTEX_POINT ( 'NONE', #1992 ) ;
#74 = VECTOR ( 'NONE', #1870, 1000.000000000000000 ) ;
#75 = FACE_OUTER_BOUND ( 'NONE', #1815, .T. ) ;
#76 = EDGE_LOOP ( 'NONE', ( #1858, #1240, #208, #1231, #1977, #725, #196, #2227, #898 ) ) ;
#77 = ORIENTED_EDGE ( 'NONE', *, *, #916, .T. ) ;
#78 = CIRCLE ( 'NONE', #1115, 5.424999999999998934 ) ;
#79 = CARTESIAN_POINT ( 'NONE',  ( 4.000000000000000000, 22.49438717061495296, 47.37500000000000000 ) ) ;
#80 = CARTESIAN_POINT ( 'NONE',  ( 0.000000000000000000, 0.000000000000000000, 0.000000000000000000 ) ) ;
#81 = VECTOR ( 'NONE', #1010, 1000.000000000000000 ) ;
#82 = VERTEX_POINT ( 'NONE', #1124 ) ;
#83 = LINE ( 'NONE', #748, #1682 ) ;
#84 = AXIS2_PLACEMENT_3D ( 'NONE', #1787, #875, #341 ) ;
#85 = LINE ( 'NONE', #1108, #2118 ) ;
#86 = VECTOR ( 'NONE', #712, 1000.000000000000000 ) ;
#87 = ORIENTED_EDGE ( 'NONE', *, *, #264, .T. ) ;
#88 = CARTESIAN_POINT ( 'NONE',  ( -5.999999999999999112, 25.44029455513276616, 15.89981269215307691 ) ) ;
#89 = VERTEX_POINT ( 'NONE', #2001 ) ;
#90 = EDGE_CURVE ( 'NONE', #1606, #1552, #948, .T. ) ;
#91 = CARTESIAN_POINT ( 'NONE',  ( -6.000000000000000000, 28.82070957967865610, -0.2197613061383729693 ) ) ;
#92 = ADVANCED_FACE ( 'NONE', ( #961 ), #992, .F. ) ;
#93 = ORIENTED_EDGE ( 'NONE', *, *, #1029, .T. ) ;
#94 = CARTESIAN_POINT ( 'NONE',  ( -27.50000000000000000, -10.67707825203130767, 0.000000000000000000 ) ) ;
#95 = CARTESIAN_POINT ( 'NONE',  ( -5.321575437238083239, 25.20618647528661427, 16.00000000000000000 ) ) ;
#96 = CARTESIAN_POINT ( 'NONE',  ( -27.50000000000000000, 10.67707825203130767, 0.000000000000000000 ) ) ;
#97 = ORIENTED_EDGE ( 'NONE', *, *, #1959, .F. ) ;
#98 = EDGE_CURVE ( 'NONE', #2068, #474, #471, .T. ) ;
#99 = CARTESIAN_POINT ( 'NONE',  ( 5.698460433971614947, 28.94438717061495936, 0.000000000000000000 ) ) ;
#100 = LINE ( 'NONE', #1016, #1940 ) ;
#101 = EDGE_CURVE ( 'NONE', #403, #342, #4, .T. ) ;
#102 = CARTESIAN_POINT ( 'NONE',  ( -27.50000000000000000, 0.000000000000000000, 16.00000000000000000 ) ) ;
#103 = ORIENTED_EDGE ( 'NONE', *, *, #936, .F. ) ;
#104 = DIRECTION ( 'NONE',  ( 0.000000000000000000, -1.000000000000000000, 0.000000000000000000 ) ) ;
#105 = AXIS2_PLACEMENT_3D ( 'NONE', #650, #685, #2231 ) ;
#106 = CIRCLE ( 'NONE', #1276, 5.424999999999998934 ) ;
#107 = ORIENTED_EDGE ( 'NONE', *, *, #1243, .F. ) ;
#108 = CARTESIAN_POINT ( 'NONE',  ( 0.000000000000000000, -21.94438717061495936, 35.95826214383944119 ) ) ;
#109 = DIRECTION ( 'NONE',  ( 0.000000000000000000, 0.000000000000000000, -1.000000000000000000 ) ) ;
#110 = CARTESIAN_POINT ( 'NONE',  ( -6.000000000000000000, 0.000000000000000000, 0.000000000000000000 ) ) ;
#111 = DIRECTION ( 'NONE',  ( 1.224646799147352468E-16, 0.000000000000000000, -1.000000000000000000 ) ) ;
#112 = AXIS2_PLACEMENT_3D ( 'NONE', #1367, #841, #2074 ) ;
#113 = ORIENTED_EDGE ( 'NONE', *, *, #1811, .F. ) ;
#114 = AXIS2_PLACEMENT_3D ( 'NONE', #555, #1800, #1651 ) ;
#115 = DIRECTION ( 'NONE',  ( 0.000000000000000000, 0.000000000000000000, 1.000000000000000000 ) ) ;
#116 = ADVANCED_FACE ( 'NONE', ( #1690 ), #2254, .F. ) ;
#117 = AXIS2_PLACEMENT_3D ( 'NONE', #14, #2265, #918 ) ;
#118 = EDGE_CURVE ( 'NONE', #1645, #580, #1865, .T. ) ;
#119 = CARTESIAN_POINT ( 'NONE',  ( 5.698460433971614947, -28.94438717061496291, 0.000000000000000000 ) ) ;
#120 = EDGE_CURVE ( 'NONE', #383, #2130, #504, .T. ) ;
#121 = EDGE_CURVE ( 'NONE', #1999, #681, #1532, .T. ) ;
#122 = CARTESIAN_POINT ( 'NONE',  ( 4.000000000000000000, 22.49438717061495652, 19.37500000000000000 ) ) ;
#123 = ORIENTED_EDGE ( 'NONE', *, *, #1564, .F. ) ;
#124 = CARTESIAN_POINT ( 'NONE',  ( 5.999788319527182168, 28.88343020085155999, 7.356543428096200543 ) ) ;
#125 = DIRECTION ( 'NONE',  ( 1.000000000000000000, -0.000000000000000000, 0.000000000000000000 ) ) ;
#126 = VERTEX_POINT ( 'NONE', #1681 ) ;
#127 = PLANE ( 'NONE',  #2134 ) ;
#128 = DIRECTION ( 'NONE',  ( -0.000000000000000000, 0.000000000000000000, 1.000000000000000000 ) ) ;
#129 = EDGE_CURVE ( 'NONE', #1222, #827, #1338, .T. ) ;
#130 = ORIENTED_EDGE ( 'NONE', *, *, #405, .T. ) ;
#131 = DIRECTION ( 'NONE',  ( 0.000000000000000000, 0.000000000000000000, 1.000000000000000000 ) ) ;
#132 = DIRECTION ( 'NONE',  ( 0.000000000000000000, -1.000000000000000000, 0.000000000000000000 ) ) ;
#133 = DIRECTION ( 'NONE',  ( -0.000000000000000000, -0.000000000000000000, -1.000000000000000000 ) ) ;
#134 = PLANE ( 'NONE',  #105 ) ;
#135 = ORIENTED_EDGE ( 'NONE', *, *, #640, .F. ) ;
#136 = CARTESIAN_POINT ( 'NONE',  ( 0.000000000000000000, -21.94438717061495936, 38.33326214383944119 ) ) ;
#137 = AXIS2_PLACEMENT_3D ( 'NONE', #844, #310, #1180 ) ;
#138 = DIRECTION ( 'NONE',  ( -0.000000000000000000, 0.000000000000000000, 1.000000000000000000 ) ) ;
#139 = ORIENTED_EDGE ( 'NONE', *, *, #833, .T. ) ;
#140 = LINE ( 'NONE', #819, #1933 ) ;
#141 = CARTESIAN_POINT ( 'NONE',  ( 0.000000000000000000, 0.000000000000000000, 16.00000000000000000 ) ) ;
#142 = LINE ( 'NONE', #2063, #1018 ) ;
#143 = EDGE_CURVE ( 'NONE', #31, #1984, #778, .T. ) ;
#144 = EDGE_LOOP ( 'NONE', ( #1201, #1195 ) ) ;
#145 = CARTESIAN_POINT ( 'NONE',  ( 4.133182947122319632E-16, -26.94438717061495936, 34.95826214383943409 ) ) ;
#146 = AXIS2_PLACEMENT_3D ( 'NONE', #141, #1515, #2048 ) ;
#147 = CIRCLE ( 'NONE', #2020, 29.50000000000000000 ) ;
#148 = DIRECTION ( 'NONE',  ( 0.000000000000000000, 0.000000000000000000, -1.000000000000000000 ) ) ;
#149 = CIRCLE ( 'NONE', #633, 6.000000000000000000 ) ;
#150 = EDGE_LOOP ( 'NONE', ( #1566, #1054, #902, #135 ) ) ;
#151 = CARTESIAN_POINT ( 'NONE',  ( 4.336808689942017736E-16, -26.94438717061495936, 39.50000000000001421 ) ) ;
#152 = EDGE_LOOP ( 'NONE', ( #283, #467, #966, #653 ) ) ;
#153 = PLANE ( 'NONE',  #440 ) ;
#154 = DIRECTION ( 'NONE',  ( 1.000000000000000000, -0.000000000000000000, 1.224646799147353207E-16 ) ) ;
#155 = EDGE_CURVE ( 'NONE', #1267, #2171, #1067, .T. ) ;
#156 = ORIENTED_EDGE ( 'NONE', *, *, #2209, .F. ) ;
#157 = CARTESIAN_POINT ( 'NONE',  ( -27.50000000000000000, 0.000000000000000000, 8.000000000000000000 ) ) ;
#158 = ORIENTED_EDGE ( 'NONE', *, *, #2126, .F. ) ;
#159 = DIRECTION ( 'NONE',  ( 1.000000000000000000, 0.000000000000000000, 0.000000000000000000 ) ) ;
#160 = VERTEX_POINT ( 'NONE', #1161 ) ;
#161 = ADVANCED_FACE ( 'NONE', ( #1900 ), #851, .F. ) ;
#162 = DIRECTION ( 'NONE',  ( -1.000000000000000000, 0.000000000000000000, 0.000000000000000000 ) ) ;
#163 = ORIENTED_EDGE ( 'NONE', *, *, #985, .F. ) ;
#164 = DIRECTION ( 'NONE',  ( 0.000000000000000000, -1.000000000000000000, 0.000000000000000000 ) ) ;
#165 = CARTESIAN_POINT ( 'NONE',  ( 0.000000000000000000, -30.74438717061495296, 8.000000000000000000 ) ) ;
#166 = EDGE_LOOP ( 'NONE', ( #2139, #805, #65, #449, #716, #2164, #210, #322, #571, #779, #139, #605, #1772 ) ) ;
#167 = DIRECTION ( 'NONE',  ( 0.000000000000000000, 0.000000000000000000, 1.000000000000000000 ) ) ;
#168 = CARTESIAN_POINT ( 'NONE',  ( -5.698460433971614947, -28.94438717061496291, 9.878176957174177986 ) ) ;
#169 = ORIENTED_EDGE ( 'NONE', *, *, #433, .F. ) ;
#170 = CIRCLE ( 'NONE', #1699, 6.000000000000000000 ) ;
#171 = AXIS2_PLACEMENT_3D ( 'NONE', #553, #199, #883 ) ;
#172 = ORIENTED_EDGE ( 'NONE', *, *, #453, .F. ) ;
#173 = CARTESIAN_POINT ( 'NONE',  ( 0.000000000000000000, -26.94438717061495936, 16.00000000000000000 ) ) ;
#174 = ORIENTED_EDGE ( 'NONE', *, *, #1512, .T. ) ;
#175 = CIRCLE ( 'NONE', #1704, 0.8750000000000007772 ) ;
#176 = VECTOR ( 'NONE', #995, 1000.000000000000000 ) ;
#177 = CARTESIAN_POINT ( 'NONE',  ( 0.000000000000000000, 28.94438717061495936, 16.00000000000000000 ) ) ;
#178 = CARTESIAN_POINT ( 'NONE',  ( 4.000000000000000000, 22.49438717061495652, 18.50000000000000355 ) ) ;
#179 = VERTEX_POINT ( 'NONE', #119 ) ;
#180 = DIRECTION ( 'NONE',  ( 0.000000000000000000, 1.000000000000000000, 0.000000000000000000 ) ) ;
#181 = EDGE_CURVE ( 'NONE', #1280, #392, #1534, .T. ) ;
#182 = PLANE ( 'NONE',  #282 ) ;
#183 = VECTOR ( 'NONE', #564, 1000.000000000000000 ) ;
#184 = ORIENTED_EDGE ( 'NONE', *, *, #807, .F. ) ;
#185 = SURFACE_STYLE_FILL_AREA ( #1434 ) ;
#186 = EDGE_CURVE ( 'NONE', #926, #1586, #1033, .T. ) ;
#187 = EDGE_CURVE ( 'NONE', #179, #615, #147, .T. ) ;
#188 = EDGE_LOOP ( 'NONE', ( #1542, #929, #1274, #2241 ) ) ;
#189 = VECTOR ( 'NONE', #481, 1000.000000000000000 ) ;
#190 = CARTESIAN_POINT ( 'NONE',  ( 0.000000000000000000, 0.000000000000000000, 16.00000000000000000 ) ) ;
#191 = ORIENTED_EDGE ( 'NONE', *, *, #985, .T. ) ;
#192 = ADVANCED_FACE ( 'NONE', ( #647 ), #861, .T. ) ;
#193 = VECTOR ( 'NONE', #1622, 1000.000000000000000 ) ;
#194 = DIRECTION ( 'NONE',  ( 1.000000000000000000, 0.000000000000000000, 0.000000000000000000 ) ) ;
#195 = DIRECTION ( 'NONE',  ( 0.000000000000000000, -1.508455196501571676E-16, 1.000000000000000000 ) ) ;
#196 = ORIENTED_EDGE ( 'NONE', *, *, #385, .F. ) ;
#197 = FACE_OUTER_BOUND ( 'NONE', #479, .T. ) ;
#198 = EDGE_CURVE ( 'NONE', #1775, #1012, #1491, .T. ) ;
#199 = DIRECTION ( 'NONE',  ( -2.168404344971007142E-16, 1.000000000000000000, -0.000000000000000000 ) ) ;
#200 = CARTESIAN_POINT ( 'NONE',  ( -6.000000000000000000, 0.000000000000000000, 21.00000000000000000 ) ) ;
#201 = ORIENTED_EDGE ( 'NONE', *, *, #688, .F. ) ;
#202 = VERTEX_POINT ( 'NONE', #2215 ) ;
#203 = DIRECTION ( 'NONE',  ( 2.168404344971007142E-16, -1.000000000000000000, 0.000000000000000000 ) ) ;
#204 = CARTESIAN_POINT ( 'NONE',  ( 0.000000000000000000, 0.000000000000000000, 16.00000000000000000 ) ) ;
#205 = ORIENTED_EDGE ( 'NONE', *, *, #155, .F. ) ;
#206 = FACE_BOUND ( 'NONE', #1737, .T. ) ;
#207 = CARTESIAN_POINT ( 'NONE',  ( -23.50000000000000000, 0.000000000000000000, 16.00000000000000000 ) ) ;
#208 = ORIENTED_EDGE ( 'NONE', *, *, #663, .T. ) ;
#209 = SURFACE_SIDE_STYLE ('',( #185 ) ) ;
#210 = ORIENTED_EDGE ( 'NONE', *, *, #1937, .F. ) ;
#211 = ORIENTED_EDGE ( 'NONE', *, *, #2204, .T. ) ;
#212 = CIRCLE ( 'NONE', #801, 3.500000000000003109 ) ;
#213 = CIRCLE ( 'NONE', #1822, 6.000000000000000000 ) ;
#214 = AXIS2_PLACEMENT_3D ( 'NONE', #303, #1527, #1183 ) ;
#215 = DIRECTION ( 'NONE',  ( -0.000000000000000000, 1.000000000000000000, -0.000000000000000000 ) ) ;
#216 = CARTESIAN_POINT ( 'NONE',  ( -6.000000000000000000, 22.49438717061495296, 45.62500000000000000 ) ) ;
#217 = AXIS2_PLACEMENT_3D ( 'NONE', #2070, #1325, #2027 ) ;
#218 = ADVANCED_FACE ( 'NONE', ( #307 ), #1177, .F. ) ;
#219 = ORIENTED_EDGE ( 'NONE', *, *, #442, .F. ) ;
#220 = CARTESIAN_POINT ( 'NONE',  ( 0.000000000000000000, 26.94438717061495581, 16.00000000000000000 ) ) ;
#221 = AXIS2_PLACEMENT_3D ( 'NONE', #641, #1331, #980 ) ;
#222 = FACE_OUTER_BOUND ( 'NONE', #1833, .T. ) ;
#223 =( NAMED_UNIT ( * ) SI_UNIT ( $, .STERADIAN. ) SOLID_ANGLE_UNIT ( ) );
#224 = ORIENTED_EDGE ( 'NONE', *, *, #831, .F. ) ;
#225 = CLOSED_SHELL ( 'NONE', ( #2094, #1234, #237, #1298, #1453, #1058, #1415, #1101, #2100, #489, #1135, #1329, #257, #1919, #947, #1081, #839, #677, #1838, #2245, #2030, #629, #1710, #1876, #1152, #568, #979, #1446, #1565, #53, #2219, #192, #2131, #116, #2138, #1068, #1529, #2081, #1045, #12, #935, #161, #1011, #599, #1680, #2050, #1477, #845, #967, #1618, #1173, #999, #1813, #218, #297, #254, #1435, #770, #1482, #345, #92, #1380, #484, #673, #1172, #1749 ) ) ;
#226 = ORIENTED_EDGE ( 'NONE', *, *, #807, .T. ) ;
#227 =( GEOMETRIC_REPRESENTATION_CONTEXT ( 3 ) GLOBAL_UNCERTAINTY_ASSIGNED_CONTEXT ( ( #1085 ) ) GLOBAL_UNIT_ASSIGNED_CONTEXT ( ( #2112, #1590, #223 ) ) REPRESENTATION_CONTEXT ( 'NONE', 'WORKASPACE' ) );
#228 = DIRECTION ( 'NONE',  ( 0.000000000000000000, 0.000000000000000000, -1.000000000000000000 ) ) ;
#229 = FACE_OUTER_BOUND ( 'NONE', #2191, .T. ) ;
#230 = EDGE_LOOP ( 'NONE', ( #1521, #958, #683, #1462 ) ) ;
#231 = DIRECTION ( 'NONE',  ( 1.000000000000000000, 0.000000000000000000, 0.000000000000000000 ) ) ;
#232 = LINE ( 'NONE', #969, #731 ) ;
#233 = PLANE ( 'NONE',  #1504 ) ;
#234 = CARTESIAN_POINT ( 'NONE',  ( -6.000000000000000000, 30.74438717061495296, 8.000000000000000000 ) ) ;
#235 = CARTESIAN_POINT ( 'NONE',  ( 0.000000000000000000, 0.000000000000000000, 16.00000000000000000 ) ) ;
#236 = ORIENTED_EDGE ( 'NONE', *, *, #492, .F. ) ;
#237 = ADVANCED_FACE ( 'NONE', ( #826 ), #885, .F. ) ;
#238 = DIRECTION ( 'NONE',  ( 0.000000000000000000, 0.000000000000000000, 1.000000000000000000 ) ) ;
#239 = DIRECTION ( 'NONE',  ( 8.673617379884027583E-16, 0.000000000000000000, 1.000000000000000000 ) ) ;
#240 = ORIENTED_EDGE ( 'NONE', *, *, #608, .T. ) ;
#241 = DIRECTION ( 'NONE',  ( 0.000000000000000000, 1.000000000000000000, 0.000000000000000000 ) ) ;
#242 = CARTESIAN_POINT ( 'NONE',  ( -6.000000000000000000, 22.49438717061495296, 46.50000000000000000 ) ) ;
#243 = ORIENTED_EDGE ( 'NONE', *, *, #1007, .F. ) ;
#244 = CARTESIAN_POINT ( 'NONE',  ( -6.000000000000000000, 28.88338622807235723, 8.000000000000000000 ) ) ;
#245 = DIRECTION ( 'NONE',  ( 0.000000000000000000, 0.000000000000000000, -1.000000000000000000 ) ) ;
#246 = ORIENTED_EDGE ( 'NONE', *, *, #1570, .F. ) ;
#247 = DIRECTION ( 'NONE',  ( 0.000000000000000000, -1.000000000000000000, 0.000000000000000000 ) ) ;
#248 = CARTESIAN_POINT ( 'NONE',  ( -5.698460433971614947, -28.94438717061496291, 16.00000000000000000 ) ) ;
#249 = VECTOR ( 'NONE', #2186, 1000.000000000000000 ) ;
#250 = AXIS2_PLACEMENT_3D ( 'NONE', #190, #2114, #162 ) ;
#251 = VERTEX_POINT ( 'NONE', #391 ) ;
#252 = CARTESIAN_POINT ( 'NONE',  ( 0.000000000000000000, -30.74438717061495296, 14.00000000000000000 ) ) ;
#253 = CARTESIAN_POINT ( 'NONE',  ( -5.479427951515780215, 26.74110233637349765, 14.88827723297885264 ) ) ;
#254 = ADVANCED_FACE ( 'NONE', ( #1962 ), #1763, .F. ) ;
#255 = CARTESIAN_POINT ( 'NONE',  ( 0.000000000000000000, -21.94438717061495936, 38.33326214383944119 ) ) ;
#256 = DIRECTION ( 'NONE',  ( -2.168404344971007142E-16, -1.000000000000000000, 0.000000000000000000 ) ) ;
#257 = ADVANCED_FACE ( 'NONE', ( #906 ), #1407, .T. ) ;
#258 = FACE_OUTER_BOUND ( 'NONE', #911, .T. ) ;
#259 = CARTESIAN_POINT ( 'NONE',  ( 5.000000000000000000, 30.74438717061495296, 12.89897948556635576 ) ) ;
#260 = ORIENTED_EDGE ( 'NONE', *, *, #2198, .F. ) ;
#261 = LINE ( 'NONE', #2146, #9 ) ;
#262 = COLOUR_RGB ( '',0.7921568627450980005, 0.8196078431372548767, 0.9333333333333333481 ) ;
#263 = LINE ( 'NONE', #1667, #1702 ) ;
#264 = EDGE_CURVE ( 'NONE', #667, #1316, #923, .T. ) ;
#265 = CARTESIAN_POINT ( 'NONE',  ( 4.000000000000000000, 24.94438717061495936, 16.00000000000000000 ) ) ;
#266 = VERTEX_POINT ( 'NONE', #381 ) ;
#267 = EDGE_CURVE ( 'NONE', #1809, #1781, #517, .T. ) ;
#268 = DIRECTION ( 'NONE',  ( 0.000000000000000000, 0.000000000000000000, -1.000000000000000000 ) ) ;
#269 = LINE ( 'NONE', #445, #1525 ) ;
#270 = CARTESIAN_POINT ( 'NONE',  ( 0.000000000000000000, -28.94438717061496291, 16.00000000000000000 ) ) ;
#271 = CARTESIAN_POINT ( 'NONE',  ( -5.489625931727948327, 26.84176793346866319, 14.64588549313942600 ) ) ;
#272 = EDGE_LOOP ( 'NONE', ( #485, #240 ) ) ;
#273 = CARTESIAN_POINT ( 'NONE',  ( 0.000000000000000000, -28.94438717061496291, 8.000000000000000000 ) ) ;
#274 = EDGE_LOOP ( 'NONE', ( #2151, #1851, #1904, #637, #1920, #1188 ) ) ;
#275 = B_SPLINE_CURVE_WITH_KNOTS ( 'NONE', 3,
 ( #1834, #2192, #2163, #244 ),
 .UNSPECIFIED., .F., .F.,
 ( 4, 4 ),
 ( 0.000000000000000000, 1.000000000000000000 ),
 .UNSPECIFIED. ) ;
#276 = EDGE_CURVE ( 'NONE', #1809, #837, #1867, .T. ) ;
#277 = DIRECTION ( 'NONE',  ( 1.000000000000000000, 0.000000000000000000, 0.000000000000000000 ) ) ;
#278 = PRODUCT_CONTEXT ( 'NONE', #617, 'mechanical' ) ;
#279 = DIRECTION ( 'NONE',  ( -0.000000000000000000, 1.000000000000000000, -0.000000000000000000 ) ) ;
#280 = LINE ( 'NONE', #996, #1097 ) ;
#281 = EDGE_CURVE ( 'NONE', #1451, #878, #849, .T. ) ;
#282 = AXIS2_PLACEMENT_3D ( 'NONE', #2147, #51, #1224 ) ;
#283 = ORIENTED_EDGE ( 'NONE', *, *, #1685, .T. ) ;
#284 = DIRECTION ( 'NONE',  ( -0.000000000000000000, 1.000000000000000000, -0.000000000000000000 ) ) ;
#285 = AXIS2_PLACEMENT_3D ( 'NONE', #1028, #125, #2221 ) ;
#286 = APPLICATION_CONTEXT ( 'automotive_design' ) ;
#287 = DIRECTION ( 'NONE',  ( 0.000000000000000000, 0.000000000000000000, 1.000000000000000000 ) ) ;
#288 = DIRECTION ( 'NONE',  ( 0.000000000000000000, 0.000000000000000000, -1.000000000000000000 ) ) ;
#289 = ORIENTED_EDGE ( 'NONE', *, *, #143, .T. ) ;
#290 = SHAPE_DEFINITION_REPRESENTATION ( #1918, #1292 ) ;
#291 = LINE ( 'NONE', #2239, #1745 ) ;
#292 = DIRECTION ( 'NONE',  ( -0.000000000000000000, 1.000000000000000000, -0.000000000000000000 ) ) ;
#293 = CIRCLE ( 'NONE', #514, 5.424999999999998934 ) ;
#294 = EDGE_LOOP ( 'NONE', ( #2141, #988, #1036, #243, #1554, #1830 ) ) ;
#295 = PRESENTATION_LAYER_ASSIGNMENT (  '', '', ( #1612 ) ) ;
#296 = FACE_OUTER_BOUND ( 'NONE', #892, .T. ) ;
#297 = ADVANCED_FACE ( 'NONE', ( #1936 ), #1216, .F. ) ;
#298 = CIRCLE ( 'NONE', #374, 2.000000000000001776 ) ;
#299 = DIRECTION ( 'NONE',  ( -0.000000000000000000, 1.000000000000000000, -0.000000000000000000 ) ) ;
#300 = LINE ( 'NONE', #108, #2195 ) ;
#301 = DIRECTION ( 'NONE',  ( 1.000000000000000000, 0.000000000000000000, 0.000000000000000000 ) ) ;
#302 = DIRECTION ( 'NONE',  ( 1.000000000000000000, -0.000000000000000000, 0.000000000000000000 ) ) ;
#303 = CARTESIAN_POINT ( 'NONE',  ( 0.000000000000000000, 0.000000000000000000, 0.000000000000000000 ) ) ;
#304 = MANIFOLD_SOLID_BREP ( 'Fillet4', #225 ) ;
#305 = ORIENTED_EDGE ( 'NONE', *, *, #1303, .F. ) ;
#306 = FACE_OUTER_BOUND ( 'NONE', #566, .T. ) ;
#307 = FACE_OUTER_BOUND ( 'NONE', #1263, .T. ) ;
#308 = ORIENTED_EDGE ( 'NONE', *, *, #1788, .F. ) ;
#309 = CARTESIAN_POINT ( 'NONE',  ( 0.000000000000000000, 28.94438717061496291, 8.000000000000000000 ) ) ;
#310 = DIRECTION ( 'NONE',  ( 0.000000000000000000, 1.000000000000000000, 0.000000000000000000 ) ) ;
#311 = DIRECTION ( 'NONE',  ( -1.000000000000000000, 0.000000000000000000, -0.000000000000000000 ) ) ;
#312 = DIRECTION ( 'NONE',  ( -0.000000000000000000, 1.000000000000000000, -0.000000000000000000 ) ) ;
#313 = ORIENTED_EDGE ( 'NONE', *, *, #525, .F. ) ;
#314 = DIRECTION ( 'NONE',  ( -0.000000000000000000, -0.000000000000000000, -1.000000000000000000 ) ) ;
#315 = AXIS2_PLACEMENT_3D ( 'NONE', #1821, #71, #773 ) ;
#316 = DIRECTION ( 'NONE',  ( 0.000000000000000000, 1.000000000000000000, 0.000000000000000000 ) ) ;
#317 = AXIS2_PLACEMENT_3D ( 'NONE', #940, #66, #1277 ) ;
#318 = EDGE_CURVE ( 'NONE', #500, #1043, #1868, .T. ) ;
#319 = ORIENTED_EDGE ( 'NONE', *, *, #811, .T. ) ;
#320 = AXIS2_PLACEMENT_3D ( 'NONE', #1816, #2003, #228 ) ;
#321 = FACE_OUTER_BOUND ( 'NONE', #152, .T. ) ;
#322 = ORIENTED_EDGE ( 'NONE', *, *, #764, .F. ) ;
#323 =( NAMED_UNIT ( * ) SI_UNIT ( $, .STERADIAN. ) SOLID_ANGLE_UNIT ( ) );
#324 = CARTESIAN_POINT ( 'NONE',  ( 0.000000000000000000, -28.94438717061496291, 38.33326214383944119 ) ) ;
#325 = DIRECTION ( 'NONE',  ( 1.000000000000000000, 0.000000000000000000, 0.000000000000000000 ) ) ;
#326 = ORIENTED_EDGE ( 'NONE', *, *, #569, .T. ) ;
#327 = DIRECTION ( 'NONE',  ( 0.000000000000000000, 1.000000000000000000, 0.000000000000000000 ) ) ;
#328 = AXIS2_PLACEMENT_3D ( 'NONE', #2194, #1321, #245 ) ;
#329 = EDGE_CURVE ( 'NONE', #2171, #1267, #1945, .T. ) ;
#330 = DIRECTION ( 'NONE',  ( -0.000000000000000000, 0.000000000000000000, 1.000000000000000000 ) ) ;
#331 = CIRCLE ( 'NONE', #668, 1.000000000000000888 ) ;
#332 = ORIENTED_EDGE ( 'NONE', *, *, #1543, .F. ) ;
#333 = PLANE ( 'NONE',  #728 ) ;
#334 = VERTEX_POINT ( 'NONE', #2128 ) ;
#335 = CARTESIAN_POINT ( 'NONE',  ( -27.50000000000000000, 0.000000000000000000, 8.000000000000000000 ) ) ;
#336 = CARTESIAN_POINT ( 'NONE',  ( -5.500000000000000000, -26.94438717061495936, 18.00000000000000355 ) ) ;
#337 = ORIENTED_EDGE ( 'NONE', *, *, #1825, .F. ) ;
#338 = FACE_OUTER_BOUND ( 'NONE', #1776, .T. ) ;
#339 = EDGE_CURVE ( 'NONE', #876, #1260, #635, .T. ) ;
#340 = EDGE_LOOP ( 'NONE', ( #1421, #644, #1429, #2201 ) ) ;
#341 = DIRECTION ( 'NONE',  ( 1.000000000000000000, 0.000000000000000000, 0.000000000000000000 ) ) ;
#342 = VERTEX_POINT ( 'NONE', #96 ) ;
#343 = CARTESIAN_POINT ( 'NONE',  ( 27.50000000000000000, 6.643708885374393817E-16, 13.42499999999999893 ) ) ;
#344 = ORIENTED_EDGE ( 'NONE', *, *, #264, .F. ) ;
#345 = ADVANCED_FACE ( 'NONE', ( #75 ), #233, .F. ) ;
#346 = DIRECTION ( 'NONE',  ( 0.000000000000000000, -1.000000000000000000, 0.000000000000000000 ) ) ;
#347 = CARTESIAN_POINT ( 'NONE',  ( -6.000000000000000000, 28.94438717061495936, 16.00000000000000000 ) ) ;
#348 = ORIENTED_EDGE ( 'NONE', *, *, #2060, .T. ) ;
#349 = CARTESIAN_POINT ( 'NONE',  ( -6.000000000000000000, -0.000000000000000000, 21.00000000000000000 ) ) ;
#350 = DIRECTION ( 'NONE',  ( -0.000000000000000000, -1.000000000000000000, -0.000000000000000000 ) ) ;
#351 = EDGE_CURVE ( 'NONE', #1725, #1552, #1249, .T. ) ;
#352 = EDGE_CURVE ( 'NONE', #334, #2005, #832, .T. ) ;
#353 = ORIENTED_EDGE ( 'NONE', *, *, #890, .F. ) ;
#354 = EDGE_CURVE ( 'NONE', #1869, #1403, #275, .T. ) ;
#355 = AXIS2_PLACEMENT_3D ( 'NONE', #804, #2182, #1295 ) ;
#356 = ORIENTED_EDGE ( 'NONE', *, *, #2217, .F. ) ;
#357 = CARTESIAN_POINT ( 'NONE',  ( 0.000000000000000000, -30.74438717061495296, 12.50000000000000000 ) ) ;
#358 = ORIENTED_EDGE ( 'NONE', *, *, #576, .F. ) ;
#359 = AXIS2_PLACEMENT_3D ( 'NONE', #1387, #2096, #526 ) ;
#360 = VECTOR ( 'NONE', #247, 1000.000000000000000 ) ;
#361 = LINE ( 'NONE', #1928, #1786 ) ;
#362 = DIRECTION ( 'NONE',  ( -0.000000000000000000, -0.000000000000000000, -1.000000000000000000 ) ) ;
#363 = VERTEX_POINT ( 'NONE', #1307 ) ;
#364 = CARTESIAN_POINT ( 'NONE',  ( -5.793670651926285942, 28.92564254642492116, 13.54172661486965445 ) ) ;
#365 = DIRECTION ( 'NONE',  ( 0.000000000000000000, 0.000000000000000000, -1.000000000000000000 ) ) ;
#366 = CIRCLE ( 'NONE', #960, 4.500000000000000888 ) ;
#367 = VERTEX_POINT ( 'NONE', #2009 ) ;
#368 = CARTESIAN_POINT ( 'NONE',  ( -6.000000000000000000, 22.49438717061495296, 46.50000000000000000 ) ) ;
#369 = VECTOR ( 'NONE', #256, 1000.000000000000000 ) ;
#370 = ORIENTED_EDGE ( 'NONE', *, *, #23, .F. ) ;
#371 = AXIS2_PLACEMENT_3D ( 'NONE', #1072, #1733, #2140 ) ;
#372 = DIRECTION ( 'NONE',  ( 0.000000000000000000, 1.000000000000000000, 0.000000000000000000 ) ) ;
#373 = EDGE_LOOP ( 'NONE', ( #353, #13, #2253, #289 ) ) ;
#374 = AXIS2_PLACEMENT_3D ( 'NONE', #1404, #1092, #167 ) ;
#375 = DIRECTION ( 'NONE',  ( 0.000000000000000000, -0.000000000000000000, -1.000000000000000000 ) ) ;
#376 = CARTESIAN_POINT ( 'NONE',  ( 4.000000000000000000, 30.74438717061495296, 0.000000000000000000 ) ) ;
#377 = VERTEX_POINT ( 'NONE', #628 ) ;
#378 = CARTESIAN_POINT ( 'NONE',  ( 0.000000000000000000, 0.000000000000000000, 16.00000000000000000 ) ) ;
#379 = DIRECTION ( 'NONE',  ( -0.000000000000000000, -1.000000000000000000, -0.000000000000000000 ) ) ;
#380 = ORIENTED_EDGE ( 'NONE', *, *, #98, .T. ) ;
#381 = CARTESIAN_POINT ( 'NONE',  ( -27.50000000000000000, -10.67707825203130767, 16.00000000000000000 ) ) ;
#382 = ORIENTED_EDGE ( 'NONE', *, *, #1964, .F. ) ;
#383 = VERTEX_POINT ( 'NONE', #2183 ) ;
#384 = CARTESIAN_POINT ( 'NONE',  ( 6.276313490328455434E-15, -1.360958544282836975E-30, 39.50000000000001421 ) ) ;
#385 = EDGE_CURVE ( 'NONE', #2258, #1316, #959, .T. ) ;
#386 = CARTESIAN_POINT ( 'NONE',  ( 3.500000000000000000, -28.94438717061496291, 43.00000000000001421 ) ) ;
#387 = VERTEX_POINT ( 'NONE', #1296 ) ;
#388 = CARTESIAN_POINT ( 'NONE',  ( 27.50000000000000000, -10.67707825203130412, 0.000000000000000000 ) ) ;
#389 = DIRECTION ( 'NONE',  ( 0.000000000000000000, 0.000000000000000000, -1.000000000000000000 ) ) ;
#390 = ORIENTED_EDGE ( 'NONE', *, *, #267, .T. ) ;
#391 = CARTESIAN_POINT ( 'NONE',  ( 0.000000000000000000, -26.94438717061495936, 41.70826214383944119 ) ) ;
#392 = VERTEX_POINT ( 'NONE', #606 ) ;
#393 = VERTEX_POINT ( 'NONE', #1112 ) ;
#394 = AXIS2_PLACEMENT_3D ( 'NONE', #309, #1857, #288 ) ;
#395 = VECTOR ( 'NONE', #2120, 1000.000000000000000 ) ;
#396 = CARTESIAN_POINT ( 'NONE',  ( 3.500000000000000000, -28.94438717061496291, 18.00000000000000355 ) ) ;
#397 = EDGE_CURVE ( 'NONE', #612, #1725, #789, .T. ) ;
#398 = CARTESIAN_POINT ( 'NONE',  ( 0.000000000000000000, 0.000000000000000000, 16.00000000000000000 ) ) ;
#399 = AXIS2_PLACEMENT_3D ( 'NONE', #2261, #215, #610 ) ;
#400 = ORIENTED_EDGE ( 'NONE', *, *, #276, .F. ) ;
#401 = CARTESIAN_POINT ( 'NONE',  ( -27.50000000000000000, 10.67707825203130767, 16.00000000000000000 ) ) ;
#402 = CARTESIAN_POINT ( 'NONE',  ( 0.000000000000000000, 30.74438717061495296, 8.000000000000000000 ) ) ;
#403 = VERTEX_POINT ( 'NONE', #1670 ) ;
#404 = CARTESIAN_POINT ( 'NONE',  ( 27.50000000000000000, 0.000000000000000000, 8.000000000000000000 ) ) ;
#405 = EDGE_CURVE ( 'NONE', #796, #1999, #591, .T. ) ;
#406 = VERTEX_POINT ( 'NONE', #2000 ) ;
#407 = CIRCLE ( 'NONE', #328, 4.500000000000000888 ) ;
#408 = ORIENTED_EDGE ( 'NONE', *, *, #909, .T. ) ;
#409 = CIRCLE ( 'NONE', #994, 29.50000000000000000 ) ;
#410 = DIRECTION ( 'NONE',  ( -0.000000000000000000, -1.000000000000000000, -0.000000000000000000 ) ) ;
#411 = DIRECTION ( 'NONE',  ( -0.000000000000000000, -1.000000000000000000, -0.000000000000000000 ) ) ;
#412 = VECTOR ( 'NONE', #2123, 1000.000000000000000 ) ;
#413 = ORIENTED_EDGE ( 'NONE', *, *, #351, .F. ) ;
#414 = DIRECTION ( 'NONE',  ( -0.000000000000000000, 0.000000000000000000, 1.000000000000000000 ) ) ;
#415 = FACE_OUTER_BOUND ( 'NONE', #230, .T. ) ;
#416 = ORIENTED_EDGE ( 'NONE', *, *, #90, .F. ) ;
#417 = DIRECTION ( 'NONE',  ( 0.000000000000000000, 0.000000000000000000, 1.000000000000000000 ) ) ;
#418 = EDGE_CURVE ( 'NONE', #1941, #1114, #1070, .T. ) ;
#419 = VERTEX_POINT ( 'NONE', #1143 ) ;
#420 = ORIENTED_EDGE ( 'NONE', *, *, #1643, .T. ) ;
#421 = CARTESIAN_POINT ( 'NONE',  ( -6.000000000000000000, 0.000000000000000000, 16.00000000000000000 ) ) ;
#422 = DIRECTION ( 'NONE',  ( 1.000000000000000000, -0.000000000000000000, -0.000000000000000000 ) ) ;
#423 = VERTEX_POINT ( 'NONE', #1635 ) ;
#424 = CARTESIAN_POINT ( 'NONE',  ( 0.000000000000000000, 0.000000000000000000, 16.00000000000000000 ) ) ;
#425 = CARTESIAN_POINT ( 'NONE',  ( -5.421514153670418779, 26.17268113067256863, 15.59977727468910125 ) ) ;
#426 = DIRECTION ( 'NONE',  ( 2.168404344971007142E-16, -1.000000000000000000, -0.000000000000000000 ) ) ;
#427 = EDGE_CURVE ( 'NONE', #1455, #863, #579, .T. ) ;
#428 = EDGE_CURVE ( 'NONE', #955, #1591, #149, .T. ) ;
#429 = EDGE_CURVE ( 'NONE', #1360, #82, #1353, .T. ) ;
#430 = CARTESIAN_POINT ( 'NONE',  ( 23.50000000000000355, 0.000000000000000000, 8.000000000000000000 ) ) ;
#431 = CARTESIAN_POINT ( 'NONE',  ( -23.50000000000000000, 0.000000000000000000, 8.000000000000000000 ) ) ;
#432 = FACE_OUTER_BOUND ( 'NONE', #340, .T. ) ;
#433 = EDGE_CURVE ( 'NONE', #82, #1360, #595, .T. ) ;
#434 = AXIS2_PLACEMENT_3D ( 'NONE', #1623, #2200, #975 ) ;
#435 = ORIENTED_EDGE ( 'NONE', *, *, #1793, .F. ) ;
#436 = CARTESIAN_POINT ( 'NONE',  ( 0.000000000000000000, -21.94438717061495936, 38.33326214383944119 ) ) ;
#437 = CARTESIAN_POINT ( 'NONE',  ( -5.500000000000009770, 26.94438717061495581, 14.00000000000000000 ) ) ;
#438 = TOROIDAL_SURFACE ( 'NONE', #2011, 3.375000000000002220, 1.000000000000000000 ) ;
#439 = EDGE_LOOP ( 'NONE', ( #1764, #1142, #574, #55, #2232, #1050 ) ) ;
#440 = AXIS2_PLACEMENT_3D ( 'NONE', #1593, #2119, #1916 ) ;
#441 = DIRECTION ( 'NONE',  ( 0.000000000000000000, 1.000000000000000000, 0.000000000000000000 ) ) ;
#442 = EDGE_CURVE ( 'NONE', #1927, #1253, #1863, .T. ) ;
#443 = CYLINDRICAL_SURFACE ( 'NONE', #593, 4.500000000000000888 ) ;
#444 = FACE_BOUND ( 'NONE', #49, .T. ) ;
#445 = CARTESIAN_POINT ( 'NONE',  ( 5.698460433971614947, -28.94438717061496291, 16.00000000000000000 ) ) ;
#446 = CARTESIAN_POINT ( 'NONE',  ( -6.000000000000000000, 19.99438717061496007, 48.99999999999999289 ) ) ;
#447 = AXIS2_PLACEMENT_3D ( 'NONE', #705, #1604, #1261 ) ;
#448 = CARTESIAN_POINT ( 'NONE',  ( -5.493530231017511589, 26.88037474964392715, 14.51864745665427492 ) ) ;
#449 = ORIENTED_EDGE ( 'NONE', *, *, #1734, .F. ) ;
#450 = CARTESIAN_POINT ( 'NONE',  ( -6.000000000000001776, 26.83747380063929100, 14.13386346432652552 ) ) ;
#451 = CARTESIAN_POINT ( 'NONE',  ( 0.000000000000000000, -26.94438717061495936, 12.50000000000000000 ) ) ;
#452 = CARTESIAN_POINT ( 'NONE',  ( -6.000000000000000000, 19.99438717061496007, 21.00000000000000000 ) ) ;
#453 = EDGE_CURVE ( 'NONE', #160, #1114, #1366, .T. ) ;
#454 = EDGE_CURVE ( 'NONE', #1448, #251, #331, .T. ) ;
#455 = LINE ( 'NONE', #1849, #954 ) ;
#456 = LINE ( 'NONE', #1158, #2160 ) ;
#457 = VERTEX_POINT ( 'NONE', #669 ) ;
#458 = DIRECTION ( 'NONE',  ( -0.000000000000000000, 0.000000000000000000, 1.000000000000000000 ) ) ;
#459 = DIRECTION ( 'NONE',  ( -0.000000000000000000, 1.000000000000000000, -0.000000000000000000 ) ) ;
#460 = CARTESIAN_POINT ( 'NONE',  ( -5.698460433971614947, 28.94438717061495936, 6.121823042825826455 ) ) ;
#461 = CARTESIAN_POINT ( 'NONE',  ( -5.974455914736217288, -28.88872641243106898, 7.362339597395067159 ) ) ;
#462 = EDGE_CURVE ( 'NONE', #865, #1559, #1328, .T. ) ;
#463 = DIRECTION ( 'NONE',  ( -0.000000000000000000, 1.000000000000000000, -0.000000000000000000 ) ) ;
#464 = VECTOR ( 'NONE', #1302, 1000.000000000000000 ) ;
#465 = DIRECTION ( 'NONE',  ( 0.000000000000000000, 0.000000000000000000, 1.000000000000000000 ) ) ;
#466 = CIRCLE ( 'NONE', #981, 6.000000000000000000 ) ;
#467 = ORIENTED_EDGE ( 'NONE', *, *, #750, .F. ) ;
#468 = CARTESIAN_POINT ( 'NONE',  ( 0.000000000000000000, 0.000000000000000000, 16.00000000000000000 ) ) ;
#469 = CIRCLE ( 'NONE', #1742, 27.50000000000000000 ) ;
#470 = CIRCLE ( 'NONE', #1057, 2.000000000000001776 ) ;
#471 = LINE ( 'NONE', #1187, #631 ) ;
#472 = VERTEX_POINT ( 'NONE', #145 ) ;
#473 = DIRECTION ( 'NONE',  ( 1.000000000000000000, -0.000000000000000000, 0.000000000000000000 ) ) ;
#474 = VERTEX_POINT ( 'NONE', #1518 ) ;
#475 = APPLICATION_PROTOCOL_DEFINITION ( 'draft international standard', 'automotive_design', 1998, #617 ) ;
#476 = CIRCLE ( 'NONE', #784, 29.50000000000000000 ) ;
#477 = LINE ( 'NONE', #2220, #1640 ) ;
#478 = DIRECTION ( 'NONE',  ( 0.000000000000000000, 0.000000000000000000, -1.000000000000000000 ) ) ;
#479 = EDGE_LOOP ( 'NONE', ( #20, #1119, #174, #763, #1794 ) ) ;
#480 = VECTOR ( 'NONE', #1095, 1000.000000000000000 ) ;
#481 = DIRECTION ( 'NONE',  ( 0.000000000000000000, -1.000000000000000000, 0.000000000000000000 ) ) ;
#482 = CIRCLE ( 'NONE', #1759, 3.375000000000003109 ) ;
#483 = CARTESIAN_POINT ( 'NONE',  ( 0.000000000000000000, 0.000000000000000000, 16.00000000000000000 ) ) ;
#484 = ADVANCED_FACE ( 'NONE', ( #306, #1160 ), #127, .T. ) ;
#485 = ORIENTED_EDGE ( 'NONE', *, *, #1767, .T. ) ;
#486 = CARTESIAN_POINT ( 'NONE',  ( 23.50000000000000000, 14.28285685708570085, 16.00000000000000000 ) ) ;
#487 = LINE ( 'NONE', #675, #176 ) ;
#488 = DIRECTION ( 'NONE',  ( 1.000000000000000000, 0.000000000000000000, 0.000000000000000000 ) ) ;
#489 = ADVANCED_FACE ( 'NONE', ( #296 ), #2223, .F. ) ;
#490 = ORIENTED_EDGE ( 'NONE', *, *, #1374, .T. ) ;
#491 = DIRECTION ( 'NONE',  ( 0.000000000000000000, 0.000000000000000000, 1.000000000000000000 ) ) ;
#492 = EDGE_CURVE ( 'NONE', #757, #842, #1540, .T. ) ;
#493 = DIRECTION ( 'NONE',  ( -0.000000000000000000, 0.000000000000000000, 1.000000000000000000 ) ) ;
#494 = ORIENTED_EDGE ( 'NONE', *, *, #1163, .F. ) ;
#495 = LINE ( 'NONE', #529, #2255 ) ;
#496 = FACE_BOUND ( 'NONE', #272, .T. ) ;
#497 = CARTESIAN_POINT ( 'NONE',  ( 5.510910596163087583E-16, -28.94438717061496291, 3.500000000000000444 ) ) ;
#498 = DIRECTION ( 'NONE',  ( -0.000000000000000000, -0.000000000000000000, -1.000000000000000000 ) ) ;
#499 = EDGE_CURVE ( 'NONE', #1451, #1999, #679, .T. ) ;
#500 = VERTEX_POINT ( 'NONE', #1697 ) ;
#501 = DIRECTION ( 'NONE',  ( 1.000000000000000000, 0.000000000000000000, 0.000000000000000000 ) ) ;
#502 = AXIS2_PLACEMENT_3D ( 'NONE', #242, #1454, #1141 ) ;
#503 = AXIS2_PLACEMENT_3D ( 'NONE', #815, #1508, #465 ) ;
#504 = LINE ( 'NONE', #2067, #81 ) ;
#505 = CIRCLE ( 'NONE', #1171, 25.50000000000000355 ) ;
#506 = EDGE_LOOP ( 'NONE', ( #590, #219, #1747, #2105, #1174, #704, #788, #762, #93 ) ) ;
#507 = CIRCLE ( 'NONE', #1968, 4.500000000000000888 ) ;
#508 = CARTESIAN_POINT ( 'NONE',  ( -6.000000000000000000, 24.94438717061495936, 14.00000000000000000 ) ) ;
#509 = ORIENTED_EDGE ( 'NONE', *, *, #1583, .F. ) ;
#510 = DIRECTION ( 'NONE',  ( -0.000000000000000000, -0.000000000000000000, -1.000000000000000000 ) ) ;
#511 = DIRECTION ( 'NONE',  ( 0.000000000000000000, 0.000000000000000000, -1.000000000000000000 ) ) ;
#512 = ORIENTED_EDGE ( 'NONE', *, *, #2066, .T. ) ;
#513 = CARTESIAN_POINT ( 'NONE',  ( -5.888787223281907401, 28.90642837476556082, 11.02187418525252127 ) ) ;
#514 = AXIS2_PLACEMENT_3D ( 'NONE', #430, #607, #630 ) ;
#515 = CIRCLE ( 'NONE', #1796, 29.50000000000000000 ) ;
#516 = ORIENTED_EDGE ( 'NONE', *, *, #2066, .F. ) ;
#517 = LINE ( 'NONE', #715, #480 ) ;
#518 = AXIS2_PLACEMENT_3D ( 'NONE', #378, #2252, #1770 ) ;
#519 = EDGE_CURVE ( 'NONE', #2127, #667, #2233, .T. ) ;
#520 = ORIENTED_EDGE ( 'NONE', *, *, #155, .T. ) ;
#521 = CARTESIAN_POINT ( 'NONE',  ( 0.000000000000000000, -30.74438717061495296, 8.000000000000000000 ) ) ;
#522 = ORIENTED_EDGE ( 'NONE', *, *, #1472, .F. ) ;
#523 = EDGE_CURVE ( 'NONE', #1059, #689, #1574, .T. ) ;
#524 = CARTESIAN_POINT ( 'NONE',  ( -6.000000000000000000, 22.49438717061495652, 18.50000000000000355 ) ) ;
#525 = EDGE_CURVE ( 'NONE', #823, #672, #515, .T. ) ;
#526 = DIRECTION ( 'NONE',  ( 0.000000000000000000, 0.000000000000000000, -1.000000000000000000 ) ) ;
#527 = EDGE_LOOP ( 'NONE', ( #1735, #1236, #1892, #435 ) ) ;
#528 = DIRECTION ( 'NONE',  ( -0.000000000000000000, -1.000000000000000000, -0.000000000000000000 ) ) ;
#529 = CARTESIAN_POINT ( 'NONE',  ( -6.000000000000000000, 28.74438717061495652, 44.00000000000000000 ) ) ;
#530 =( BOUNDED_CURVE ( )  B_SPLINE_CURVE ( 3, ( #1430, #364, #513, #1948 ),
 .UNSPECIFIED., .F., .F. ) 
 B_SPLINE_CURVE_WITH_KNOTS ( ( 4, 4 ),
 ( 3.335982745759013213, 3.345850962806148132 ),
 .UNSPECIFIED. ) 
 CURVE ( )  GEOMETRIC_REPRESENTATION_ITEM ( )  RATIONAL_B_SPLINE_CURVE ( ( 1.000000000000000000, 0.9999918848741563560, 0.9999918848741563560, 1.000000000000000000 ) ) 
 REPRESENTATION_ITEM ( '' )  );
#531 = ORIENTED_EDGE ( 'NONE', *, *, #1812, .T. ) ;
#532 = CARTESIAN_POINT ( 'NONE',  ( 5.698460433971614947, -28.94438717061496291, 6.121823042825826455 ) ) ;
#533 = EDGE_LOOP ( 'NONE', ( #1765, #1790, #370, #1911, #1634, #1437, #1219, #1086, #729, #1088, #2002, #1589 ) ) ;
#534 = DIRECTION ( 'NONE',  ( -1.000000000000000000, 0.000000000000000000, -0.000000000000000000 ) ) ;
#535 = ORIENTED_EDGE ( 'NONE', *, *, #23, .T. ) ;
#536 = CARTESIAN_POINT ( 'NONE',  ( 4.000000000000000000, 22.49438717061495296, 46.50000000000000000 ) ) ;
#537 = DIRECTION ( 'NONE',  ( 0.000000000000000000, 1.000000000000000000, 0.000000000000000000 ) ) ;
#538 = EDGE_CURVE ( 'NONE', #823, #342, #655, .T. ) ;
#539 = ORIENTED_EDGE ( 'NONE', *, *, #129, .T. ) ;
#540 = DIRECTION ( 'NONE',  ( 0.000000000000000000, -1.000000000000000000, 0.000000000000000000 ) ) ;
#541 = DIRECTION ( 'NONE',  ( -1.000000000000000000, 0.000000000000000000, 0.000000000000000000 ) ) ;
#542 = VERTEX_POINT ( 'NONE', #1347 ) ;
#543 = AXIS2_PLACEMENT_3D ( 'NONE', #713, #1233, #365 ) ;
#544 = EDGE_LOOP ( 'NONE', ( #1617, #28, #753, #785 ) ) ;
#545 = CYLINDRICAL_SURFACE ( 'NONE', #907, 6.000000000000000000 ) ;
#546 = ORIENTED_EDGE ( 'NONE', *, *, #916, .F. ) ;
#547 = AXIS2_PLACEMENT_3D ( 'NONE', #1078, #1373, #1230 ) ;
#548 = AXIS2_PLACEMENT_3D ( 'NONE', #177, #346, #879 ) ;
#549 = DIRECTION ( 'NONE',  ( 1.000000000000000000, 0.000000000000000000, 0.000000000000000000 ) ) ;
#550 = CARTESIAN_POINT ( 'NONE',  ( 0.000000000000000000, 28.94438717061496291, 2.000000000000000000 ) ) ;
#551 = ORIENTED_EDGE ( 'NONE', *, *, #385, .T. ) ;
#552 = CYLINDRICAL_SURFACE ( 'NONE', #1568, 2.375000000000002220 ) ;
#553 = CARTESIAN_POINT ( 'NONE',  ( 5.500000000000000000, -28.94438717061496291, 18.00000000000000355 ) ) ;
#554 = VERTEX_POINT ( 'NONE', #1175 ) ;
#555 = CARTESIAN_POINT ( 'NONE',  ( 0.000000000000000000, 0.000000000000000000, 0.000000000000000000 ) ) ;
#556 = AXIS2_PLACEMENT_3D ( 'NONE', #1551, #128, #1379 ) ;
#557 = EDGE_CURVE ( 'NONE', #586, #1076, #817, .T. ) ;
#558 = VERTEX_POINT ( 'NONE', #850 ) ;
#559 = VECTOR ( 'NONE', #314, 1000.000000000000000 ) ;
#560 = VERTEX_POINT ( 'NONE', #2052 ) ;
#561 = CARTESIAN_POINT ( 'NONE',  ( 5.500000000000000000, -26.94438717061495936, 18.00000000000000355 ) ) ;
#562 = DIRECTION ( 'NONE',  ( -0.000000000000000000, 0.000000000000000000, 1.000000000000000000 ) ) ;
#563 = ORIENTED_EDGE ( 'NONE', *, *, #318, .T. ) ;
#564 = DIRECTION ( 'NONE',  ( -0.000000000000000000, -0.000000000000000000, -1.000000000000000000 ) ) ;
#565 = FACE_OUTER_BOUND ( 'NONE', #1909, .T. ) ;
#566 = EDGE_LOOP ( 'NONE', ( #1530, #771 ) ) ;
#567 = FILL_AREA_STYLE_COLOUR ( '', #262 ) ;
#568 = ADVANCED_FACE ( 'NONE', ( #1020, #1709 ), #989, .T. ) ;
#569 = EDGE_CURVE ( 'NONE', #1862, #160, #1113, .T. ) ;
#570 = ORIENTED_EDGE ( 'NONE', *, *, #36, .T. ) ;
#571 = ORIENTED_EDGE ( 'NONE', *, *, #724, .F. ) ;
#572 = CARTESIAN_POINT ( 'NONE',  ( -5.500000000000000000, -28.94438717061496291, 16.00000000000000000 ) ) ;
#573 = CARTESIAN_POINT ( 'NONE',  ( 0.000000000000000000, 30.74438717061495296, 2.000000000000000000 ) ) ;
#574 = ORIENTED_EDGE ( 'NONE', *, *, #1601, .T. ) ;
#575 = CARTESIAN_POINT ( 'NONE',  ( 4.000000000000000000, 0.000000000000000000, 21.00000000000000000 ) ) ;
#576 = EDGE_CURVE ( 'NONE', #678, #1927, #409, .T. ) ;
#577 = DIRECTION ( 'NONE',  ( 1.000000000000000000, 0.000000000000000000, 0.000000000000000000 ) ) ;
#578 = ORIENTED_EDGE ( 'NONE', *, *, #442, .T. ) ;
#579 = LINE ( 'NONE', #265, #6 ) ;
#580 = VERTEX_POINT ( 'NONE', #1392 ) ;
#581 = VERTEX_POINT ( 'NONE', #1418 ) ;
#582 = VECTOR ( 'NONE', #577, 1000.000000000000000 ) ;
#583 = VECTOR ( 'NONE', #1687, 1000.000000000000000 ) ;
#584 = LINE ( 'NONE', #91, #1315 ) ;
#585 = DIRECTION ( 'NONE',  ( 0.000000000000000000, 0.000000000000000000, -1.000000000000000000 ) ) ;
#586 = VERTEX_POINT ( 'NONE', #1782 ) ;
#587 = DIRECTION ( 'NONE',  ( 0.000000000000000000, 1.000000000000000000, 0.000000000000000000 ) ) ;
#588 = EDGE_CURVE ( 'NONE', #202, #1280, #1958, .T. ) ;
#589 = FACE_OUTER_BOUND ( 'NONE', #1789, .T. ) ;
#590 = ORIENTED_EDGE ( 'NONE', *, *, #2075, .F. ) ;
#591 = LINE ( 'NONE', #1285, #48 ) ;
#592 = EDGE_LOOP ( 'NONE', ( #1228, #1416, #2122, #1843, #2032 ) ) ;
#593 = AXIS2_PLACEMENT_3D ( 'NONE', #1144, #459, #1826 ) ;
#594 = EDGE_LOOP ( 'NONE', ( #169, #1304 ) ) ;
#595 = CIRCLE ( 'NONE', #2173, 5.424999999999999822 ) ;
#596 = FACE_OUTER_BOUND ( 'NONE', #2248, .T. ) ;
#597 = CARTESIAN_POINT ( 'NONE',  ( 23.50000000000000355, 0.000000000000000000, 8.000000000000000000 ) ) ;
#598 = VECTOR ( 'NONE', #180, 1000.000000000000000 ) ;
#599 = ADVANCED_FACE ( 'NONE', ( #1080 ), #1921, .T. ) ;
#600 = EDGE_LOOP ( 'NONE', ( #201, #754, #348, #1712 ) ) ;
#601 = EDGE_CURVE ( 'NONE', #678, #1869, #530, .T. ) ;
#602 = LINE ( 'NONE', #252, #1470 ) ;
#603 = DIRECTION ( 'NONE',  ( 1.000000000000000000, -0.000000000000000000, -0.000000000000000000 ) ) ;
#604 = EDGE_CURVE ( 'NONE', #672, #179, #1247, .T. ) ;
#605 = ORIENTED_EDGE ( 'NONE', *, *, #98, .F. ) ;
#606 = CARTESIAN_POINT ( 'NONE',  ( 5.500000000000009770, 26.94438717061495581, 16.00000000000000000 ) ) ;
#607 = DIRECTION ( 'NONE',  ( -1.000000000000000000, 0.000000000000000000, 0.000000000000000000 ) ) ;
#608 = EDGE_CURVE ( 'NONE', #406, #1254, #366, .T. ) ;
#609 = ORIENTED_EDGE ( 'NONE', *, *, #418, .T. ) ;
#610 = DIRECTION ( 'NONE',  ( 0.000000000000000000, 0.000000000000000000, 1.000000000000000000 ) ) ;
#611 = LINE ( 'NONE', #928, #1970 ) ;
#612 = VERTEX_POINT ( 'NONE', #1041 ) ;
#613 = DIRECTION ( 'NONE',  ( 0.000000000000000000, 0.000000000000000000, -1.000000000000000000 ) ) ;
#614 = CARTESIAN_POINT ( 'NONE',  ( -5.348997571788604688, 25.46958212907494001, 15.94722966190628632 ) ) ;
#615 = VERTEX_POINT ( 'NONE', #388 ) ;
#616 = CARTESIAN_POINT ( 'NONE',  ( 3.500000000000000000, -28.94438717061496291, 39.50000000000001421 ) ) ;
#617 = APPLICATION_CONTEXT ( 'automotive_design' ) ;
#618 = EDGE_LOOP ( 'NONE', ( #103, #886, #2111, #509 ) ) ;
#619 = CARTESIAN_POINT ( 'NONE',  ( -6.000000000000000000, 22.49438717061495652, 18.50000000000000355 ) ) ;
#620 = VECTOR ( 'NONE', #707, 1000.000000000000000 ) ;
#621 = CARTESIAN_POINT ( 'NONE',  ( -27.50000000000000000, 0.000000000000000000, 8.000000000000000000 ) ) ;
#622 = AXIS2_PLACEMENT_3D ( 'NONE', #1695, #1706, #2028 ) ;
#623 = ORIENTED_EDGE ( 'NONE', *, *, #2263, .F. ) ;
#624 = DIRECTION ( 'NONE',  ( 1.000000000000000000, 0.000000000000000000, 0.000000000000000000 ) ) ;
#625 = DIRECTION ( 'NONE',  ( -0.000000000000000000, -0.000000000000000000, -1.000000000000000000 ) ) ;
#626 = ORIENTED_EDGE ( 'NONE', *, *, #588, .T. ) ;
#627 = AXIS2_PLACEMENT_3D ( 'NONE', #661, #2196, #843 ) ;
#628 = CARTESIAN_POINT ( 'NONE',  ( 4.285714285714287364, 28.94438717061496291, 12.19912527334258989 ) ) ;
#629 = ADVANCED_FACE ( 'NONE', ( #197 ), #736, .F. ) ;
#630 = DIRECTION ( 'NONE',  ( 0.000000000000000000, 0.000000000000000000, 1.000000000000000000 ) ) ;
#631 = VECTOR ( 'NONE', #2234, 1000.000000000000000 ) ;
#632 = CARTESIAN_POINT ( 'NONE',  ( -6.000000000000000000, 26.83747380063928389, 16.00000000000000000 ) ) ;
#633 = AXIS2_PLACEMENT_3D ( 'NONE', #273, #104, #806 ) ;
#634 = FACE_OUTER_BOUND ( 'NONE', #882, .T. ) ;
#635 = CIRCLE ( 'NONE', #114, 27.50000000000000000 ) ;
#636 = FACE_BOUND ( 'NONE', #1034, .T. ) ;
#637 = ORIENTED_EDGE ( 'NONE', *, *, #1840, .T. ) ;
#638 = DIRECTION ( 'NONE',  ( 0.000000000000000000, 0.000000000000000000, -1.000000000000000000 ) ) ;
#639 = CARTESIAN_POINT ( 'NONE',  ( -3.499999999999999556, -26.94438717061495936, 18.00000000000000355 ) ) ;
#640 = EDGE_CURVE ( 'NONE', #1270, #581, #1760, .T. ) ;
#641 = CARTESIAN_POINT ( 'NONE',  ( 4.000000000000000000, 22.49438717061495296, 46.50000000000000000 ) ) ;
#642 = PLANE ( 'NONE',  #1349 ) ;
#643 = CARTESIAN_POINT ( 'NONE',  ( -6.000000000000000000, 28.74438717061496362, 4.335962019776724740E-15 ) ) ;
#644 = ORIENTED_EDGE ( 'NONE', *, *, #1332, .T. ) ;
#645 = EDGE_CURVE ( 'NONE', #383, #42, #1066, .T. ) ;
#646 = DIRECTION ( 'NONE',  ( 0.000000000000000000, 1.000000000000000000, 0.000000000000000000 ) ) ;
#647 = FACE_OUTER_BOUND ( 'NONE', #1211, .T. ) ;
#648 = CARTESIAN_POINT ( 'NONE',  ( -27.50000000000000000, 0.000000000000000000, 2.575000000000000178 ) ) ;
#649 = CARTESIAN_POINT ( 'NONE',  ( 5.698460433971614059, 28.94438717061496291, 6.121823042825822903 ) ) ;
#650 = CARTESIAN_POINT ( 'NONE',  ( -27.50000000000000000, 0.000000000000000000, 16.00000000000000000 ) ) ;
#651 = AXIS2_PLACEMENT_3D ( 'NONE', #682, #1206, #1411 ) ;
#652 = EDGE_CURVE ( 'NONE', #1993, #1008, #1744, .T. ) ;
#653 = ORIENTED_EDGE ( 'NONE', *, *, #427, .F. ) ;
#654 = EDGE_CURVE ( 'NONE', #2258, #873, #298, .T. ) ;
#655 = LINE ( 'NONE', #1032, #812 ) ;
#656 = AXIS2_PLACEMENT_3D ( 'NONE', #165, #1428, #1038 ) ;
#657 = AXIS2_PLACEMENT_3D ( 'NONE', #1265, #1607, #914 ) ;
#658 = CARTESIAN_POINT ( 'NONE',  ( 0.000000000000000000, 0.000000000000000000, 14.00000000000000000 ) ) ;
#659 = ORIENTED_EDGE ( 'NONE', *, *, #1885, .T. ) ;
#660 = EDGE_CURVE ( 'NONE', #554, #89, #78, .T. ) ;
#661 = CARTESIAN_POINT ( 'NONE',  ( 0.000000000000000000, -21.94438717061495936, 38.33326214383944119 ) ) ;
#662 = AXIS2_PLACEMENT_3D ( 'NONE', #110, #302, #1354 ) ;
#663 = EDGE_CURVE ( 'NONE', #612, #721, #858, .T. ) ;
#664 = DIRECTION ( 'NONE',  ( -0.000000000000000000, -0.000000000000000000, -1.000000000000000000 ) ) ;
#665 = DIRECTION ( 'NONE',  ( -0.000000000000000000, 1.000000000000000000, -0.000000000000000000 ) ) ;
#666 = EDGE_CURVE ( 'NONE', #926, #202, #1465, .T. ) ;
#667 = VERTEX_POINT ( 'NONE', #2087 ) ;
#668 = AXIS2_PLACEMENT_3D ( 'NONE', #1875, #2242, #998 ) ;
#669 = CARTESIAN_POINT ( 'NONE',  ( 4.000000000000000000, 28.74438717061496007, 21.00000000000000000 ) ) ;
#670 = AXIS2_PLACEMENT_3D ( 'NONE', #1807, #1129, #1107 ) ;
#671 = CARTESIAN_POINT ( 'NONE',  ( -6.000000000000000000, 28.74438717061496362, 4.335962019776724740E-15 ) ) ;
#672 = VERTEX_POINT ( 'NONE', #1910 ) ;
#673 = ADVANCED_FACE ( 'NONE', ( #338 ), #552, .T. ) ;
#674 = DIRECTION ( 'NONE',  ( 0.000000000000000000, 0.000000000000000000, 1.000000000000000000 ) ) ;
#675 = CARTESIAN_POINT ( 'NONE',  ( 4.285714285714286476, 30.74438717061495296, 12.19912527334258989 ) ) ;
#676 = CARTESIAN_POINT ( 'NONE',  ( -6.000000000000000000, 22.49438717061495652, 17.62500000000000355 ) ) ;
#677 = ADVANCED_FACE ( 'NONE', ( #206, #1560 ), #1598, .F. ) ;
#678 = VERTEX_POINT ( 'NONE', #50 ) ;
#679 = LINE ( 'NONE', #1358, #1614 ) ;
#680 = DIRECTION ( 'NONE',  ( -0.000000000000000000, 0.000000000000000000, 1.000000000000000000 ) ) ;
#681 = VERTEX_POINT ( 'NONE', #1611 ) ;
#682 = CARTESIAN_POINT ( 'NONE',  ( 0.000000000000000000, -28.94438717061496291, 38.33326214383944119 ) ) ;
#683 = ORIENTED_EDGE ( 'NONE', *, *, #454, .T. ) ;
#684 = FACE_BOUND ( 'NONE', #144, .T. ) ;
#685 = DIRECTION ( 'NONE',  ( -1.000000000000000000, 0.000000000000000000, 0.000000000000000000 ) ) ;
#686 = ORIENTED_EDGE ( 'NONE', *, *, #652, .T. ) ;
#687 = DIRECTION ( 'NONE',  ( 0.000000000000000000, -0.000000000000000000, -1.000000000000000000 ) ) ;
#688 = EDGE_CURVE ( 'NONE', #363, #423, #1648, .T. ) ;
#689 = VERTEX_POINT ( 'NONE', #1463 ) ;
#690 = VECTOR ( 'NONE', #1090, 1000.000000000000000 ) ;
#691 = DIRECTION ( 'NONE',  ( 0.000000000000000000, 0.000000000000000000, 1.000000000000000000 ) ) ;
#692 = VECTOR ( 'NONE', #46, 1000.000000000000000 ) ;
#693 = EDGE_CURVE ( 'NONE', #1012, #615, #772, .T. ) ;
#694 = ORIENTED_EDGE ( 'NONE', *, *, #798, .T. ) ;
#695 = DIRECTION ( 'NONE',  ( 0.000000000000000000, -1.000000000000000000, 0.000000000000000000 ) ) ;
#696 = ORIENTED_EDGE ( 'NONE', *, *, #1818, .F. ) ;
#697 = DIRECTION ( 'NONE',  ( 0.000000000000000000, -0.000000000000000000, -1.000000000000000000 ) ) ;
#698 = LINE ( 'NONE', #2107, #37 ) ;
#699 = ORIENTED_EDGE ( 'NONE', *, *, #1985, .T. ) ;
#700 = DIRECTION ( 'NONE',  ( 0.000000000000000000, 1.000000000000000000, -0.000000000000000000 ) ) ;
#701 = AXIS2_PLACEMENT_3D ( 'NONE', #483, #330, #990 ) ;
#702 = CARTESIAN_POINT ( 'NONE',  ( 0.000000000000000000, 30.74438717061495296, 8.000000000000000000 ) ) ;
#703 = VECTOR ( 'NONE', #2041, 1000.000000000000000 ) ;
#704 = ORIENTED_EDGE ( 'NONE', *, *, #1001, .T. ) ;
#705 = CARTESIAN_POINT ( 'NONE',  ( 0.000000000000000000, 0.000000000000000000, 0.000000000000000000 ) ) ;
#706 = ORIENTED_EDGE ( 'NONE', *, *, #36, .F. ) ;
#707 = DIRECTION ( 'NONE',  ( 1.000000000000000000, 0.000000000000000000, 0.000000000000000000 ) ) ;
#708 = ORIENTED_EDGE ( 'NONE', *, *, #782, .F. ) ;
#709 = CARTESIAN_POINT ( 'NONE',  ( 0.000000000000000000, 0.000000000000000000, 16.00000000000000000 ) ) ;
#710 = DIRECTION ( 'NONE',  ( 1.000000000000000000, -0.000000000000000000, 0.000000000000000000 ) ) ;
#711 = ORIENTED_EDGE ( 'NONE', *, *, #433, .T. ) ;
#712 = DIRECTION ( 'NONE',  ( 1.000000000000000000, 0.000000000000000000, 0.000000000000000000 ) ) ;
#713 = CARTESIAN_POINT ( 'NONE',  ( -6.000000000000000000, 22.49438717061495296, 46.50000000000000000 ) ) ;
#714 = EDGE_LOOP ( 'NONE', ( #1383, #1653, #356, #2222 ) ) ;
#715 = CARTESIAN_POINT ( 'NONE',  ( -6.000000000000000000, 22.49438717061495652, 17.62500000000000355 ) ) ;
#716 = ORIENTED_EDGE ( 'NONE', *, *, #744, .T. ) ;
#717 = CYLINDRICAL_SURFACE ( 'NONE', #1272, 2.000000000000000000 ) ;
#718 = ORIENTED_EDGE ( 'NONE', *, *, #937, .T. ) ;
#719 = PLANE ( 'NONE',  #1975 ) ;
#720 = DIRECTION ( 'NONE',  ( 1.000000000000000000, -0.000000000000000000, 0.000000000000000000 ) ) ;
#721 = VERTEX_POINT ( 'NONE', #786 ) ;
#722 = DIRECTION ( 'NONE',  ( 1.000000000000000000, 0.000000000000000000, 0.000000000000000000 ) ) ;
#723 = CYLINDRICAL_SURFACE ( 'NONE', #765, 3.500000000000000000 ) ;
#724 = EDGE_CURVE ( 'NONE', #1602, #1459, #83, .T. ) ;
#725 = ORIENTED_EDGE ( 'NONE', *, *, #829, .F. ) ;
#726 = CARTESIAN_POINT ( 'NONE',  ( 5.798881250275223387, -28.92461670371648452, 9.573496375151531623 ) ) ;
#727 =( GEOMETRIC_REPRESENTATION_CONTEXT ( 3 ) GLOBAL_UNCERTAINTY_ASSIGNED_CONTEXT ( ( #922 ) ) GLOBAL_UNIT_ASSIGNED_CONTEXT ( ( #1524, #1506, #323 ) ) REPRESENTATION_CONTEXT ( 'NONE', 'WORKASPACE' ) );
#728 = AXIS2_PLACEMENT_3D ( 'NONE', #173, #372, #2104 ) ;
#729 = ORIENTED_EDGE ( 'NONE', *, *, #760, .T. ) ;
#730 = ORIENTED_EDGE ( 'NONE', *, *, #143, .F. ) ;
#731 = VECTOR ( 'NONE', #931, 1000.000000000000000 ) ;
#732 = EDGE_CURVE ( 'NONE', #1927, #560, #476, .T. ) ;
#733 = PLANE ( 'NONE',  #548 ) ;
#734 = CARTESIAN_POINT ( 'NONE',  ( -6.000000000000000000, 28.88338622807235723, 16.00000000000000000 ) ) ;
#735 = ORIENTED_EDGE ( 'NONE', *, *, #604, .F. ) ;
#736 = PLANE ( 'NONE',  #1391 ) ;
#737 = LINE ( 'NONE', #904, #1308 ) ;
#738 = ORIENTED_EDGE ( 'NONE', *, *, #666, .T. ) ;
#739 = DIRECTION ( 'NONE',  ( 0.000000000000000000, 0.000000000000000000, 1.000000000000000000 ) ) ;
#740 = VECTOR ( 'NONE', #1860, 1000.000000000000000 ) ;
#741 = ORIENTED_EDGE ( 'NONE', *, *, #1601, .F. ) ;
#742 = AXIS2_PLACEMENT_3D ( 'NONE', #200, #1748, #1951 ) ;
#743 = ORIENTED_EDGE ( 'NONE', *, *, #181, .F. ) ;
#744 = EDGE_CURVE ( 'NONE', #924, #126, #1442, .T. ) ;
#745 = CYLINDRICAL_SURFACE ( 'NONE', #2260, 3.500000000000000000 ) ;
#746 = DIRECTION ( 'NONE',  ( 0.000000000000000000, 1.000000000000000000, 0.000000000000000000 ) ) ;
#747 = EDGE_LOOP ( 'NONE', ( #408, #570, #337, #539 ) ) ;
#748 = CARTESIAN_POINT ( 'NONE',  ( 4.000000000000000000, 19.99438717061496007, 0.000000000000000000 ) ) ;
#749 = LINE ( 'NONE', #41, #1780 ) ;
#750 = EDGE_CURVE ( 'NONE', #474, #1814, #261, .T. ) ;
#751 = EDGE_LOOP ( 'NONE', ( #2180, #1488, #738, #1750 ) ) ;
#752 = DIRECTION ( 'NONE',  ( 1.000000000000000000, 0.000000000000000000, 0.000000000000000000 ) ) ;
#753 = ORIENTED_EDGE ( 'NONE', *, *, #21, .F. ) ;
#754 = ORIENTED_EDGE ( 'NONE', *, *, #1214, .T. ) ;
#755 = FACE_OUTER_BOUND ( 'NONE', #544, .T. ) ;
#756 = DIRECTION ( 'NONE',  ( 0.000000000000000000, 1.000000000000000000, -0.000000000000000000 ) ) ;
#757 = VERTEX_POINT ( 'NONE', #1120 ) ;
#758 = DIRECTION ( 'NONE',  ( 0.000000000000000000, 1.000000000000000000, 0.000000000000000000 ) ) ;
#759 = DIRECTION ( 'NONE',  ( -0.000000000000000000, 1.000000000000000000, -0.000000000000000000 ) ) ;
#760 = EDGE_CURVE ( 'NONE', #1678, #1079, #1989, .T. ) ;
#761 = CARTESIAN_POINT ( 'NONE',  ( -6.000000000000000000, 0.000000000000000000, 16.00000000000000000 ) ) ;
#762 = ORIENTED_EDGE ( 'NONE', *, *, #1374, .F. ) ;
#763 = ORIENTED_EDGE ( 'NONE', *, *, #1889, .T. ) ;
#764 = EDGE_CURVE ( 'NONE', #1459, #457, #1305, .T. ) ;
#765 = AXIS2_PLACEMENT_3D ( 'NONE', #1248, #1419, #1577 ) ;
#766 = AXIS2_PLACEMENT_3D ( 'NONE', #336, #867, #2262 ) ;
#767 = FACE_OUTER_BOUND ( 'NONE', #188, .T. ) ;
#768 = EDGE_CURVE ( 'NONE', #1814, #334, #2166, .T. ) ;
#769 = DIRECTION ( 'NONE',  ( 0.000000000000000000, 1.000000000000000000, 0.000000000000000000 ) ) ;
#770 = ADVANCED_FACE ( 'NONE', ( #2181, #2006, #930 ), #1294, .T. ) ;
#771 = ORIENTED_EDGE ( 'NONE', *, *, #688, .T. ) ;
#772 = LINE ( 'NONE', #1997, #814 ) ;
#773 = DIRECTION ( 'NONE',  ( 0.000000000000000000, 0.000000000000000000, 1.000000000000000000 ) ) ;
#774 = EDGE_LOOP ( 'NONE', ( #1250, #512, #61, #1661, #2079, #1275 ) ) ;
#775 = CARTESIAN_POINT ( 'NONE',  ( -5.999999999999998224, 26.56112314170670530, 15.01150434813974321 ) ) ;
#776 = VECTOR ( 'NONE', #2210, 1000.000000000000000 ) ;
#777 = FACE_OUTER_BOUND ( 'NONE', #439, .T. ) ;
#778 = CIRCLE ( 'NONE', #2055, 4.500000000000000888 ) ;
#779 = ORIENTED_EDGE ( 'NONE', *, *, #1264, .F. ) ;
#780 = VECTOR ( 'NONE', #700, 1000.000000000000000 ) ;
#781 = DIRECTION ( 'NONE',  ( -0.000000000000000000, 1.000000000000000000, -0.000000000000000000 ) ) ;
#782 = EDGE_CURVE ( 'NONE', #1114, #1941, #2053, .T. ) ;
#783 = PLANE ( 'NONE',  #1520 ) ;
#784 = AXIS2_PLACEMENT_3D ( 'NONE', #424, #414, #1478 ) ;
#785 = ORIENTED_EDGE ( 'NONE', *, *, #1877, .F. ) ;
#786 = CARTESIAN_POINT ( 'NONE',  ( 3.499999999999999556, -26.94438717061495936, 18.00000000000000355 ) ) ;
#787 = CARTESIAN_POINT ( 'NONE',  ( -5.449787106928527969, 26.44951981169398181, 15.32347046736598450 ) ) ;
#788 = ORIENTED_EDGE ( 'NONE', *, *, #1389, .T. ) ;
#789 = LINE ( 'NONE', #616, #1031 ) ;
#790 = CARTESIAN_POINT ( 'NONE',  ( -6.000000000000000000, 19.99438717061496007, 16.00000000000000000 ) ) ;
#791 = FACE_OUTER_BOUND ( 'NONE', #1691, .T. ) ;
#792 = DIRECTION ( 'NONE',  ( 0.000000000000000000, 0.000000000000000000, 1.000000000000000000 ) ) ;
#793 = ORIENTED_EDGE ( 'NONE', *, *, #428, .F. ) ;
#794 = DIRECTION ( 'NONE',  ( -0.000000000000000000, 0.000000000000000000, 1.000000000000000000 ) ) ;
#795 = DIRECTION ( 'NONE',  ( 0.000000000000000000, 1.000000000000000000, 0.000000000000000000 ) ) ;
#796 = VERTEX_POINT ( 'NONE', #446 ) ;
#797 = CARTESIAN_POINT ( 'NONE',  ( -5.999999999999998224, 26.73007432950068107, 14.65245266452068940 ) ) ;
#798 = EDGE_CURVE ( 'NONE', #560, #342, #1632, .T. ) ;
#799 = VERTEX_POINT ( 'NONE', #2158 ) ;
#800 = DIRECTION ( 'NONE',  ( -0.000000000000000000, -1.000000000000000000, -0.000000000000000000 ) ) ;
#801 = AXIS2_PLACEMENT_3D ( 'NONE', #151, #1893, #1581 ) ;
#802 = CIRCLE ( 'NONE', #285, 0.8749999999999973355 ) ;
#803 = CARTESIAN_POINT ( 'NONE',  ( -6.000000000000000000, 28.74438717061495652, 44.00000000000000000 ) ) ;
#804 = CARTESIAN_POINT ( 'NONE',  ( 0.000000000000000000, -26.94438717061495936, 38.33326214383944119 ) ) ;
#805 = ORIENTED_EDGE ( 'NONE', *, *, #120, .T. ) ;
#806 = DIRECTION ( 'NONE',  ( 0.000000000000000000, 0.000000000000000000, -1.000000000000000000 ) ) ;
#807 = EDGE_CURVE ( 'NONE', #1961, #45, #602, .T. ) ;
#808 = EDGE_LOOP ( 'NONE', ( #2019, #1957 ) ) ;
#809 = CARTESIAN_POINT ( 'NONE',  ( 5.500000000000009770, 26.94438717061495581, 0.000000000000000000 ) ) ;
#810 = FACE_BOUND ( 'NONE', #594, .T. ) ;
#811 = EDGE_CURVE ( 'NONE', #472, #251, #482, .T. ) ;
#812 = VECTOR ( 'NONE', #1887, 1000.000000000000000 ) ;
#813 = FACE_OUTER_BOUND ( 'NONE', #2016, .T. ) ;
#814 = VECTOR ( 'NONE', #956, 1000.000000000000000 ) ;
#815 = CARTESIAN_POINT ( 'NONE',  ( 0.000000000000000000, -21.94438717061495936, 38.33326214383944119 ) ) ;
#816 = EDGE_LOOP ( 'NONE', ( #1350, #531, #897, #1631 ) ) ;
#817 = LINE ( 'NONE', #1202, #1757 ) ;
#818 = DIRECTION ( 'NONE',  ( -0.000000000000000000, -0.000000000000000000, -1.000000000000000000 ) ) ;
#819 = CARTESIAN_POINT ( 'NONE',  ( 2.908536147974966671E-16, -21.94438717061495936, 40.70826214383944119 ) ) ;
#820 = ORIENTED_EDGE ( 'NONE', *, *, #121, .T. ) ;
#821 = CARTESIAN_POINT ( 'NONE',  ( 5.798881250275170984, 28.92461670371650229, 9.573496375151743010 ) ) ;
#822 = CARTESIAN_POINT ( 'NONE',  ( -5.983807832389638648, 28.88674512341312806, 8.440504057906862201 ) ) ;
#823 = VERTEX_POINT ( 'NONE', #94 ) ;
#824 = DIRECTION ( 'NONE',  ( 1.000000000000000000, -0.000000000000000000, -0.000000000000000000 ) ) ;
#825 = EDGE_CURVE ( 'NONE', #266, #865, #1654, .T. ) ;
#826 = FACE_OUTER_BOUND ( 'NONE', #1672, .T. ) ;
#827 = VERTEX_POINT ( 'NONE', #1281 ) ;
#828 = LINE ( 'NONE', #1179, #74 ) ;
#829 = EDGE_CURVE ( 'NONE', #1316, #1586, #2188, .T. ) ;
#830 = CARTESIAN_POINT ( 'NONE',  ( 0.000000000000000000, 0.000000000000000000, 0.000000000000000000 ) ) ;
#831 = EDGE_CURVE ( 'NONE', #2068, #392, #1317, .T. ) ;
#832 = B_SPLINE_CURVE_WITH_KNOTS ( 'NONE', 3,
 ( #1131, #450, #1456, #934, #797, #1624, #775, #1467, #946, #1480, #1153, #88, #62, #970, #1489, #1662 ),
 .UNSPECIFIED., .F., .F.,
 ( 4, 2, 2, 2, 2, 2, 2, 4 ),
 ( 0.000000000000000000, 0.0003958359672403140273, 0.0007916719344806280546, 0.001187507901720942028, 0.001583343868961256109, 0.002375015803441880586, 0.002770851770682192933, 0.003166687737922505280 ),
 .UNSPECIFIED. ) ;
#833 = EDGE_CURVE ( 'NONE', #863, #474, #1064, .T. ) ;
#834 = CARTESIAN_POINT ( 'NONE',  ( 23.50000000000000000, -14.28285685708570085, 16.00000000000000000 ) ) ;
#835 = CARTESIAN_POINT ( 'NONE',  ( 27.50000000000000000, 10.67707825203130412, 16.00000000000000000 ) ) ;
#836 = VECTOR ( 'NONE', #1318, 1000.000000000000000 ) ;
#837 = VERTEX_POINT ( 'NONE', #846 ) ;
#838 = DIRECTION ( 'NONE',  ( 1.000000000000000000, 0.000000000000000000, 0.000000000000000000 ) ) ;
#839 = ADVANCED_FACE ( 'NONE', ( #1157 ), #642, .F. ) ;
#840 = VECTOR ( 'NONE', #2229, 1000.000000000000000 ) ;
#841 = DIRECTION ( 'NONE',  ( -0.000000000000000000, 0.000000000000000000, 1.000000000000000000 ) ) ;
#842 = VERTEX_POINT ( 'NONE', #803 ) ;
#843 = DIRECTION ( 'NONE',  ( 0.000000000000000000, 0.000000000000000000, -1.000000000000000000 ) ) ;
#844 = CARTESIAN_POINT ( 'NONE',  ( 0.000000000000000000, 26.94438717061495581, 16.00000000000000000 ) ) ;
#845 = ADVANCED_FACE ( 'NONE', ( #1883, #2035, #813 ), #2062, .F. ) ;
#846 = CARTESIAN_POINT ( 'NONE',  ( -6.000000000000000000, 22.49438717061495652, 19.37500000000000000 ) ) ;
#847 = LINE ( 'NONE', #1356, #33 ) ;
#848 = EDGE_LOOP ( 'NONE', ( #1061, #1019 ) ) ;
#849 = CIRCLE ( 'NONE', #1716, 6.000000000000000000 ) ;
#850 = CARTESIAN_POINT ( 'NONE',  ( -6.000000000000000000, 19.99438717061496007, 16.00000000000000000 ) ) ;
#851 = CYLINDRICAL_SURFACE ( 'NONE', #1431, 4.500000000000000888 ) ;
#852 = ORIENTED_EDGE ( 'NONE', *, *, #281, .F. ) ;
#853 = CARTESIAN_POINT ( 'NONE',  ( 0.000000000000000000, 0.000000000000000000, 16.00000000000000000 ) ) ;
#854 = ORIENTED_EDGE ( 'NONE', *, *, #1570, .T. ) ;
#855 = DIRECTION ( 'NONE',  ( 1.000000000000000000, 3.552713678800500298E-14, 0.000000000000000000 ) ) ;
#856 = PLANE ( 'NONE',  #1973 ) ;
#857 = ORIENTED_EDGE ( 'NONE', *, *, #2198, .T. ) ;
#858 = LINE ( 'NONE', #1232, #183 ) ;
#859 = EDGE_CURVE ( 'NONE', #387, #542, #1385, .T. ) ;
#860 = ORIENTED_EDGE ( 'NONE', *, *, #1208, .T. ) ;
#861 = PLANE ( 'NONE',  #556 ) ;
#862 = EDGE_CURVE ( 'NONE', #1799, #542, #100, .T. ) ;
#863 = VERTEX_POINT ( 'NONE', #974 ) ;
#864 = CARTESIAN_POINT ( 'NONE',  ( 2.908536147974966671E-16, -25.94438717061495936, 40.70826214383944119 ) ) ;
#865 = VERTEX_POINT ( 'NONE', #2199 ) ;
#866 = FACE_OUTER_BOUND ( 'NONE', #527, .T. ) ;
#867 = DIRECTION ( 'NONE',  ( -2.168404344971007142E-16, -1.000000000000000000, 0.000000000000000000 ) ) ;
#868 = ORIENTED_EDGE ( 'NONE', *, *, #101, .T. ) ;
#869 = CARTESIAN_POINT ( 'NONE',  ( -23.50000000000000000, 0.000000000000000000, 8.000000000000000000 ) ) ;
#870 = FACE_OUTER_BOUND ( 'NONE', #1184, .T. ) ;
#871 = CIRCLE ( 'NONE', #2190, 3.500000000000003109 ) ;
#872 = AXIS2_PLACEMENT_3D ( 'NONE', #80, #1792, #1148 ) ;
#873 = VERTEX_POINT ( 'NONE', #1705 ) ;
#874 = AXIS2_PLACEMENT_3D ( 'NONE', #1063, #537, #1756 ) ;
#875 = DIRECTION ( 'NONE',  ( -0.000000000000000000, 0.000000000000000000, 1.000000000000000000 ) ) ;
#876 = VERTEX_POINT ( 'NONE', #1497 ) ;
#877 = CARTESIAN_POINT ( 'NONE',  ( 0.000000000000000000, -28.94438717061496291, 8.000000000000000000 ) ) ;
#878 = VERTEX_POINT ( 'NONE', #1694 ) ;
#879 = DIRECTION ( 'NONE',  ( 0.000000000000000000, -0.000000000000000000, -1.000000000000000000 ) ) ;
#880 = CARTESIAN_POINT ( 'NONE',  ( 4.000000000000000000, 28.74438717061495652, 44.00000000000000000 ) ) ;
#881 = AXIS2_PLACEMENT_3D ( 'NONE', #1549, #1223, #893 ) ;
#882 = EDGE_LOOP ( 'NONE', ( #1094, #2101, #2256, #1503 ) ) ;
#883 = DIRECTION ( 'NONE',  ( -1.000000000000000000, 0.000000000000000000, 0.000000000000000000 ) ) ;
#884 = ORIENTED_EDGE ( 'NONE', *, *, #1121, .F. ) ;
#885 = CYLINDRICAL_SURFACE ( 'NONE', #2057, 0.8750000000000007772 ) ;
#886 = ORIENTED_EDGE ( 'NONE', *, *, #1767, .F. ) ;
#887 = CYLINDRICAL_SURFACE ( 'NONE', #651, 0.8750000000000007772 ) ;
#888 = ORIENTED_EDGE ( 'NONE', *, *, #2153, .F. ) ;
#889 = CARTESIAN_POINT ( 'NONE',  ( 4.000000000000000000, 22.49438717061495296, 45.62500000000000000 ) ) ;
#890 = EDGE_CURVE ( 'NONE', #2037, #1984, #1676, .T. ) ;
#891 = CARTESIAN_POINT ( 'NONE',  ( 0.000000000000000000, 30.74438717061495296, 8.000000000000000000 ) ) ;
#892 = EDGE_LOOP ( 'NONE', ( #205, #1159, #2103, #2029 ) ) ;
#893 = DIRECTION ( 'NONE',  ( 0.000000000000000000, 0.000000000000000000, 1.000000000000000000 ) ) ;
#894 = DIRECTION ( 'NONE',  ( 0.000000000000000000, 0.000000000000000000, 1.000000000000000000 ) ) ;
#895 = ORIENTED_EDGE ( 'NONE', *, *, #1698, .T. ) ;
#896 = EDGE_CURVE ( 'NONE', #419, #1539, #1212, .T. ) ;
#897 = ORIENTED_EDGE ( 'NONE', *, *, #1650, .F. ) ;
#898 = ORIENTED_EDGE ( 'NONE', *, *, #909, .F. ) ;
#899 = EDGE_CURVE ( 'NONE', #202, #73, #1537, .T. ) ;
#900 = LINE ( 'NONE', #1372, #1827 ) ;
#901 = DIRECTION ( 'NONE',  ( -1.000000000000000000, 0.000000000000000000, 0.000000000000000000 ) ) ;
#902 = ORIENTED_EDGE ( 'NONE', *, *, #1643, .F. ) ;
#903 = CARTESIAN_POINT ( 'NONE',  ( 0.000000000000000000, -21.94438717061495936, 38.33326214383944119 ) ) ;
#904 = CARTESIAN_POINT ( 'NONE',  ( 5.698460433971614947, -28.94438717061496291, 16.00000000000000000 ) ) ;
#905 = ORIENTED_EDGE ( 'NONE', *, *, #329, .F. ) ;
#906 = FACE_OUTER_BOUND ( 'NONE', #506, .T. ) ;
#907 = AXIS2_PLACEMENT_3D ( 'NONE', #1241, #1939, #674 ) ;
#908 = AXIS2_PLACEMENT_3D ( 'NONE', #259, #2169, #239 ) ;
#909 = EDGE_CURVE ( 'NONE', #827, #873, #477, .T. ) ;
#910 = VECTOR ( 'NONE', #1988, 1000.000000000000000 ) ;
#911 = EDGE_LOOP ( 'NONE', ( #1225, #942, #156, #1106 ) ) ;
#912 = ORIENTED_EDGE ( 'NONE', *, *, #1848, .T. ) ;
#913 = VECTOR ( 'NONE', #2061, 1000.000000000000000 ) ;
#914 = DIRECTION ( 'NONE',  ( -1.000000000000000000, 0.000000000000000000, 0.000000000000000000 ) ) ;
#915 = CYLINDRICAL_SURFACE ( 'NONE', #1055, 29.50000000000000000 ) ;
#916 = EDGE_CURVE ( 'NONE', #392, #1260, #291, .T. ) ;
#917 = ORIENTED_EDGE ( 'NONE', *, *, #829, .T. ) ;
#918 = DIRECTION ( 'NONE',  ( 0.000000000000000000, -0.000000000000000000, 1.000000000000000000 ) ) ;
#919 = CARTESIAN_POINT ( 'NONE',  ( 0.000000000000000000, 28.94438717061495936, 0.000000000000000000 ) ) ;
#920 = ORIENTED_EDGE ( 'NONE', *, *, #2214, .T. ) ;
#921 = CARTESIAN_POINT ( 'NONE',  ( 5.899298555906617558, -28.90484692798576205, 6.731173555357874427 ) ) ;
#922 = UNCERTAINTY_MEASURE_WITH_UNIT (LENGTH_MEASURE( 1.000000000000000082E-05 ), #1524, 'distance_accuracy_value', 'NONE');
#923 = CIRCLE ( 'NONE', #447, 27.50000000000000000 ) ;
#924 = VERTEX_POINT ( 'NONE', #1872 ) ;
#925 = AXIS2_PLACEMENT_3D ( 'NONE', #2230, #311, #1190 ) ;
#926 = VERTEX_POINT ( 'NONE', #1526 ) ;
#927 = CARTESIAN_POINT ( 'NONE',  ( 0.000000000000000000, 0.000000000000000000, 16.00000000000000000 ) ) ;
#928 = CARTESIAN_POINT ( 'NONE',  ( 23.50000000000000000, 0.000000000000000000, 0.000000000000000000 ) ) ;
#929 = ORIENTED_EDGE ( 'NONE', *, *, #1734, .T. ) ;
#930 = FACE_OUTER_BOUND ( 'NONE', #166, .T. ) ;
#931 = DIRECTION ( 'NONE',  ( 0.000000000000000000, 1.000000000000000000, 0.000000000000000000 ) ) ;
#932 = EDGE_CURVE ( 'NONE', #393, #377, #487, .T. ) ;
#933 = ORIENTED_EDGE ( 'NONE', *, *, #499, .T. ) ;
#934 = CARTESIAN_POINT ( 'NONE',  ( -5.999999999999999112, 26.77049595920067659, 14.52399181037156239 ) ) ;
#935 = ADVANCED_FACE ( 'NONE', ( #634 ), #1362, .F. ) ;
#936 = EDGE_CURVE ( 'NONE', #406, #2086, #455, .T. ) ;
#937 = EDGE_CURVE ( 'NONE', #30, #403, #984, .T. ) ;
#938 = DIRECTION ( 'NONE',  ( -1.000000000000000000, 0.000000000000000000, 0.000000000000000000 ) ) ;
#939 = VERTEX_POINT ( 'NONE', #2095 ) ;
#940 = CARTESIAN_POINT ( 'NONE',  ( 0.000000000000000000, -28.94438717061496291, 8.000000000000000000 ) ) ;
#941 = DIRECTION ( 'NONE',  ( 1.000000000000000000, 0.000000000000000000, 0.000000000000000000 ) ) ;
#942 = ORIENTED_EDGE ( 'NONE', *, *, #932, .F. ) ;
#943 = CARTESIAN_POINT ( 'NONE',  ( -5.500000000000000000, -28.94438717061496291, 18.00000000000000355 ) ) ;
#944 = DIRECTION ( 'NONE',  ( 0.000000000000000000, 0.000000000000000000, 1.000000000000000000 ) ) ;
#945 = ORIENTED_EDGE ( 'NONE', *, *, #2024, .F. ) ;
#946 = CARTESIAN_POINT ( 'NONE',  ( -5.999999999999999112, 26.32253338110232832, 15.33188407278615628 ) ) ;
#947 = ADVANCED_FACE ( 'NONE', ( #2106 ), #733, .F. ) ;
#948 = LINE ( 'NONE', #1638, #369 ) ;
#949 = EDGE_LOOP ( 'NONE', ( #852, #933, #820, #945, #1091, #1575 ) ) ;
#950 = VECTOR ( 'NONE', #625, 1000.000000000000000 ) ;
#951 = VECTOR ( 'NONE', #312, 1000.000000000000000 ) ;
#952 = PLANE ( 'NONE',  #2162 ) ;
#953 = CARTESIAN_POINT ( 'NONE',  ( 4.000000000000000000, 0.000000000000000000, 44.00000000000000000 ) ) ;
#954 = VECTOR ( 'NONE', #279, 1000.000000000000000 ) ;
#955 = VERTEX_POINT ( 'NONE', #1740 ) ;
#956 = DIRECTION ( 'NONE',  ( 0.000000000000000000, -1.000000000000000000, 0.000000000000000000 ) ) ;
#957 = CARTESIAN_POINT ( 'NONE',  ( 0.000000000000000000, 28.94438717061495936, 16.00000000000000000 ) ) ;
#958 = ORIENTED_EDGE ( 'NONE', *, *, #2060, .F. ) ;
#959 = LINE ( 'NONE', #2175, #1902 ) ;
#960 = AXIS2_PLACEMENT_3D ( 'NONE', #1932, #1051, #2109 ) ;
#961 = FACE_OUTER_BOUND ( 'NONE', #2251, .T. ) ;
#962 = VECTOR ( 'NONE', #818, 1000.000000000000000 ) ;
#963 = MECHANICAL_DESIGN_GEOMETRIC_PRESENTATION_REPRESENTATION (  '', ( #1612 ), #227 ) ;
#964 = FACE_OUTER_BOUND ( 'NONE', #274, .T. ) ;
#965 = CARTESIAN_POINT ( 'NONE',  ( -23.50000000000000000, -14.28285685708570085, 16.00000000000000000 ) ) ;
#966 = ORIENTED_EDGE ( 'NONE', *, *, #833, .F. ) ;
#967 = ADVANCED_FACE ( 'NONE', ( #1198 ), #2083, .F. ) ;
#968 = CARTESIAN_POINT ( 'NONE',  ( 0.000000000000000000, -26.94438717061495936, 38.33326214383944119 ) ) ;
#969 = CARTESIAN_POINT ( 'NONE',  ( 4.000000000000000000, 0.000000000000000000, 48.99999999999999289 ) ) ;
#970 = CARTESIAN_POINT ( 'NONE',  ( -5.999999999999999112, 25.05008861955437993, 15.98744162607781583 ) ) ;
#971 = ORIENTED_EDGE ( 'NONE', *, *, #1788, .T. ) ;
#972 = FACE_OUTER_BOUND ( 'NONE', #600, .T. ) ;
#973 = CARTESIAN_POINT ( 'NONE',  ( 3.500000000000000000, -28.94438717061496291, 43.00000000000001421 ) ) ;
#974 = CARTESIAN_POINT ( 'NONE',  ( 4.000000000000000000, 24.94438717061495936, 16.00000000000000000 ) ) ;
#975 = DIRECTION ( 'NONE',  ( -1.000000000000000000, 0.000000000000000000, 0.000000000000000000 ) ) ;
#976 = ORIENTED_EDGE ( 'NONE', *, *, #519, .F. ) ;
#977 = CARTESIAN_POINT ( 'NONE',  ( 0.000000000000000000, -28.94438717061496291, 39.50000000000001421 ) ) ;
#978 = ORIENTED_EDGE ( 'NONE', *, *, #181, .T. ) ;
#979 = ADVANCED_FACE ( 'NONE', ( #10 ), #1427, .F. ) ;
#980 = DIRECTION ( 'NONE',  ( 0.000000000000000000, 0.000000000000000000, -1.000000000000000000 ) ) ;
#981 = AXIS2_PLACEMENT_3D ( 'NONE', #877, #1801, #1553 ) ;
#982 = CIRCLE ( 'NONE', #2039, 6.000000000000000000 ) ;
#983 = CIRCLE ( 'NONE', #214, 29.50000000000000000 ) ;
#984 = LINE ( 'NONE', #1686, #1424 ) ;
#985 = EDGE_CURVE ( 'NONE', #837, #1192, #1584, .T. ) ;
#986 = LINE ( 'NONE', #1861, #1784 ) ;
#987 = AXIS2_PLACEMENT_3D ( 'NONE', #335, #1037, #1726 ) ;
#988 = ORIENTED_EDGE ( 'NONE', *, *, #859, .T. ) ;
#989 = PLANE ( 'NONE',  #2091 ) ;
#990 = DIRECTION ( 'NONE',  ( 1.000000000000000000, 0.000000000000000000, 0.000000000000000000 ) ) ;
#991 = EDGE_CURVE ( 'NONE', #2005, #1455, #505, .T. ) ;
#992 = TOROIDAL_SURFACE ( 'NONE', #1609, 25.50000000000000355, 2.000000000000000000 ) ;
#993 = LINE ( 'NONE', #1664, #1897 ) ;
#994 = AXIS2_PLACEMENT_3D ( 'NONE', #468, #2098, #722 ) ;
#995 = DIRECTION ( 'NONE',  ( -0.000000000000000000, -1.000000000000000000, -0.000000000000000000 ) ) ;
#996 = CARTESIAN_POINT ( 'NONE',  ( -3.500000000000000000, -28.94438717061496291, 43.00000000000001421 ) ) ;
#997 = ORIENTED_EDGE ( 'NONE', *, *, #991, .F. ) ;
#998 = DIRECTION ( 'NONE',  ( 0.000000000000000000, 0.000000000000000000, 1.000000000000000000 ) ) ;
#999 = ADVANCED_FACE ( 'NONE', ( #1399 ), #153, .T. ) ;
#1000 = DIRECTION ( 'NONE',  ( 0.000000000000000000, -1.508455196501571676E-16, 1.000000000000000000 ) ) ;
#1001 = EDGE_CURVE ( 'NONE', #865, #1079, #361, .T. ) ;
#1002 = EDGE_CURVE ( 'NONE', #1008, #1076, #1673, .T. ) ;
#1003 = ORIENTED_EDGE ( 'NONE', *, *, #1073, .F. ) ;
#1004 = DIRECTION ( 'NONE',  ( -0.000000000000000000, 0.000000000000000000, 1.000000000000000000 ) ) ;
#1005 = CARTESIAN_POINT ( 'NONE',  ( 5.974455914736237716, 28.88872641243106543, 8.637660402604756982 ) ) ;
#1006 = CARTESIAN_POINT ( 'NONE',  ( 4.000000000000000000, 22.49438717061495652, 17.62500000000000355 ) ) ;
#1007 = EDGE_CURVE ( 'NONE', #1775, #1799, #1707, .T. ) ;
#1008 = VERTEX_POINT ( 'NONE', #889 ) ;
#1009 = DIRECTION ( 'NONE',  ( 0.000000000000000000, 1.000000000000000000, 0.000000000000000000 ) ) ;
#1010 = DIRECTION ( 'NONE',  ( 0.000000000000000000, 1.000000000000000000, 0.000000000000000000 ) ) ;
#1011 = ADVANCED_FACE ( 'NONE', ( #22, #684 ), #719, .T. ) ;
#1012 = VERTEX_POINT ( 'NONE', #1077 ) ;
#1013 = CARTESIAN_POINT ( 'NONE',  ( 23.50000000000000000, 14.28285685708570085, 16.00000000000000000 ) ) ;
#1014 = DIRECTION ( 'NONE',  ( -0.000000000000000000, 0.000000000000000000, -1.000000000000000000 ) ) ;
#1015 = CIRCLE ( 'NONE', #1853, 2.375000000000002220 ) ;
#1016 = CARTESIAN_POINT ( 'NONE',  ( 5.698460433971614947, 28.94438717061495936, 16.00000000000000000 ) ) ;
#1017 = LINE ( 'NONE', #11, #1310 ) ;
#1018 = VECTOR ( 'NONE', #498, 1000.000000000000000 ) ;
#1019 = ORIENTED_EDGE ( 'NONE', *, *, #29, .F. ) ;
#1020 = FACE_BOUND ( 'NONE', #848, .T. ) ;
#1021 = VECTOR ( 'NONE', #203, 1000.000000000000000 ) ;
#1022 = DIRECTION ( 'NONE',  ( 1.000000000000000000, 0.000000000000000000, 0.000000000000000000 ) ) ;
#1023 = CARTESIAN_POINT ( 'NONE',  ( -5.499999999999993783, 1.192622389734052511E-15, 16.00000000000000000 ) ) ;
#1024 = EDGE_LOOP ( 'NONE', ( #1946, #659, #1098, #563, #1, #184 ) ) ;
#1025 = DIRECTION ( 'NONE',  ( 1.000000000000000000, 0.000000000000000000, 0.000000000000000000 ) ) ;
#1026 = EDGE_CURVE ( 'NONE', #926, #1059, #1766, .T. ) ;
#1027 = CARTESIAN_POINT ( 'NONE',  ( 5.698460433971614947, -28.94438717061496291, 9.878176957174174433 ) ) ;
#1028 = CARTESIAN_POINT ( 'NONE',  ( -6.000000000000000000, 22.49438717061495652, 18.50000000000000355 ) ) ;
#1029 = EDGE_CURVE ( 'NONE', #2127, #367, #900, .T. ) ;
#1030 = ORIENTED_EDGE ( 'NONE', *, *, #1855, .T. ) ;
#1031 = VECTOR ( 'NONE', #426, 1000.000000000000000 ) ;
#1032 = CARTESIAN_POINT ( 'NONE',  ( -27.50000000000000000, 0.000000000000000000, 0.000000000000000000 ) ) ;
#1033 = LINE ( 'NONE', #2244, #962 ) ;
#1034 = EDGE_LOOP ( 'NONE', ( #2157, #1950 ) ) ;
#1035 = CARTESIAN_POINT ( 'NONE',  ( -6.000000000000000000, 28.88338622807235723, 8.000000000000000000 ) ) ;
#1036 = ORIENTED_EDGE ( 'NONE', *, *, #862, .F. ) ;
#1037 = DIRECTION ( 'NONE',  ( 1.000000000000000000, -0.000000000000000000, -0.000000000000000000 ) ) ;
#1038 = DIRECTION ( 'NONE',  ( 0.000000000000000000, 0.000000000000000000, -1.000000000000000000 ) ) ;
#1039 = EDGE_CURVE ( 'NONE', #160, #1862, #1345, .T. ) ;
#1040 = ORIENTED_EDGE ( 'NONE', *, *, #640, .T. ) ;
#1041 = CARTESIAN_POINT ( 'NONE',  ( 3.499999999999999556, -26.94438717061495936, 39.50000000000001421 ) ) ;
#1042 = DIRECTION ( 'NONE',  ( -0.000000000000000000, -0.000000000000000000, -1.000000000000000000 ) ) ;
#1043 = VERTEX_POINT ( 'NONE', #1027 ) ;
#1044 = ORIENTED_EDGE ( 'NONE', *, *, #538, .F. ) ;
#1045 = ADVANCED_FACE ( 'NONE', ( #1546 ), #1906, .F. ) ;
#1046 = CARTESIAN_POINT ( 'NONE',  ( -6.000000000000000000, 19.99438717061496007, 44.00000000000000000 ) ) ;
#1047 = EDGE_LOOP ( 'NONE', ( #1444, #1207, #416, #1743 ) ) ;
#1048 = DIRECTION ( 'NONE',  ( 1.000000000000000000, 0.000000000000000000, 0.000000000000000000 ) ) ;
#1049 = DIRECTION ( 'NONE',  ( 0.000000000000000000, 1.000000000000000000, 0.000000000000000000 ) ) ;
#1050 = ORIENTED_EDGE ( 'NONE', *, *, #118, .F. ) ;
#1051 = DIRECTION ( 'NONE',  ( 0.000000000000000000, 1.000000000000000000, 0.000000000000000000 ) ) ;
#1052 = CARTESIAN_POINT ( 'NONE',  ( -6.000000000000000000, 26.83747380063928389, 14.00000000000000000 ) ) ;
#1053 = VECTOR ( 'NONE', #1042, 1000.000000000000000 ) ;
#1054 = ORIENTED_EDGE ( 'NONE', *, *, #764, .T. ) ;
#1055 = AXIS2_PLACEMENT_3D ( 'NONE', #204, #1256, #901 ) ;
#1056 = CARTESIAN_POINT ( 'NONE',  ( 0.000000000000000000, 30.74438717061495296, 8.000000000000000000 ) ) ;
#1057 = AXIS2_PLACEMENT_3D ( 'NONE', #561, #800, #131 ) ;
#1058 = ADVANCED_FACE ( 'NONE', ( #866 ), #1556, .F. ) ;
#1059 = VERTEX_POINT ( 'NONE', #1619 ) ;
#1060 = FACE_OUTER_BOUND ( 'NONE', #1412, .T. ) ;
#1061 = ORIENTED_EDGE ( 'NONE', *, *, #2168, .F. ) ;
#1062 = DIRECTION ( 'NONE',  ( 0.000000000000000000, 0.000000000000000000, -1.000000000000000000 ) ) ;
#1063 = CARTESIAN_POINT ( 'NONE',  ( -4.336808689942017736E-16, -26.94438717061495936, 39.50000000000001421 ) ) ;
#1064 = CIRCLE ( 'NONE', #925, 2.000000000000000000 ) ;
#1065 = ORIENTED_EDGE ( 'NONE', *, *, #831, .T. ) ;
#1066 = LINE ( 'NONE', #2136, #412 ) ;
#1067 = CIRCLE ( 'NONE', #1145, 5.424999999999999822 ) ;
#1068 = ADVANCED_FACE ( 'NONE', ( #2143 ), #745, .T. ) ;
#1069 = DIRECTION ( 'NONE',  ( 0.000000000000000000, -1.000000000000000000, 0.000000000000000000 ) ) ;
#1070 = CIRCLE ( 'NONE', #1652, 0.8750000000000007772 ) ;
#1071 = ORIENTED_EDGE ( 'NONE', *, *, #2263, .T. ) ;
#1072 = CARTESIAN_POINT ( 'NONE',  ( -6.000000000000000000, 22.49438717061495652, 18.50000000000000355 ) ) ;
#1073 = EDGE_CURVE ( 'NONE', #1990, #1927, #1994, .T. ) ;
#1074 = ORIENTED_EDGE ( 'NONE', *, *, #339, .T. ) ;
#1075 = PLANE ( 'NONE',  #1739 ) ;
#1076 = VERTEX_POINT ( 'NONE', #79 ) ;
#1077 = CARTESIAN_POINT ( 'NONE',  ( 27.50000000000000000, 10.67707825203130412, 0.000000000000000000 ) ) ;
#1078 = CARTESIAN_POINT ( 'NONE',  ( 0.000000000000000000, 30.74438717061495296, 8.000000000000000000 ) ) ;
#1079 = VERTEX_POINT ( 'NONE', #572 ) ;
#1080 = FACE_OUTER_BOUND ( 'NONE', #1083, .T. ) ;
#1081 = ADVANCED_FACE ( 'NONE', ( #964 ), #1255, .T. ) ;
#1082 = LINE ( 'NONE', #919, #2156 ) ;
#1083 = EDGE_LOOP ( 'NONE', ( #8, #623, #226, #2093, #920, #1410 ) ) ;
#1084 = CARTESIAN_POINT ( 'NONE',  ( 5.999788319527212366, -28.88343020085154933, 7.356543428096564696 ) ) ;
#1085 = UNCERTAINTY_MEASURE_WITH_UNIT (LENGTH_MEASURE( 1.000000000000000082E-05 ), #2112, 'distance_accuracy_value', 'NONE');
#1086 = ORIENTED_EDGE ( 'NONE', *, *, #1825, .T. ) ;
#1087 = EDGE_CURVE ( 'NONE', #689, #721, #1089, .T. ) ;
#1088 = ORIENTED_EDGE ( 'NONE', *, *, #1001, .F. ) ;
#1089 = LINE ( 'NONE', #396, #692 ) ;
#1090 = DIRECTION ( 'NONE',  ( -0.000000000000000000, -0.000000000000000000, -1.000000000000000000 ) ) ;
#1091 = ORIENTED_EDGE ( 'NONE', *, *, #2209, .T. ) ;
#1092 = DIRECTION ( 'NONE',  ( -0.000000000000000000, -1.000000000000000000, -0.000000000000000000 ) ) ;
#1093 = CARTESIAN_POINT ( 'NONE',  ( 7.347880794884119736E-16, -28.94438717061496291, 2.000000000000000000 ) ) ;
#1094 = ORIENTED_EDGE ( 'NONE', *, *, #1668, .F. ) ;
#1095 = DIRECTION ( 'NONE',  ( 1.000000000000000000, 0.000000000000000000, 0.000000000000000000 ) ) ;
#1096 = VECTOR ( 'NONE', #769, 1000.000000000000000 ) ;
#1097 = VECTOR ( 'NONE', #2211, 1000.000000000000000 ) ;
#1098 = ORIENTED_EDGE ( 'NONE', *, *, #1163, .T. ) ;
#1099 = ORIENTED_EDGE ( 'NONE', *, *, #538, .T. ) ;
#1100 = VECTOR ( 'NONE', #1126, 1000.000000000000000 ) ;
#1101 = ADVANCED_FACE ( 'NONE', ( #755 ), #1439, .F. ) ;
#1102 = CARTESIAN_POINT ( 'NONE',  ( 5.000000000000000000, 28.94438717061495936, 12.89897948556635576 ) ) ;
#1103 = EDGE_CURVE ( 'NONE', #2005, #558, #1966, .T. ) ;
#1104 = FACE_BOUND ( 'NONE', #1336, .T. ) ;
#1105 = EDGE_CURVE ( 'NONE', #377, #383, #2043, .T. ) ;
#1106 = ORIENTED_EDGE ( 'NONE', *, *, #120, .F. ) ;
#1107 = DIRECTION ( 'NONE',  ( 0.000000000000000000, 0.000000000000000000, -1.000000000000000000 ) ) ;
#1108 = CARTESIAN_POINT ( 'NONE',  ( 1.071565949253934025E-16, -28.94438717061496291, 37.45826214383944119 ) ) ;
#1109 = EDGE_CURVE ( 'NONE', #1990, #1403, #584, .T. ) ;
#1110 = B_SPLINE_CURVE_WITH_KNOTS ( 'NONE', 3,
 ( #1450, #2155, #1156, #1675, #461, #2238, #1341, #1703 ),
 .UNSPECIFIED., .F., .F.,
 ( 4, 2, 2, 4 ),
 ( 2.721747412077986310E-16, 0.001901213523686894101, 0.002851820285530202483, 0.003802427047373511081 ),
 .UNSPECIFIED. ) ;
#1111 = AXIS2_PLACEMENT_3D ( 'NONE', #235, #1132, #938 ) ;
#1112 = CARTESIAN_POINT ( 'NONE',  ( 4.285714285714287364, 30.74438717061495296, 12.19912527334258989 ) ) ;
#1113 = CIRCLE ( 'NONE', #1468, 0.8750000000000007772 ) ;
#1114 = VERTEX_POINT ( 'NONE', #1301 ) ;
#1115 = AXIS2_PLACEMENT_3D ( 'NONE', #869, #1258, #26 ) ;
#1116 = ORIENTED_EDGE ( 'NONE', *, *, #652, .F. ) ;
#1117 = CYLINDRICAL_SURFACE ( 'NONE', #320, 6.000000000000000000 ) ;
#1118 = CYLINDRICAL_SURFACE ( 'NONE', #32, 5.424999999999999822 ) ;
#1119 = ORIENTED_EDGE ( 'NONE', *, *, #1314, .T. ) ;
#1120 = CARTESIAN_POINT ( 'NONE',  ( -6.000000000000000000, 19.99438717061496007, 44.00000000000000000 ) ) ;
#1121 = EDGE_CURVE ( 'NONE', #89, #554, #106, .T. ) ;
#1122 = ORIENTED_EDGE ( 'NONE', *, *, #1731, .T. ) ;
#1123 = DIRECTION ( 'NONE',  ( 0.000000000000000000, 1.000000000000000000, 0.000000000000000000 ) ) ;
#1124 = CARTESIAN_POINT ( 'NONE',  ( 27.50000000000000000, 0.000000000000000000, 2.575000000000000178 ) ) ;
#1125 = ORIENTED_EDGE ( 'NONE', *, *, #329, .T. ) ;
#1126 = DIRECTION ( 'NONE',  ( 0.000000000000000000, -1.000000000000000000, 0.000000000000000000 ) ) ;
#1127 = DIRECTION ( 'NONE',  ( 0.000000000000000000, 0.000000000000000000, 1.000000000000000000 ) ) ;
#1128 = ORIENTED_EDGE ( 'NONE', *, *, #1641, .F. ) ;
#1129 = DIRECTION ( 'NONE',  ( 1.000000000000000000, -0.000000000000000000, 0.000000000000000000 ) ) ;
#1130 = DIRECTION ( 'NONE',  ( 0.000000000000000000, 1.000000000000000000, 0.000000000000000000 ) ) ;
#1131 = CARTESIAN_POINT ( 'NONE',  ( -6.000000000000000000, 26.83747380063928389, 14.00000000000000000 ) ) ;
#1132 = DIRECTION ( 'NONE',  ( -0.000000000000000000, -0.000000000000000000, -1.000000000000000000 ) ) ;
#1133 = VECTOR ( 'NONE', #1025, 1000.000000000000000 ) ;
#1134 = AXIS2_PLACEMENT_3D ( 'NONE', #402, #2018, #1842 ) ;
#1135 = ADVANCED_FACE ( 'NONE', ( #791 ), #1117, .T. ) ;
#1136 = AXIS2_PLACEMENT_3D ( 'NONE', #398, #1474, #941 ) ;
#1137 = CARTESIAN_POINT ( 'NONE',  ( 23.50000000000000355, 6.643708885374393817E-16, 13.42499999999999893 ) ) ;
#1138 = LINE ( 'NONE', #573, #249 ) ;
#1139 = ORIENTED_EDGE ( 'NONE', *, *, #1389, .F. ) ;
#1140 = DIRECTION ( 'NONE',  ( 0.000000000000000000, 0.000000000000000000, 1.000000000000000000 ) ) ;
#1141 = DIRECTION ( 'NONE',  ( 0.000000000000000000, 0.000000000000000000, -1.000000000000000000 ) ) ;
#1142 = ORIENTED_EDGE ( 'NONE', *, *, #768, .T. ) ;
#1143 = CARTESIAN_POINT ( 'NONE',  ( 5.698460433971614947, -28.94438717061496291, 16.00000000000000000 ) ) ;
#1144 = CARTESIAN_POINT ( 'NONE',  ( 0.000000000000000000, -28.94438717061496291, 8.000000000000000000 ) ) ;
#1145 = AXIS2_PLACEMENT_3D ( 'NONE', #2089, #1866, #148 ) ;
#1146 = VECTOR ( 'NONE', #2203, 1000.000000000000000 ) ;
#1147 = CYLINDRICAL_SURFACE ( 'NONE', #2076, 0.8749999999999973355 ) ;
#1148 = DIRECTION ( 'NONE',  ( 1.000000000000000000, 0.000000000000000000, 0.000000000000000000 ) ) ;
#1149 = DIRECTION ( 'NONE',  ( -1.000000000000000000, 0.000000000000000000, -0.000000000000000000 ) ) ;
#1150 = CARTESIAN_POINT ( 'NONE',  ( -5.500000000000013323, 26.94438717061495936, 14.13240391500699289 ) ) ;
#1151 = VERTEX_POINT ( 'NONE', #1137 ) ;
#1152 = ADVANCED_FACE ( 'NONE', ( #596 ), #1791, .F. ) ;
#1153 = CARTESIAN_POINT ( 'NONE',  ( -5.999999999999998224, 25.80821511704755267, 15.75319744319713955 ) ) ;
#1154 = EDGE_LOOP ( 'NONE', ( #793, #211, #1441, #516, #494 ) ) ;
#1155 = CARTESIAN_POINT ( 'NONE',  ( 0.000000000000000000, -26.94438717061495936, 8.000000000000000000 ) ) ;
#1156 = CARTESIAN_POINT ( 'NONE',  ( -5.999788319527210589, -28.88343020085154222, 8.643456571903435304 ) ) ;
#1157 = FACE_OUTER_BOUND ( 'NONE', #1154, .T. ) ;
#1158 = CARTESIAN_POINT ( 'NONE',  ( 0.000000000000000000, -28.94438717061496291, 12.50000000000000000 ) ) ;
#1159 = ORIENTED_EDGE ( 'NONE', *, *, #1641, .T. ) ;
#1160 = FACE_BOUND ( 'NONE', #1649, .T. ) ;
#1161 = CARTESIAN_POINT ( 'NONE',  ( 0.000000000000000000, -28.94438717061496291, 39.20826214383944119 ) ) ;
#1162 = CIRCLE ( 'NONE', #2116, 5.424999999999998934 ) ;
#1163 = EDGE_CURVE ( 'NONE', #1591, #500, #2124, .T. ) ;
#1164 = CARTESIAN_POINT ( 'NONE',  ( -5.974300053131316623, 28.88875864415030037, 7.361043136952196697 ) ) ;
#1165 = VECTOR ( 'NONE', #1382, 1000.000000000000000 ) ;
#1166 = CARTESIAN_POINT ( 'NONE',  ( 0.000000000000000000, -30.74438717061495296, 8.000000000000000000 ) ) ;
#1167 = PRODUCT_DEFINITION_FORMATION_WITH_SPECIFIED_SOURCE ( 'ANY', '', #2, .NOT_KNOWN. ) ;
#1168 = VECTOR ( 'NONE', #325, 1000.000000000000000 ) ;
#1169 = DIRECTION ( 'NONE',  ( -0.000000000000000000, -0.000000000000000000, -1.000000000000000000 ) ) ;
#1170 = FACE_OUTER_BOUND ( 'NONE', #774, .T. ) ;
#1171 = AXIS2_PLACEMENT_3D ( 'NONE', #709, #697, #855 ) ;
#1172 = ADVANCED_FACE ( 'NONE', ( #258 ), #1980, .F. ) ;
#1173 = ADVANCED_FACE ( 'NONE', ( #767 ), #952, .F. ) ;
#1174 = ORIENTED_EDGE ( 'NONE', *, *, #825, .T. ) ;
#1175 = CARTESIAN_POINT ( 'NONE',  ( -23.50000000000000000, 0.000000000000000000, 2.575000000000000178 ) ) ;
#1176 = EDGE_CURVE ( 'NONE', #721, #926, #470, .T. ) ;
#1177 = PLANE ( 'NONE',  #1835 ) ;
#1178 = ORIENTED_EDGE ( 'NONE', *, *, #2047, .T. ) ;
#1179 = CARTESIAN_POINT ( 'NONE',  ( 4.000000000000000000, 0.000000000000000000, 16.00000000000000000 ) ) ;
#1180 = DIRECTION ( 'NONE',  ( 0.000000000000000000, -0.000000000000000000, 1.000000000000000000 ) ) ;
#1181 = CARTESIAN_POINT ( 'NONE',  ( 5.873840692006952580, 28.90935199436926695, 9.264408870223613590 ) ) ;
#1182 = VECTOR ( 'NONE', #587, 1000.000000000000000 ) ;
#1183 = DIRECTION ( 'NONE',  ( 1.000000000000000000, 0.000000000000000000, 0.000000000000000000 ) ) ;
#1184 = EDGE_LOOP ( 'NONE', ( #413, #2115, #97, #2034 ) ) ;
#1185 = CARTESIAN_POINT ( 'NONE',  ( -5.698460433971614947, -28.94438717061496291, 16.00000000000000000 ) ) ;
#1186 = EDGE_CURVE ( 'NONE', #939, #82, #1494, .T. ) ;
#1187 = CARTESIAN_POINT ( 'NONE',  ( 4.000000000000000000, 26.94438717061495581, 16.00000000000000000 ) ) ;
#1188 = ORIENTED_EDGE ( 'NONE', *, *, #2204, .F. ) ;
#1189 = CARTESIAN_POINT ( 'NONE',  ( -5.873686333665546933, 28.90938335521052949, 6.734956185979593002 ) ) ;
#1190 = DIRECTION ( 'NONE',  ( 0.000000000000000000, 0.000000000000000000, -1.000000000000000000 ) ) ;
#1191 = LINE ( 'NONE', #1884, #951 ) ;
#1192 = VERTEX_POINT ( 'NONE', #122 ) ;
#1193 = CARTESIAN_POINT ( 'NONE',  ( 0.000000000000000000, 0.000000000000000000, 0.000000000000000000 ) ) ;
#1194 = DIRECTION ( 'NONE',  ( 1.000000000000000000, 0.000000000000000000, 0.000000000000000000 ) ) ;
#1195 = ORIENTED_EDGE ( 'NONE', *, *, #2054, .F. ) ;
#1196 = DIRECTION ( 'NONE',  ( 1.000000000000000000, -0.000000000000000000, -0.000000000000000000 ) ) ;
#1197 = CIRCLE ( 'NONE', #502, 0.8750000000000007772 ) ;
#1198 = FACE_OUTER_BOUND ( 'NONE', #1880, .T. ) ;
#1199 = CARTESIAN_POINT ( 'NONE',  ( -0.000000000000000000, 26.94438717061495581, 0.000000000000000000 ) ) ;
#1200 = VECTOR ( 'NONE', #1896, 1000.000000000000000 ) ;
#1201 = ORIENTED_EDGE ( 'NONE', *, *, #1400, .F. ) ;
#1202 = CARTESIAN_POINT ( 'NONE',  ( -6.000000000000000000, 22.49438717061495296, 47.37500000000000000 ) ) ;
#1203 = VECTOR ( 'NONE', #1683, 1000.000000000000000 ) ;
#1204 = CARTESIAN_POINT ( 'NONE',  ( 0.000000000000000000, -26.94438717061495936, 8.000000000000000000 ) ) ;
#1205 = EDGE_LOOP ( 'NONE', ( #1616, #1935, #735, #313, #1099, #1499, #123, #18 ) ) ;
#1206 = DIRECTION ( 'NONE',  ( -0.000000000000000000, 1.000000000000000000, -0.000000000000000000 ) ) ;
#1207 = ORIENTED_EDGE ( 'NONE', *, *, #1475, .F. ) ;
#1208 = EDGE_CURVE ( 'NONE', #42, #2068, #828, .T. ) ;
#1209 = DIRECTION ( 'NONE',  ( 0.000000000000000000, 0.000000000000000000, 1.000000000000000000 ) ) ;
#1210 = LINE ( 'NONE', #376, #1237 ) ;
#1211 = EDGE_LOOP ( 'NONE', ( #860, #1065, #743, #1466, #2236, #1700, #535, #1819, #246, #1708, #2165 ) ) ;
#1212 = CIRCLE ( 'NONE', #146, 29.50000000000000000 ) ;
#1213 = CARTESIAN_POINT ( 'NONE',  ( 0.000000000000000000, -28.94438717061496291, 0.000000000000000000 ) ) ;
#1214 = EDGE_CURVE ( 'NONE', #363, #1448, #140, .T. ) ;
#1215 = ORIENTED_EDGE ( 'NONE', *, *, #654, .F. ) ;
#1216 = PLANE ( 'NONE',  #742 ) ;
#1217 = EDGE_LOOP ( 'NONE', ( #2177, #895 ) ) ;
#1218 = DIRECTION ( 'NONE',  ( 0.000000000000000000, 0.000000000000000000, -1.000000000000000000 ) ) ;
#1219 = ORIENTED_EDGE ( 'NONE', *, *, #1475, .T. ) ;
#1220 = CARTESIAN_POINT ( 'NONE',  ( 0.000000000000000000, 0.000000000000000000, 16.00000000000000000 ) ) ;
#1221 = CARTESIAN_POINT ( 'NONE',  ( 0.000000000000000000, -25.94438717061495936, 35.95826214383944119 ) ) ;
#1222 = VERTEX_POINT ( 'NONE', #1522 ) ;
#1223 = DIRECTION ( 'NONE',  ( -0.000000000000000000, 1.000000000000000000, -0.000000000000000000 ) ) ;
#1224 = DIRECTION ( 'NONE',  ( 0.000000000000000000, -0.007624896156083136797, -0.9999709300567737325 ) ) ;
#1225 = ORIENTED_EDGE ( 'NONE', *, *, #1105, .F. ) ;
#1226 = EDGE_LOOP ( 'NONE', ( #1044, #58, #1122, #694 ) ) ;
#1227 = DIRECTION ( 'NONE',  ( 0.000000000000000000, 0.000000000000000000, 1.000000000000000000 ) ) ;
#1228 = ORIENTED_EDGE ( 'NONE', *, *, #991, .T. ) ;
#1229 = CARTESIAN_POINT ( 'NONE',  ( -6.000000000000000000, 22.49438717061495652, 19.37500000000000000 ) ) ;
#1230 = DIRECTION ( 'NONE',  ( 0.000000000000000000, 0.000000000000000000, -1.000000000000000000 ) ) ;
#1231 = ORIENTED_EDGE ( 'NONE', *, *, #1176, .T. ) ;
#1232 = CARTESIAN_POINT ( 'NONE',  ( 3.499999999999999556, -26.94438717061495936, 43.00000000000001421 ) ) ;
#1233 = DIRECTION ( 'NONE',  ( 1.000000000000000000, 0.000000000000000000, 0.000000000000000000 ) ) ;
#1234 = ADVANCED_FACE ( 'NONE', ( #972 ), #2044, .T. ) ;
#1235 = EDGE_CURVE ( 'NONE', #423, #2059, #300, .T. ) ;
#1236 = ORIENTED_EDGE ( 'NONE', *, *, #890, .T. ) ;
#1237 = VECTOR ( 'NONE', #562, 1000.000000000000000 ) ;
#1238 = DIRECTION ( 'NONE',  ( 0.000000000000000000, 0.000000000000000000, -1.000000000000000000 ) ) ;
#1239 = EDGE_CURVE ( 'NONE', #1192, #1781, #2085, .T. ) ;
#1240 = ORIENTED_EDGE ( 'NONE', *, *, #1959, .T. ) ;
#1241 = CARTESIAN_POINT ( 'NONE',  ( 0.000000000000000000, -30.74438717061495296, 8.000000000000000000 ) ) ;
#1242 = ORIENTED_EDGE ( 'NONE', *, *, #557, .F. ) ;
#1243 = EDGE_CURVE ( 'NONE', #558, #1270, #993, .T. ) ;
#1244 = CARTESIAN_POINT ( 'NONE',  ( 0.000000000000000000, -30.74438717061495296, 8.000000000000000000 ) ) ;
#1245 = CARTESIAN_POINT ( 'NONE',  ( -6.000000000000000000, 30.74438717061495296, 48.99999999999999289 ) ) ;
#1246 = ORIENTED_EDGE ( 'NONE', *, *, #2149, .F. ) ;
#1247 = LINE ( 'NONE', #1213, #86 ) ;
#1248 = CARTESIAN_POINT ( 'NONE',  ( -6.276313490328455434E-15, -1.360958544282836975E-30, 39.50000000000001421 ) ) ;
#1249 = CIRCLE ( 'NONE', #2022, 3.500000000000003109 ) ;
#1250 = ORIENTED_EDGE ( 'NONE', *, *, #318, .F. ) ;
#1251 = DIRECTION ( 'NONE',  ( -0.000000000000000000, -1.000000000000000000, -0.000000000000000000 ) ) ;
#1252 = EDGE_CURVE ( 'NONE', #1280, #876, #1692, .T. ) ;
#1253 = VERTEX_POINT ( 'NONE', #632 ) ;
#1254 = VERTEX_POINT ( 'NONE', #1323 ) ;
#1255 = CYLINDRICAL_SURFACE ( 'NONE', #657, 29.50000000000000000 ) ;
#1256 = DIRECTION ( 'NONE',  ( -0.000000000000000000, -0.000000000000000000, -1.000000000000000000 ) ) ;
#1257 = VERTEX_POINT ( 'NONE', #99 ) ;
#1258 = DIRECTION ( 'NONE',  ( -1.000000000000000000, 0.000000000000000000, 0.000000000000000000 ) ) ;
#1259 = DIRECTION ( 'NONE',  ( 0.000000000000000000, 0.000000000000000000, 1.000000000000000000 ) ) ;
#1260 = VERTEX_POINT ( 'NONE', #809 ) ;
#1261 = DIRECTION ( 'NONE',  ( 1.000000000000000000, 0.000000000000000000, 0.000000000000000000 ) ) ;
#1262 = ORIENTED_EDGE ( 'NONE', *, *, #1073, .T. ) ;
#1263 = EDGE_LOOP ( 'NONE', ( #420, #2088, #522, #1915 ) ) ;
#1264 = EDGE_CURVE ( 'NONE', #863, #1602, #1505, .T. ) ;
#1265 = CARTESIAN_POINT ( 'NONE',  ( 0.000000000000000000, 0.000000000000000000, 16.00000000000000000 ) ) ;
#1266 = DIRECTION ( 'NONE',  ( 2.168404344971007142E-16, -1.000000000000000000, 0.000000000000000000 ) ) ;
#1267 = VERTEX_POINT ( 'NONE', #2025 ) ;
#1268 = CARTESIAN_POINT ( 'NONE',  ( 0.000000000000000000, 0.000000000000000000, 14.00000000000000000 ) ) ;
#1269 = CARTESIAN_POINT ( 'NONE',  ( -6.000000000000000000, 28.94438717061495936, 16.00000000000000000 ) ) ;
#1270 = VERTEX_POINT ( 'NONE', #452 ) ;
#1271 = DIRECTION ( 'NONE',  ( 1.000000000000000000, 0.000000000000000000, 0.000000000000000000 ) ) ;
#1272 = AXIS2_PLACEMENT_3D ( 'NONE', #508, #534, #1227 ) ;
#1273 = CIRCLE ( 'NONE', #1492, 1.000000000000000888 ) ;
#1274 = ORIENTED_EDGE ( 'NONE', *, *, #121, .F. ) ;
#1275 = ORIENTED_EDGE ( 'NONE', *, *, #1571, .T. ) ;
#1276 = AXIS2_PLACEMENT_3D ( 'NONE', #431, #2178, #238 ) ;
#1277 = DIRECTION ( 'NONE',  ( 0.000000000000000000, 0.000000000000000000, -1.000000000000000000 ) ) ;
#1278 = EDGE_CURVE ( 'NONE', #1076, #1008, #1496, .T. ) ;
#1279 = CARTESIAN_POINT ( 'NONE',  ( 5.510910596163088569E-16, 30.74438717061495296, 3.499999999999999556 ) ) ;
#1280 = VERTEX_POINT ( 'NONE', #486 ) ;
#1281 = CARTESIAN_POINT ( 'NONE',  ( -3.499999999999999556, -26.94438717061495936, 39.50000000000001421 ) ) ;
#1282 = CARTESIAN_POINT ( 'NONE',  ( -5.398645405291992994, 25.94977009528024325, 15.74835301795459586 ) ) ;
#1283 = VECTOR ( 'NONE', #613, 1000.000000000000000 ) ;
#1284 = ORIENTED_EDGE ( 'NONE', *, *, #1297, .F. ) ;
#1285 = CARTESIAN_POINT ( 'NONE',  ( -6.000000000000000000, -0.000000000000000000, 48.99999999999999289 ) ) ;
#1286 = AXIS2_PLACEMENT_3D ( 'NONE', #2150, #1271, #1976 ) ;
#1287 = EDGE_LOOP ( 'NONE', ( #2152, #332, #1769, #2212 ) ) ;
#1288 = AXIS2_PLACEMENT_3D ( 'NONE', #1268, #1971, #231 ) ;
#1289 = ORIENTED_EDGE ( 'NONE', *, *, #1314, .F. ) ;
#1290 = CARTESIAN_POINT ( 'NONE',  ( 5.000000000000000000, 30.74438717061495296, 12.89897948556635576 ) ) ;
#1291 = LINE ( 'NONE', #2004, #1597 ) ;
#1292 = ADVANCED_BREP_SHAPE_REPRESENTATION ( 'Inner Gimbal', ( #304, #1738 ), #727 ) ;
#1293 = ORIENTED_EDGE ( 'NONE', *, *, #2117, .T. ) ;
#1294 = PLANE ( 'NONE',  #670 ) ;
#1295 = DIRECTION ( 'NONE',  ( 0.000000000000000000, 0.000000000000000000, 1.000000000000000000 ) ) ;
#1296 = CARTESIAN_POINT ( 'NONE',  ( 5.698460433971614059, 28.94438717061496291, 6.121823042825822903 ) ) ;
#1297 = EDGE_CURVE ( 'NONE', #1984, #31, #507, .T. ) ;
#1298 = ADVANCED_FACE ( 'NONE', ( #1846 ), #1147, .F. ) ;
#1299 = ORIENTED_EDGE ( 'NONE', *, *, #732, .F. ) ;
#1300 = ORIENTED_EDGE ( 'NONE', *, *, #1698, .F. ) ;
#1301 = CARTESIAN_POINT ( 'NONE',  ( 0.000000000000000000, -21.94438717061495936, 39.20826214383944119 ) ) ;
#1302 = DIRECTION ( 'NONE',  ( -0.000000000000000000, -0.000000000000000000, -1.000000000000000000 ) ) ;
#1303 = EDGE_CURVE ( 'NONE', #1403, #30, #1408, .T. ) ;
#1304 = ORIENTED_EDGE ( 'NONE', *, *, #429, .F. ) ;
#1305 = LINE ( 'NONE', #575, #1182 ) ;
#1306 = CARTESIAN_POINT ( 'NONE',  ( -5.498685331816019151, 26.93136887381496081, 14.26257722977595321 ) ) ;
#1307 = CARTESIAN_POINT ( 'NONE',  ( 2.908536147974966671E-16, -21.94438717061495936, 40.70826214383944119 ) ) ;
#1308 = VECTOR ( 'NONE', #1599, 1000.000000000000000 ) ;
#1309 = LINE ( 'NONE', #1836, #1501 ) ;
#1310 = VECTOR ( 'NONE', #362, 1000.000000000000000 ) ;
#1311 = VECTOR ( 'NONE', #549, 1000.000000000000000 ) ;
#1312 = FACE_BOUND ( 'NONE', #2161, .T. ) ;
#1313 = CARTESIAN_POINT ( 'NONE',  ( 4.000000000000000000, 30.74438717061495296, 12.89897948556635576 ) ) ;
#1314 = EDGE_CURVE ( 'NONE', #30, #1923, #1636, .T. ) ;
#1315 = VECTOR ( 'NONE', #1629, 1000.000000000000000 ) ;
#1316 = VERTEX_POINT ( 'NONE', #1701 ) ;
#1317 = LINE ( 'NONE', #220, #776 ) ;
#1318 = DIRECTION ( 'NONE',  ( 1.000000000000000000, 0.000000000000000000, 0.000000000000000000 ) ) ;
#1319 = ORIENTED_EDGE ( 'NONE', *, *, #1502, .T. ) ;
#1320 = DIRECTION ( 'NONE',  ( 1.000000000000000000, 0.000000000000000000, 0.000000000000000000 ) ) ;
#1321 = DIRECTION ( 'NONE',  ( -0.000000000000000000, -1.000000000000000000, -0.000000000000000000 ) ) ;
#1322 = AXIS2_PLACEMENT_3D ( 'NONE', #157, #824, #638 ) ;
#1323 = CARTESIAN_POINT ( 'NONE',  ( 0.000000000000000000, 26.94438717061495936, 12.50000000000000000 ) ) ;
#1324 = CARTESIAN_POINT ( 'NONE',  ( 0.000000000000000000, -28.94438717061496291, 8.000000000000000000 ) ) ;
#1325 = DIRECTION ( 'NONE',  ( -0.000000000000000000, 1.000000000000000000, -0.000000000000000000 ) ) ;
#1326 = CARTESIAN_POINT ( 'NONE',  ( -27.50000000000000000, 6.643708885374391845E-16, 13.42499999999999893 ) ) ;
#1327 = ORIENTED_EDGE ( 'NONE', *, *, #1303, .T. ) ;
#1328 = LINE ( 'NONE', #1185, #1146 ) ;
#1329 = ADVANCED_FACE ( 'NONE', ( #1312, #2014, #444 ), #333, .T. ) ;
#1330 = DIRECTION ( 'NONE',  ( -2.168404344971007142E-16, -1.000000000000000000, 0.000000000000000000 ) ) ;
#1331 = DIRECTION ( 'NONE',  ( 1.000000000000000000, -0.000000000000000000, 0.000000000000000000 ) ) ;
#1332 = EDGE_CURVE ( 'NONE', #1151, #1360, #1544, .T. ) ;
#1333 = EDGE_CURVE ( 'NONE', #827, #1606, #212, .T. ) ;
#1334 = DIRECTION ( 'NONE',  ( 0.000000000000000000, 1.000000000000000000, 0.000000000000000000 ) ) ;
#1335 = LINE ( 'NONE', #1199, #1168 ) ;
#1336 = EDGE_LOOP ( 'NONE', ( #1074, #308, #38, #2077, #87, #917, #1596, #1953 ) ) ;
#1337 = DIRECTION ( 'NONE',  ( 0.000000000000000000, 0.000000000000000000, 1.000000000000000000 ) ) ;
#1338 = LINE ( 'NONE', #1519, #1351 ) ;
#1339 = DIRECTION ( 'NONE',  ( -0.000000000000000000, -1.000000000000000000, -0.000000000000000000 ) ) ;
#1340 = CIRCLE ( 'NONE', #1523, 4.500000000000000888 ) ;
#1341 = CARTESIAN_POINT ( 'NONE',  ( -5.798881250275225163, -28.92461670371649518, 6.426503624848465712 ) ) ;
#1342 = CIRCLE ( 'NONE', #359, 4.500000000000000888 ) ;
#1343 = CARTESIAN_POINT ( 'NONE',  ( 5.698460433971614059, 28.94438717061496291, 9.878176957174177986 ) ) ;
#1344 = FACE_OUTER_BOUND ( 'NONE', #1938, .T. ) ;
#1345 = CIRCLE ( 'NONE', #2082, 0.8750000000000007772 ) ;
#1346 = ORIENTED_EDGE ( 'NONE', *, *, #1121, .T. ) ;
#1347 = CARTESIAN_POINT ( 'NONE',  ( 5.698460433971614059, 28.94438717061496291, 9.878176957174177986 ) ) ;
#1348 = CARTESIAN_POINT ( 'NONE',  ( -6.000000000000000000, 30.74438717061495296, 48.99999999999999289 ) ) ;
#1349 = AXIS2_PLACEMENT_3D ( 'NONE', #270, #1334, #1666 ) ;
#1350 = ORIENTED_EDGE ( 'NONE', *, *, #1398, .F. ) ;
#1351 = VECTOR ( 'NONE', #2056, 1000.000000000000000 ) ;
#1352 = CARTESIAN_POINT ( 'NONE',  ( 4.000000000000000000, 22.49438717061495652, 18.50000000000000355 ) ) ;
#1353 = CIRCLE ( 'NONE', #1286, 5.424999999999999822 ) ;
#1354 = DIRECTION ( 'NONE',  ( 0.000000000000000000, 0.000000000000000000, -1.000000000000000000 ) ) ;
#1355 = VECTOR ( 'NONE', #1587, 1000.000000000000000 ) ;
#1356 = CARTESIAN_POINT ( 'NONE',  ( -6.000000000000000000, 19.99438717061496007, 21.00000000000000000 ) ) ;
#1357 = ORIENTED_EDGE ( 'NONE', *, *, #1105, .T. ) ;
#1358 = CARTESIAN_POINT ( 'NONE',  ( -6.000000000000000000, 30.74438717061495296, 0.000000000000000000 ) ) ;
#1359 = DIRECTION ( 'NONE',  ( -0.000000000000000000, 1.000000000000000000, 1.508455196501571676E-16 ) ) ;
#1360 = VERTEX_POINT ( 'NONE', #343 ) ;
#1361 = CARTESIAN_POINT ( 'NONE',  ( -5.294105087969223966, 24.94438717061492383, 16.00000000000000000 ) ) ;
#1362 = CYLINDRICAL_SURFACE ( 'NONE', #217, 0.8750000000000007772 ) ;
#1363 = CARTESIAN_POINT ( 'NONE',  ( -6.000000000000000000, 19.99438717061496007, 0.000000000000000000 ) ) ;
#1364 = EDGE_CURVE ( 'NONE', #1043, #45, #466, .T. ) ;
#1365 = ORIENTED_EDGE ( 'NONE', *, *, #663, .F. ) ;
#1366 = LINE ( 'NONE', #1689, #1536 ) ;
#1367 = CARTESIAN_POINT ( 'NONE',  ( 0.000000000000000000, 0.000000000000000000, 0.000000000000000000 ) ) ;
#1368 = ORIENTED_EDGE ( 'NONE', *, *, #724, .T. ) ;
#1369 = CARTESIAN_POINT ( 'NONE',  ( 0.000000000000000000, -25.94438717061495936, 38.33326214383944119 ) ) ;
#1370 = EDGE_LOOP ( 'NONE', ( #1550, #1381, #1390, #711 ) ) ;
#1371 = VECTOR ( 'NONE', #603, 1000.000000000000000 ) ;
#1372 = CARTESIAN_POINT ( 'NONE',  ( -23.50000000000000000, 0.000000000000000000, 16.00000000000000000 ) ) ;
#1373 = DIRECTION ( 'NONE',  ( -0.000000000000000000, -1.000000000000000000, -0.000000000000000000 ) ) ;
#1374 = EDGE_CURVE ( 'NONE', #2127, #2258, #2010, .T. ) ;
#1375 = CIRCLE ( 'NONE', #1457, 6.000000000000000000 ) ;
#1376 = ORIENTED_EDGE ( 'NONE', *, *, #1002, .T. ) ;
#1377 = CARTESIAN_POINT ( 'NONE',  ( 23.50000000000000000, 0.000000000000000000, 16.00000000000000000 ) ) ;
#1378 = ORIENTED_EDGE ( 'NONE', *, *, #1087, .F. ) ;
#1379 = DIRECTION ( 'NONE',  ( 1.000000000000000000, 0.000000000000000000, 0.000000000000000000 ) ) ;
#1380 = ADVANCED_FACE ( 'NONE', ( #321 ), #717, .F. ) ;
#1381 = ORIENTED_EDGE ( 'NONE', *, *, #29, .T. ) ;
#1382 = DIRECTION ( 'NONE',  ( 2.168404344971007142E-16, 1.000000000000000000, -0.000000000000000000 ) ) ;
#1383 = ORIENTED_EDGE ( 'NONE', *, *, #1409, .T. ) ;
#1384 = VECTOR ( 'NONE', #1194, 1000.000000000000000 ) ;
#1385 = B_SPLINE_CURVE_WITH_KNOTS ( 'NONE', 3,
 ( #649, #1841, #124, #1507, #1005, #1181, #821, #1343 ),
 .UNSPECIFIED., .F., .F.,
 ( 4, 2, 2, 4 ),
 ( 0.000000000000000000, 0.001901213523686895186, 0.002851820285530345597, 0.003802427047373795575 ),
 .UNSPECIFIED. ) ;
#1386 = CARTESIAN_POINT ( 'NONE',  ( 0.000000000000000000, 0.000000000000000000, 16.00000000000000000 ) ) ;
#1387 = CARTESIAN_POINT ( 'NONE',  ( 0.000000000000000000, -30.74438717061495296, 8.000000000000000000 ) ) ;
#1388 = VECTOR ( 'NONE', #1009, 1000.000000000000000 ) ;
#1389 = EDGE_CURVE ( 'NONE', #1079, #2258, #1926, .T. ) ;
#1390 = ORIENTED_EDGE ( 'NONE', *, *, #1186, .T. ) ;
#1391 = AXIS2_PLACEMENT_3D ( 'NONE', #39, #540, #687 ) ;
#1392 = CARTESIAN_POINT ( 'NONE',  ( -23.50000000000000000, 14.28285685708570085, 0.000000000000000000 ) ) ;
#1393 = LINE ( 'NONE', #1052, #68 ) ;
#1394 = EDGE_LOOP ( 'NONE', ( #857, #1357, #1719, #1728, #2246 ) ) ;
#1395 = ORIENTED_EDGE ( 'NONE', *, *, #660, .T. ) ;
#1396 = DIRECTION ( 'NONE',  ( 1.000000000000000000, 0.000000000000000000, 0.000000000000000000 ) ) ;
#1397 = ORIENTED_EDGE ( 'NONE', *, *, #523, .F. ) ;
#1398 = EDGE_CURVE ( 'NONE', #2059, #1448, #1015, .T. ) ;
#1399 = FACE_OUTER_BOUND ( 'NONE', #714, .T. ) ;
#1400 = EDGE_CURVE ( 'NONE', #1438, #2037, #1420, .T. ) ;
#1401 = CYLINDRICAL_SURFACE ( 'NONE', #547, 6.000000000000000000 ) ;
#1402 = EDGE_CURVE ( 'NONE', #667, #580, #2247, .T. ) ;
#1403 = VERTEX_POINT ( 'NONE', #1035 ) ;
#1404 = CARTESIAN_POINT ( 'NONE',  ( -5.500000000000000000, -26.94438717061495936, 18.00000000000000355 ) ) ;
#1405 = FACE_OUTER_BOUND ( 'NONE', #1287, .T. ) ;
#1406 = ORIENTED_EDGE ( 'NONE', *, *, #1252, .F. ) ;
#1407 = PLANE ( 'NONE',  #84 ) ;
#1408 = B_SPLINE_CURVE_WITH_KNOTS ( 'NONE', 3,
 ( #1674, #2033, #1164, #1189, #1881, #460 ),
 .UNSPECIFIED., .F., .F.,
 ( 4, 2, 4 ),
 ( 0.001903166494175569795, 0.002852796770774680517, 0.003802427047373791238 ),
 .UNSPECIFIED. ) ;
#1409 = EDGE_CURVE ( 'NONE', #757, #126, #1914, .T. ) ;
#1410 = ORIENTED_EDGE ( 'NONE', *, *, #428, .T. ) ;
#1411 = DIRECTION ( 'NONE',  ( 0.000000000000000000, 0.000000000000000000, 1.000000000000000000 ) ) ;
#1412 = EDGE_LOOP ( 'NONE', ( #344, #976, #490, #551 ) ) ;
#1413 = DIRECTION ( 'NONE',  ( 0.000000000000000000, 0.000000000000000000, -1.000000000000000000 ) ) ;
#1414 = CARTESIAN_POINT ( 'NONE',  ( 27.50000000000000000, -10.67707825203130412, 16.00000000000000000 ) ) ;
#1415 = ADVANCED_FACE ( 'NONE', ( #1713 ), #887, .F. ) ;
#1416 = ORIENTED_EDGE ( 'NONE', *, *, #427, .T. ) ;
#1417 = AXIS2_PLACEMENT_3D ( 'NONE', #1894, #2026, #1014 ) ;
#1418 = CARTESIAN_POINT ( 'NONE',  ( -6.000000000000000000, 28.74438717061496007, 21.00000000000000000 ) ) ;
#1419 = DIRECTION ( 'NONE',  ( 2.168404344971007142E-16, -1.000000000000000000, 0.000000000000000000 ) ) ;
#1420 = CIRCLE ( 'NONE', #2224, 4.500000000000000888 ) ;
#1421 = ORIENTED_EDGE ( 'NONE', *, *, #2168, .T. ) ;
#1422 = AXIS2_PLACEMENT_3D ( 'NONE', #1630, #2144, #585 ) ;
#1423 = SURFACE_STYLE_USAGE ( .BOTH. , #209 ) ;
#1424 = VECTOR ( 'NONE', #510, 1000.000000000000000 ) ;
#1425 = EDGE_LOOP ( 'NONE', ( #1582, #1368, #1806, #107 ) ) ;
#1426 = ORIENTED_EDGE ( 'NONE', *, *, #932, .T. ) ;
#1427 = CYLINDRICAL_SURFACE ( 'NONE', #1493, 27.50000000000000000 ) ;
#1428 = DIRECTION ( 'NONE',  ( 0.000000000000000000, -1.000000000000000000, 0.000000000000000000 ) ) ;
#1429 = ORIENTED_EDGE ( 'NONE', *, *, #429, .T. ) ;
#1430 = CARTESIAN_POINT ( 'NONE',  ( -5.698460433971614947, 28.94438717061495936, 16.00000000000000000 ) ) ;
#1431 = AXIS2_PLACEMENT_3D ( 'NONE', #1541, #299, #691 ) ;
#1432 = DIRECTION ( 'NONE',  ( -0.000000000000000000, -1.000000000000000000, -0.000000000000000000 ) ) ;
#1433 = ORIENTED_EDGE ( 'NONE', *, *, #1278, .T. ) ;
#1434 = FILL_AREA_STYLE ('',( #567 ) ) ;
#1435 = ADVANCED_FACE ( 'NONE', ( #1567 ), #1075, .F. ) ;
#1436 = PRODUCT_RELATED_PRODUCT_CATEGORY ( 'part', '', ( #2 ) ) ;
#1437 = ORIENTED_EDGE ( 'NONE', *, *, #351, .T. ) ;
#1438 = VERTEX_POINT ( 'NONE', #357 ) ;
#1439 = CYLINDRICAL_SURFACE ( 'NONE', #40, 4.500000000000000888 ) ;
#1440 = DIRECTION ( 'NONE',  ( -1.000000000000000000, -2.168404344971007142E-16, 0.000000000000000000 ) ) ;
#1441 = ORIENTED_EDGE ( 'NONE', *, *, #604, .T. ) ;
#1442 = LINE ( 'NONE', #1831, #1283 ) ;
#1443 = DIRECTION ( 'NONE',  ( 1.000000000000000000, 0.000000000000000000, 0.000000000000000000 ) ) ;
#1444 = ORIENTED_EDGE ( 'NONE', *, *, #129, .F. ) ;
#1445 = CARTESIAN_POINT ( 'NONE',  ( 5.698460433971614947, -28.94438717061496291, 9.878176957174174433 ) ) ;
#1446 = ADVANCED_FACE ( 'NONE', ( #1060 ), #1903, .F. ) ;
#1447 = ORIENTED_EDGE ( 'NONE', *, *, #1512, .F. ) ;
#1448 = VERTEX_POINT ( 'NONE', #864 ) ;
#1449 = DIRECTION ( 'NONE',  ( -0.000000000000000000, 1.000000000000000000, -0.000000000000000000 ) ) ;
#1450 = CARTESIAN_POINT ( 'NONE',  ( -5.698460433971614947, -28.94438717061496291, 9.878176957174177986 ) ) ;
#1451 = VERTEX_POINT ( 'NONE', #234 ) ;
#1452 = DIRECTION ( 'NONE',  ( 0.000000000000000000, 0.000000000000000000, 1.000000000000000000 ) ) ;
#1453 = ADVANCED_FACE ( 'NONE', ( #2257 ), #545, .T. ) ;
#1454 = DIRECTION ( 'NONE',  ( 1.000000000000000000, -0.000000000000000000, 0.000000000000000000 ) ) ;
#1455 = VERTEX_POINT ( 'NONE', #1361 ) ;
#1456 = CARTESIAN_POINT ( 'NONE',  ( -6.000000000000000000, 26.82384200817963560, 14.26539409376888123 ) ) ;
#1457 = AXIS2_PLACEMENT_3D ( 'NONE', #891, #1585, #2133 ) ;
#1458 = LINE ( 'NONE', #790, #1754 ) ;
#1459 = VERTEX_POINT ( 'NONE', #2069 ) ;
#1460 = DIRECTION ( 'NONE',  ( 0.000000000000000000, 0.000000000000000000, -1.000000000000000000 ) ) ;
#1461 = DIRECTION ( 'NONE',  ( -1.000000000000000000, 0.000000000000000000, 0.000000000000000000 ) ) ;
#1462 = ORIENTED_EDGE ( 'NONE', *, *, #811, .F. ) ;
#1463 = CARTESIAN_POINT ( 'NONE',  ( 3.500000000000000000, -28.94438717061496291, 18.00000000000000355 ) ) ;
#1464 = LINE ( 'NONE', #1479, #836 ) ;
#1465 = CIRCLE ( 'NONE', #518, 27.50000000000000000 ) ;
#1466 = ORIENTED_EDGE ( 'NONE', *, *, #588, .F. ) ;
#1467 = CARTESIAN_POINT ( 'NONE',  ( -6.000000000000000000, 26.40993417581951519, 15.22950956798168853 ) ) ;
#1468 = AXIS2_PLACEMENT_3D ( 'NONE', #2213, #646, #1337 ) ;
#1469 = DIRECTION ( 'NONE',  ( 1.000000000000000000, 0.000000000000000000, 0.000000000000000000 ) ) ;
#1470 = VECTOR ( 'NONE', #1646, 1000.000000000000000 ) ;
#1471 = ORIENTED_EDGE ( 'NONE', *, *, #1087, .T. ) ;
#1472 = EDGE_CURVE ( 'NONE', #842, #1965, #495, .T. ) ;
#1473 = CARTESIAN_POINT ( 'NONE',  ( -6.000000000000000000, 0.000000000000000000, 16.00000000000000000 ) ) ;
#1474 = DIRECTION ( 'NONE',  ( -0.000000000000000000, 0.000000000000000000, 1.000000000000000000 ) ) ;
#1475 = EDGE_CURVE ( 'NONE', #1552, #1222, #871, .T. ) ;
#1476 = ORIENTED_EDGE ( 'NONE', *, *, #352, .T. ) ;
#1477 = ADVANCED_FACE ( 'NONE', ( #27 ), #1588, .F. ) ;
#1478 = DIRECTION ( 'NONE',  ( 1.000000000000000000, 0.000000000000000000, 0.000000000000000000 ) ) ;
#1479 = CARTESIAN_POINT ( 'NONE',  ( -6.000000000000000000, 28.74438717061496007, 21.00000000000000000 ) ) ;
#1480 = CARTESIAN_POINT ( 'NONE',  ( -5.999999999999999112, 26.03700509568238175, 15.60659596360487633 ) ) ;
#1481 = ORIENTED_EDGE ( 'NONE', *, *, #601, .T. ) ;
#1482 = ADVANCED_FACE ( 'NONE', ( #565 ), #182, .T. ) ;
#1483 = DIRECTION ( 'NONE',  ( 0.000000000000000000, 0.000000000000000000, -1.000000000000000000 ) ) ;
#1484 = DIRECTION ( 'NONE',  ( 0.000000000000000000, 0.000000000000000000, -1.000000000000000000 ) ) ;
#1485 = ORIENTED_EDGE ( 'NONE', *, *, #1979, .T. ) ;
#1486 = DIRECTION ( 'NONE',  ( 1.000000000000000000, 0.000000000000000000, 0.000000000000000000 ) ) ;
#1487 = PLANE ( 'NONE',  #1134 ) ;
#1488 = ORIENTED_EDGE ( 'NONE', *, *, #186, .F. ) ;
#1489 = CARTESIAN_POINT ( 'NONE',  ( -5.999999999999999112, 24.91783428961910474, 15.99999999999999645 ) ) ;
#1490 = CIRCLE ( 'NONE', #355, 3.375000000000003109 ) ;
#1491 = LINE ( 'NONE', #1511, #703 ) ;
#1492 = AXIS2_PLACEMENT_3D ( 'NONE', #1538, #154, #111 ) ;
#1493 = AXIS2_PLACEMENT_3D ( 'NONE', #1220, #1717, #1943 ) ;
#1494 = LINE ( 'NONE', #648, #840 ) ;
#1495 = FACE_OUTER_BOUND ( 'NONE', #1969, .T. ) ;
#1496 = CIRCLE ( 'NONE', #221, 0.8750000000000007772 ) ;
#1497 = CARTESIAN_POINT ( 'NONE',  ( 23.50000000000000000, 14.28285685708570085, 0.000000000000000000 ) ) ;
#1498 = LINE ( 'NONE', #1647, #950 ) ;
#1499 = ORIENTED_EDGE ( 'NONE', *, *, #101, .F. ) ;
#1500 = CARTESIAN_POINT ( 'NONE',  ( -6.000000000000000000, 0.000000000000000000, 16.00000000000000000 ) ) ;
#1501 = VECTOR ( 'NONE', #2012, 1000.000000000000000 ) ;
#1502 = EDGE_CURVE ( 'NONE', #1990, #678, #2110, .T. ) ;
#1503 = ORIENTED_EDGE ( 'NONE', *, *, #782, .T. ) ;
#1504 = AXIS2_PLACEMENT_3D ( 'NONE', #761, #2021, #1320 ) ;
#1505 = LINE ( 'NONE', #1837, #1203 ) ;
#1506 =( NAMED_UNIT ( * ) PLANE_ANGLE_UNIT ( ) SI_UNIT ( $, .RADIAN. ) );
#1507 = CARTESIAN_POINT ( 'NONE',  ( 6.000105351729296821, 28.88336434316125789, 8.318762965092753703 ) ) ;
#1508 = DIRECTION ( 'NONE',  ( 0.000000000000000000, 1.000000000000000000, 0.000000000000000000 ) ) ;
#1509 = ORIENTED_EDGE ( 'NONE', *, *, #198, .F. ) ;
#1510 = CARTESIAN_POINT ( 'NONE',  ( 23.50000000000000000, 0.000000000000000000, 16.00000000000000000 ) ) ;
#1511 = CARTESIAN_POINT ( 'NONE',  ( 27.50000000000000000, 10.67707825203130412, 16.00000000000000000 ) ) ;
#1512 = EDGE_CURVE ( 'NONE', #1923, #387, #1555, .T. ) ;
#1513 = DIRECTION ( 'NONE',  ( 0.000000000000000000, 1.000000000000000000, 0.000000000000000000 ) ) ;
#1514 = LINE ( 'NONE', #2208, #1133 ) ;
#1515 = DIRECTION ( 'NONE',  ( -0.000000000000000000, 0.000000000000000000, 1.000000000000000000 ) ) ;
#1516 = FACE_BOUND ( 'NONE', #1886, .T. ) ;
#1517 = ORIENTED_EDGE ( 'NONE', *, *, #576, .T. ) ;
#1518 = CARTESIAN_POINT ( 'NONE',  ( 4.000000000000000000, 26.94438717061495581, 14.00000000000000000 ) ) ;
#1519 = CARTESIAN_POINT ( 'NONE',  ( -3.499999999999999556, -26.94438717061495936, 39.50000000000001421 ) ) ;
#1520 = AXIS2_PLACEMENT_3D ( 'NONE', #973, #1440, #1266 ) ;
#1521 = ORIENTED_EDGE ( 'NONE', *, *, #1812, .F. ) ;
#1522 = CARTESIAN_POINT ( 'NONE',  ( -3.500000000000000000, -28.94438717061496291, 39.50000000000001421 ) ) ;
#1523 = AXIS2_PLACEMENT_3D ( 'NONE', #702, #1432, #389 ) ;
#1524 =( LENGTH_UNIT ( ) NAMED_UNIT ( * ) SI_UNIT ( .MILLI., .METRE. ) );
#1525 = VECTOR ( 'NONE', #2179, 1000.000000000000000 ) ;
#1526 = CARTESIAN_POINT ( 'NONE',  ( 5.500000000000000000, -26.94438717061495936, 16.00000000000000000 ) ) ;
#1527 = DIRECTION ( 'NONE',  ( -0.000000000000000000, 0.000000000000000000, 1.000000000000000000 ) ) ;
#1528 = AXIS2_PLACEMENT_3D ( 'NONE', #524, #1572, #1413 ) ;
#1529 = ADVANCED_FACE ( 'NONE', ( #870 ), #723, .T. ) ;
#1530 = ORIENTED_EDGE ( 'NONE', *, *, #1818, .T. ) ;
#1531 = DIRECTION ( 'NONE',  ( 0.000000000000000000, 1.000000000000000000, 0.000000000000000000 ) ) ;
#1532 = LINE ( 'NONE', #1348, #1384 ) ;
#1533 = ORIENTED_EDGE ( 'NONE', *, *, #750, .T. ) ;
#1534 = CIRCLE ( 'NONE', #701, 27.50000000000000000 ) ;
#1535 = DIRECTION ( 'NONE',  ( 0.000000000000000000, 1.000000000000000000, 0.000000000000000000 ) ) ;
#1536 = VECTOR ( 'NONE', #284, 1000.000000000000000 ) ;
#1537 = LINE ( 'NONE', #834, #740 ) ;
#1538 = CARTESIAN_POINT ( 'NONE',  ( 4.133182947122319632E-16, -25.94438717061495936, 34.95826214383943409 ) ) ;
#1539 = VERTEX_POINT ( 'NONE', #2125 ) ;
#1540 = LINE ( 'NONE', #2031, #1388 ) ;
#1541 = CARTESIAN_POINT ( 'NONE',  ( 0.000000000000000000, -28.94438717061496291, 8.000000000000000000 ) ) ;
#1542 = ORIENTED_EDGE ( 'NONE', *, *, #2217, .T. ) ;
#1543 = EDGE_CURVE ( 'NONE', #367, #580, #1960, .T. ) ;
#1544 = LINE ( 'NONE', #2237, #1890 ) ;
#1545 = EDGE_LOOP ( 'NONE', ( #224, #380, #1533, #1996, #971, #546 ) ) ;
#1546 = FACE_OUTER_BOUND ( 'NONE', #1370, .T. ) ;
#1547 = LINE ( 'NONE', #643, #583 ) ;
#1548 = ORIENTED_EDGE ( 'NONE', *, *, #499, .F. ) ;
#1549 = CARTESIAN_POINT ( 'NONE',  ( 0.000000000000000000, -30.74438717061495296, 8.000000000000000000 ) ) ;
#1550 = ORIENTED_EDGE ( 'NONE', *, *, #1332, .F. ) ;
#1551 = CARTESIAN_POINT ( 'NONE',  ( 0.000000000000000000, 0.000000000000000000, 16.00000000000000000 ) ) ;
#1552 = VERTEX_POINT ( 'NONE', #1730 ) ;
#1553 = DIRECTION ( 'NONE',  ( 0.000000000000000000, 0.000000000000000000, -1.000000000000000000 ) ) ;
#1554 = ORIENTED_EDGE ( 'NONE', *, *, #198, .T. ) ;
#1555 = CIRCLE ( 'NONE', #2008, 6.000000000000000000 ) ;
#1556 = CYLINDRICAL_SURFACE ( 'NONE', #399, 4.500000000000000888 ) ;
#1557 = FACE_OUTER_BOUND ( 'NONE', #1621, .T. ) ;
#1558 = AXIS2_PLACEMENT_3D ( 'NONE', #178, #720, #35 ) ;
#1559 = VERTEX_POINT ( 'NONE', #168 ) ;
#1560 = FACE_OUTER_BOUND ( 'NONE', #533, .T. ) ;
#1561 = AXIS2_PLACEMENT_3D ( 'NONE', #1102, #1449, #1804 ) ;
#1562 = FACE_BOUND ( 'NONE', #2142, .T. ) ;
#1563 = ORIENTED_EDGE ( 'NONE', *, *, #1472, .T. ) ;
#1564 = EDGE_CURVE ( 'NONE', #1257, #403, #1082, .T. ) ;
#1565 = ADVANCED_FACE ( 'NONE', ( #1562, #1405 ), #1771, .F. ) ;
#1566 = ORIENTED_EDGE ( 'NONE', *, *, #1879, .T. ) ;
#1567 = FACE_OUTER_BOUND ( 'NONE', #592, .T. ) ;
#1568 = AXIS2_PLACEMENT_3D ( 'NONE', #903, #528, #1729 ) ;
#1569 = EDGE_LOOP ( 'NONE', ( #1785, #191, #2148, #1714 ) ) ;
#1570 = EDGE_CURVE ( 'NONE', #1775, #1539, #749, .T. ) ;
#1571 = EDGE_CURVE ( 'NONE', #419, #1043, #737, .T. ) ;
#1572 = DIRECTION ( 'NONE',  ( 1.000000000000000000, 0.000000000000000000, 0.000000000000000000 ) ) ;
#1573 = DIRECTION ( 'NONE',  ( 1.000000000000000000, 0.000000000000000000, 0.000000000000000000 ) ) ;
#1574 = CIRCLE ( 'NONE', #2202, 2.000000000000001776 ) ;
#1575 = ORIENTED_EDGE ( 'NONE', *, *, #1979, .F. ) ;
#1576 = CARTESIAN_POINT ( 'NONE',  ( -6.000000000000000000, 22.49438717061495296, 45.62500000000000000 ) ) ;
#1577 = DIRECTION ( 'NONE',  ( 1.000000000000000000, 2.168404344971007142E-16, 0.000000000000000000 ) ) ;
#1578 = ORIENTED_EDGE ( 'NONE', *, *, #1952, .T. ) ;
#1579 = PRESENTATION_STYLE_ASSIGNMENT (( #1423 ) ) ;
#1580 = VERTEX_POINT ( 'NONE', #2266 ) ;
#1581 = DIRECTION ( 'NONE',  ( 0.000000000000000000, 0.000000000000000000, 1.000000000000000000 ) ) ;
#1582 = ORIENTED_EDGE ( 'NONE', *, *, #63, .T. ) ;
#1583 = EDGE_CURVE ( 'NONE', #2086, #799, #1340, .T. ) ;
#1584 = LINE ( 'NONE', #1229, #1311 ) ;
#1585 = DIRECTION ( 'NONE',  ( -0.000000000000000000, -1.000000000000000000, -0.000000000000000000 ) ) ;
#1586 = VERTEX_POINT ( 'NONE', #2099 ) ;
#1587 = DIRECTION ( 'NONE',  ( 1.000000000000000000, 0.000000000000000000, 0.000000000000000000 ) ) ;
#1588 = CYLINDRICAL_SURFACE ( 'NONE', #171, 2.000000000000000000 ) ;
#1589 = ORIENTED_EDGE ( 'NONE', *, *, #2243, .F. ) ;
#1590 =( NAMED_UNIT ( * ) PLANE_ANGLE_UNIT ( ) SI_UNIT ( $, .RADIAN. ) );
#1591 = VERTEX_POINT ( 'NONE', #1093 ) ;
#1592 = ORIENTED_EDGE ( 'NONE', *, *, #760, .F. ) ;
#1593 = CARTESIAN_POINT ( 'NONE',  ( -6.000000000000000000, 19.99438717061496007, 0.000000000000000000 ) ) ;
#1594 = CARTESIAN_POINT ( 'NONE',  ( 0.000000000000000000, 0.000000000000000000, 0.000000000000000000 ) ) ;
#1595 = VECTOR ( 'NONE', #2092, 1000.000000000000000 ) ;
#1596 = ORIENTED_EDGE ( 'NONE', *, *, #1983, .T. ) ;
#1597 = VECTOR ( 'NONE', #67, 1000.000000000000000 ) ;
#1598 = PLANE ( 'NONE',  #117 ) ;
#1599 = DIRECTION ( 'NONE',  ( -0.000000000000000000, -0.000000000000000000, -1.000000000000000000 ) ) ;
#1600 = CIRCLE ( 'NONE', #874, 3.500000000000003109 ) ;
#1601 = EDGE_CURVE ( 'NONE', #334, #1253, #1393, .T. ) ;
#1602 = VERTEX_POINT ( 'NONE', #1746 ) ;
#1603 = AXIS2_PLACEMENT_3D ( 'NONE', #1290, #410, #1483 ) ;
#1604 = DIRECTION ( 'NONE',  ( -0.000000000000000000, 0.000000000000000000, 1.000000000000000000 ) ) ;
#1605 = AXIS2_PLACEMENT_3D ( 'NONE', #1352, #473, #268 ) ;
#1606 = VERTEX_POINT ( 'NONE', #1783 ) ;
#1607 = DIRECTION ( 'NONE',  ( -0.000000000000000000, -0.000000000000000000, -1.000000000000000000 ) ) ;
#1608 = CYLINDRICAL_SURFACE ( 'NONE', #766, 2.000000000000000000 ) ;
#1609 = AXIS2_PLACEMENT_3D ( 'NONE', #658, #138, #1022 ) ;
#1610 = ORIENTED_EDGE ( 'NONE', *, *, #1715, .T. ) ;
#1611 = CARTESIAN_POINT ( 'NONE',  ( 4.000000000000000000, 30.74438717061495296, 48.99999999999999289 ) ) ;
#1612 = STYLED_ITEM ( 'NONE', ( #1579 ), #304 ) ;
#1613 = DIRECTION ( 'NONE',  ( -1.000000000000000000, 0.000000000000000000, 0.000000000000000000 ) ) ;
#1614 = VECTOR ( 'NONE', #458, 1000.000000000000000 ) ;
#1615 = CARTESIAN_POINT ( 'NONE',  ( 6.000105351729281722, -28.88336434316126144, 8.318762965092968642 ) ) ;
#1616 = ORIENTED_EDGE ( 'NONE', *, *, #693, .T. ) ;
#1617 = ORIENTED_EDGE ( 'NONE', *, *, #608, .F. ) ;
#1618 = ADVANCED_FACE ( 'NONE', ( #222 ), #15, .F. ) ;
#1619 = CARTESIAN_POINT ( 'NONE',  ( 5.500000000000000000, -28.94438717061496291, 16.00000000000000000 ) ) ;
#1620 = CARTESIAN_POINT ( 'NONE',  ( -27.50000000000000000, 0.000000000000000000, 2.575000000000000178 ) ) ;
#1621 = EDGE_LOOP ( 'NONE', ( #158, #1485, #1426, #260, #1963, #1447 ) ) ;
#1622 = DIRECTION ( 'NONE',  ( -0.000000000000000000, -0.000000000000000000, -1.000000000000000000 ) ) ;
#1623 = CARTESIAN_POINT ( 'NONE',  ( 0.000000000000000000, 0.000000000000000000, 16.00000000000000000 ) ) ;
#1624 = CARTESIAN_POINT ( 'NONE',  ( -6.000000000000000000, 26.62520473300799040, 14.89612264442867051 ) ) ;
#1625 = PRODUCT_DEFINITION_CONTEXT ( 'detailed design', #286, 'design' ) ;
#1626 = B_SPLINE_CURVE_WITH_KNOTS ( 'NONE', 3,
 ( #1998, #95, #614, #1282, #425, #787, #2189, #2007, #253, #271, #448, #1306, #1150, #437 ),
 .UNSPECIFIED., .F., .F.,
 ( 4, 2, 2, 2, 2, 2, 4 ),
 ( -1.963016370714899591E-05, 0.0007700702666664729521, 0.001559770697040094951, 0.001954620912226907523, 0.002349471127413720311, 0.002744321342600533099, 0.003139171557787345888 ),
 .UNSPECIFIED. ) ;
#1627 = ORIENTED_EDGE ( 'NONE', *, *, #1109, .T. ) ;
#1628 = ORIENTED_EDGE ( 'NONE', *, *, #1176, .F. ) ;
#1629 = DIRECTION ( 'NONE',  ( 0.000000000000000000, -0.007624896156083135930, -0.9999709300567737325 ) ) ;
#1630 = CARTESIAN_POINT ( 'NONE',  ( -27.50000000000000000, 0.000000000000000000, 8.000000000000000000 ) ) ;
#1631 = ORIENTED_EDGE ( 'NONE', *, *, #454, .F. ) ;
#1632 = LINE ( 'NONE', #401, #193 ) ;
#1633 = CARTESIAN_POINT ( 'NONE',  ( 3.500000000000000000, -28.94438717061496291, 39.50000000000001421 ) ) ;
#1634 = ORIENTED_EDGE ( 'NONE', *, *, #2047, .F. ) ;
#1635 = CARTESIAN_POINT ( 'NONE',  ( 0.000000000000000000, -21.94438717061495936, 35.95826214383944119 ) ) ;
#1636 = CIRCLE ( 'NONE', #394, 6.000000000000000000 ) ;
#1637 = CIRCLE ( 'NONE', #2226, 2.375000000000002220 ) ;
#1638 = CARTESIAN_POINT ( 'NONE',  ( 0.000000000000000000, -28.94438717061496291, 43.00000000000001421 ) ) ;
#1639 = ORIENTED_EDGE ( 'NONE', *, *, #1214, .F. ) ;
#1640 = VECTOR ( 'NONE', #133, 1000.000000000000000 ) ;
#1641 = EDGE_CURVE ( 'NONE', #1267, #89, #1761, .T. ) ;
#1642 = DIRECTION ( 'NONE',  ( -1.000000000000000000, 0.000000000000000000, -0.000000000000000000 ) ) ;
#1643 = EDGE_CURVE ( 'NONE', #581, #457, #1464, .T. ) ;
#1644 = DIRECTION ( 'NONE',  ( 0.000000000000000000, 0.000000000000000000, -1.000000000000000000 ) ) ;
#1645 = VERTEX_POINT ( 'NONE', #60 ) ;
#1646 = DIRECTION ( 'NONE',  ( -0.000000000000000000, 1.000000000000000000, -0.000000000000000000 ) ) ;
#1647 = CARTESIAN_POINT ( 'NONE',  ( -5.500000000000009770, 26.94438717061495581, 16.00000000000000000 ) ) ;
#1648 = CIRCLE ( 'NONE', #1798, 2.375000000000002220 ) ;
#1649 = EDGE_LOOP ( 'NONE', ( #708, #1913 ) ) ;
#1650 = EDGE_CURVE ( 'NONE', #251, #472, #1490, .T. ) ;
#1651 = DIRECTION ( 'NONE',  ( 1.000000000000000000, 0.000000000000000000, 0.000000000000000000 ) ) ;
#1652 = AXIS2_PLACEMENT_3D ( 'NONE', #255, #441, #1810 ) ;
#1653 = ORIENTED_EDGE ( 'NONE', *, *, #744, .F. ) ;
#1654 = CIRCLE ( 'NONE', #2058, 29.50000000000000000 ) ;
#1655 = CARTESIAN_POINT ( 'NONE',  ( 0.000000000000000000, -28.94438717061496291, 8.000000000000000000 ) ) ;
#1656 = EDGE_CURVE ( 'NONE', #1814, #1645, #1498, .T. ) ;
#1657 = FACE_OUTER_BOUND ( 'NONE', #816, .T. ) ;
#1658 = ORIENTED_EDGE ( 'NONE', *, *, #1502, .F. ) ;
#1659 = DIRECTION ( 'NONE',  ( -0.000000000000000000, -1.000000000000000000, -0.000000000000000000 ) ) ;
#1660 = FACE_OUTER_BOUND ( 'NONE', #949, .T. ) ;
#1661 = ORIENTED_EDGE ( 'NONE', *, *, #1985, .F. ) ;
#1662 = CARTESIAN_POINT ( 'NONE',  ( -6.000000000000000000, 24.78406746278746198, 16.00000000000000000 ) ) ;
#1663 = ORIENTED_EDGE ( 'NONE', *, *, #601, .F. ) ;
#1664 = CARTESIAN_POINT ( 'NONE',  ( -6.000000000000000000, 19.99438717061496007, 0.000000000000000000 ) ) ;
#1665 = CYLINDRICAL_SURFACE ( 'NONE', #1422, 5.424999999999999822 ) ;
#1666 = DIRECTION ( 'NONE',  ( 0.000000000000000000, -0.000000000000000000, 1.000000000000000000 ) ) ;
#1667 = CARTESIAN_POINT ( 'NONE',  ( -6.000000000000000000, -0.000000000000000000, 8.000000000000000000 ) ) ;
#1668 = EDGE_CURVE ( 'NONE', #1862, #1941, #85, .T. ) ;
#1669 = EDGE_LOOP ( 'NONE', ( #1978, #1758 ) ) ;
#1670 = CARTESIAN_POINT ( 'NONE',  ( -5.698460433971614947, 28.94438717061495936, 0.000000000000000000 ) ) ;
#1671 = AXIS2_PLACEMENT_3D ( 'NONE', #207, #1613, #1259 ) ;
#1672 = EDGE_LOOP ( 'NONE', ( #1300, #2113, #1433, #1116 ) ) ;
#1673 = CIRCLE ( 'NONE', #2228, 0.8750000000000007772 ) ;
#1674 = CARTESIAN_POINT ( 'NONE',  ( -6.000000000000000000, 28.88338622807235723, 8.000000000000000000 ) ) ;
#1675 = CARTESIAN_POINT ( 'NONE',  ( -6.000105351729281722, -28.88336434316125434, 7.681237034907026917 ) ) ;
#1676 = LINE ( 'NONE', #497, #2205 ) ;
#1677 = LINE ( 'NONE', #1363, #2121 ) ;
#1678 = VERTEX_POINT ( 'NONE', #2159 ) ;
#1679 = DIRECTION ( 'NONE',  ( -1.000000000000000000, 0.000000000000000000, 0.000000000000000000 ) ) ;
#1680 = ADVANCED_FACE ( 'NONE', ( #636, #1660 ), #1487, .T. ) ;
#1681 = CARTESIAN_POINT ( 'NONE',  ( 4.000000000000000000, 19.99438717061496007, 44.00000000000000000 ) ) ;
#1682 = VECTOR ( 'NONE', #1795, 1000.000000000000000 ) ;
#1683 = DIRECTION ( 'NONE',  ( 0.000000000000000000, -1.000000000000000000, 0.000000000000000000 ) ) ;
#1684 = ORIENTED_EDGE ( 'NONE', *, *, #2126, .T. ) ;
#1685 = EDGE_CURVE ( 'NONE', #1455, #1814, #1626, .T. ) ;
#1686 = CARTESIAN_POINT ( 'NONE',  ( -5.698460433971614947, 28.94438717061495936, 16.00000000000000000 ) ) ;
#1687 = DIRECTION ( 'NONE',  ( 0.000000000000000000, -1.508455196501571676E-16, 1.000000000000000000 ) ) ;
#1688 = ORIENTED_EDGE ( 'NONE', *, *, #492, .T. ) ;
#1689 = CARTESIAN_POINT ( 'NONE',  ( 0.000000000000000000, -28.94438717061496291, 39.20826214383944119 ) ) ;
#1690 = FACE_OUTER_BOUND ( 'NONE', #747, .T. ) ;
#1691 = EDGE_LOOP ( 'NONE', ( #54, #1684, #1289, #305, #1610 ) ) ;
#1692 = LINE ( 'NONE', #1013, #913 ) ;
#1693 = CARTESIAN_POINT ( 'NONE',  ( -5.500000000000000000, -26.94438717061495936, 16.00000000000000000 ) ) ;
#1694 = CARTESIAN_POINT ( 'NONE',  ( 0.000000000000000000, 30.74438717061495296, 2.000000000000000000 ) ) ;
#1695 = CARTESIAN_POINT ( 'NONE',  ( 0.000000000000000000, 0.000000000000000000, 16.00000000000000000 ) ) ;
#1696 = ORIENTED_EDGE ( 'NONE', *, *, #798, .F. ) ;
#1697 = CARTESIAN_POINT ( 'NONE',  ( 5.698460433971614947, -28.94438717061496291, 6.121823042825826455 ) ) ;
#1698 = EDGE_CURVE ( 'NONE', #586, #1993, #1197, .T. ) ;
#1699 = AXIS2_PLACEMENT_3D ( 'NONE', #1166, #132, #2197 ) ;
#1700 = ORIENTED_EDGE ( 'NONE', *, *, #1026, .T. ) ;
#1701 = CARTESIAN_POINT ( 'NONE',  ( -5.500000000000000000, -26.94438717061495936, 0.000000000000000000 ) ) ;
#1702 = VECTOR ( 'NONE', #795, 1000.000000000000000 ) ;
#1703 = CARTESIAN_POINT ( 'NONE',  ( -5.698460433971614947, -28.94438717061496291, 6.121823042825822903 ) ) ;
#1704 = AXIS2_PLACEMENT_3D ( 'NONE', #47, #710, #511 ) ;
#1705 = CARTESIAN_POINT ( 'NONE',  ( -3.499999999999999556, -26.94438717061495936, 18.00000000000000355 ) ) ;
#1706 = DIRECTION ( 'NONE',  ( -0.000000000000000000, -0.000000000000000000, -1.000000000000000000 ) ) ;
#1707 = CIRCLE ( 'NONE', #2013, 29.50000000000000000 ) ;
#1708 = ORIENTED_EDGE ( 'NONE', *, *, #1007, .T. ) ;
#1709 = FACE_OUTER_BOUND ( 'NONE', #2064, .T. ) ;
#1710 = ADVANCED_FACE ( 'NONE', ( #589 ), #1832, .T. ) ;
#1711 = CARTESIAN_POINT ( 'NONE',  ( -3.499999999999999556, -26.94438717061495936, 43.00000000000001421 ) ) ;
#1712 = ORIENTED_EDGE ( 'NONE', *, *, #1235, .F. ) ;
#1713 = FACE_OUTER_BOUND ( 'NONE', #2051, .T. ) ;
#1714 = ORIENTED_EDGE ( 'NONE', *, *, #267, .F. ) ;
#1715 = EDGE_CURVE ( 'NONE', #1403, #1451, #263, .T. ) ;
#1716 = AXIS2_PLACEMENT_3D ( 'NONE', #1056, #1251, #43 ) ;
#1717 = DIRECTION ( 'NONE',  ( -0.000000000000000000, -0.000000000000000000, -1.000000000000000000 ) ) ;
#1718 = CARTESIAN_POINT ( 'NONE',  ( 1.071565949253933163E-16, -28.94438717061496291, 37.45826214383944119 ) ) ;
#1719 = ORIENTED_EDGE ( 'NONE', *, *, #645, .T. ) ;
#1720 = DIRECTION ( 'NONE',  ( 0.000000000000000000, -0.000000000000000000, 1.000000000000000000 ) ) ;
#1721 = ORIENTED_EDGE ( 'NONE', *, *, #352, .F. ) ;
#1722 = DIRECTION ( 'NONE',  ( 1.000000000000000000, 0.000000000000000000, 0.000000000000000000 ) ) ;
#1723 = EDGE_LOOP ( 'NONE', ( #1732, #1030 ) ) ;
#1724 = DIRECTION ( 'NONE',  ( 1.000000000000000000, 0.000000000000000000, 0.000000000000000000 ) ) ;
#1725 = VERTEX_POINT ( 'NONE', #1633 ) ;
#1726 = DIRECTION ( 'NONE',  ( 0.000000000000000000, 0.000000000000000000, -1.000000000000000000 ) ) ;
#1727 = LINE ( 'NONE', #1414, #395 ) ;
#1728 = ORIENTED_EDGE ( 'NONE', *, *, #1774, .F. ) ;
#1729 = DIRECTION ( 'NONE',  ( 0.000000000000000000, 0.000000000000000000, -1.000000000000000000 ) ) ;
#1730 = CARTESIAN_POINT ( 'NONE',  ( 0.000000000000000000, -28.94438717061496291, 43.00000000000001421 ) ) ;
#1731 = EDGE_CURVE ( 'NONE', #266, #560, #1797, .T. ) ;
#1732 = ORIENTED_EDGE ( 'NONE', *, *, #276, .T. ) ;
#1733 = DIRECTION ( 'NONE',  ( 1.000000000000000000, -0.000000000000000000, 0.000000000000000000 ) ) ;
#1734 = EDGE_CURVE ( 'NONE', #924, #681, #232, .T. ) ;
#1735 = ORIENTED_EDGE ( 'NONE', *, *, #1400, .T. ) ;
#1736 = CARTESIAN_POINT ( 'NONE',  ( -6.000000000000000000, 0.000000000000000000, 16.00000000000000000 ) ) ;
#1737 = EDGE_LOOP ( 'NONE', ( #2145, #326 ) ) ;
#1738 = AXIS2_PLACEMENT_3D ( 'NONE', #830, #1871, #301 ) ;
#1739 = AXIS2_PLACEMENT_3D ( 'NONE', #1736, #19, #1724 ) ;
#1740 = CARTESIAN_POINT ( 'NONE',  ( -5.698460433971614947, -28.94438717061496291, 6.121823042825822903 ) ) ;
#1741 = LINE ( 'NONE', #386, #690 ) ;
#1742 = AXIS2_PLACEMENT_3D ( 'NONE', #1594, #24, #1573 ) ;
#1743 = ORIENTED_EDGE ( 'NONE', *, *, #1333, .F. ) ;
#1744 = LINE ( 'NONE', #1576, #1355 ) ;
#1745 = VECTOR ( 'NONE', #1169, 1000.000000000000000 ) ;
#1746 = CARTESIAN_POINT ( 'NONE',  ( 4.000000000000000000, 19.99438717061496007, 16.00000000000000000 ) ) ;
#1747 = ORIENTED_EDGE ( 'NONE', *, *, #732, .T. ) ;
#1748 = DIRECTION ( 'NONE',  ( 0.000000000000000000, 0.000000000000000000, -1.000000000000000000 ) ) ;
#1749 = ADVANCED_FACE ( 'NONE', ( #415 ), #2193, .F. ) ;
#1750 = ORIENTED_EDGE ( 'NONE', *, *, #899, .T. ) ;
#1751 = DIRECTION ( 'NONE',  ( -0.000000000000000000, 0.000000000000000000, 1.000000000000000000 ) ) ;
#1752 = AXIS2_PLACEMENT_3D ( 'NONE', #436, #241, #1820 ) ;
#1753 = ORIENTED_EDGE ( 'NONE', *, *, #1235, .T. ) ;
#1754 = VECTOR ( 'NONE', #1469, 1000.000000000000000 ) ;
#1755 = DIRECTION ( 'NONE',  ( -0.000000000000000000, 0.000000000000000000, 1.000000000000000000 ) ) ;
#1756 = DIRECTION ( 'NONE',  ( 0.000000000000000000, 0.000000000000000000, 1.000000000000000000 ) ) ;
#1757 = VECTOR ( 'NONE', #1899, 1000.000000000000000 ) ;
#1758 = ORIENTED_EDGE ( 'NONE', *, *, #1278, .F. ) ;
#1759 = AXIS2_PLACEMENT_3D ( 'NONE', #968, #1659, #1140 ) ;
#1760 = LINE ( 'NONE', #349, #598 ) ;
#1761 = LINE ( 'NONE', #1326, #1371 ) ;
#1762 = ORIENTED_EDGE ( 'NONE', *, *, #1243, .T. ) ;
#1763 = PLANE ( 'NONE',  #1987 ) ;
#1764 = ORIENTED_EDGE ( 'NONE', *, *, #1656, .F. ) ;
#1765 = ORIENTED_EDGE ( 'NONE', *, *, #1364, .F. ) ;
#1766 = LINE ( 'NONE', #34, #1021 ) ;
#1767 = EDGE_CURVE ( 'NONE', #1254, #406, #72, .T. ) ;
#1768 = FACE_OUTER_BOUND ( 'NONE', #294, .T. ) ;
#1769 = ORIENTED_EDGE ( 'NONE', *, *, #1029, .F. ) ;
#1770 = DIRECTION ( 'NONE',  ( 1.000000000000000000, 0.000000000000000000, 0.000000000000000000 ) ) ;
#1771 = PLANE ( 'NONE',  #1671 ) ;
#1772 = ORIENTED_EDGE ( 'NONE', *, *, #1208, .F. ) ;
#1773 = CARTESIAN_POINT ( 'NONE',  ( -27.50000000000000000, 0.000000000000000000, 8.000000000000000000 ) ) ;
#1774 = EDGE_CURVE ( 'NONE', #1799, #42, #2174, .T. ) ;
#1775 = VERTEX_POINT ( 'NONE', #835 ) ;
#1776 = EDGE_LOOP ( 'NONE', ( #1639, #696, #1753, #25 ) ) ;
#1777 = EDGE_CURVE ( 'NONE', #1012, #1257, #983, .T. ) ;
#1778 = DIRECTION ( 'NONE',  ( 2.168404344971007142E-16, 1.000000000000000000, -0.000000000000000000 ) ) ;
#1779 = FACE_OUTER_BOUND ( 'NONE', #1874, .T. ) ;
#1780 = VECTOR ( 'NONE', #1069, 1000.000000000000000 ) ;
#1781 = VERTEX_POINT ( 'NONE', #1006 ) ;
#1782 = CARTESIAN_POINT ( 'NONE',  ( -6.000000000000000000, 22.49438717061495296, 47.37500000000000000 ) ) ;
#1783 = CARTESIAN_POINT ( 'NONE',  ( 1.301042606982605321E-15, -26.94438717061495936, 43.00000000000001421 ) ) ;
#1784 = VECTOR ( 'NONE', #292, 1000.000000000000000 ) ;
#1785 = ORIENTED_EDGE ( 'NONE', *, *, #1855, .F. ) ;
#1786 = VECTOR ( 'NONE', #1048, 1000.000000000000000 ) ;
#1787 = CARTESIAN_POINT ( 'NONE',  ( 0.000000000000000000, 0.000000000000000000, 16.00000000000000000 ) ) ;
#1788 = EDGE_CURVE ( 'NONE', #1645, #1260, #1335, .T. ) ;
#1789 = EDGE_LOOP ( 'NONE', ( #358, #1481, #16, #1327, #718, #868, #1696, #1299 ) ) ;
#1790 = ORIENTED_EDGE ( 'NONE', *, *, #1571, .F. ) ;
#1791 = CYLINDRICAL_SURFACE ( 'NONE', #1856, 27.50000000000000000 ) ;
#1792 = DIRECTION ( 'NONE',  ( -0.000000000000000000, 0.000000000000000000, 1.000000000000000000 ) ) ;
#1793 = EDGE_CURVE ( 'NONE', #1438, #31, #986, .T. ) ;
#1794 = ORIENTED_EDGE ( 'NONE', *, *, #1564, .T. ) ;
#1795 = DIRECTION ( 'NONE',  ( -0.000000000000000000, 0.000000000000000000, 1.000000000000000000 ) ) ;
#1796 = AXIS2_PLACEMENT_3D ( 'NONE', #1193, #1852, #501 ) ;
#1797 = LINE ( 'NONE', #102, #910 ) ;
#1798 = AXIS2_PLACEMENT_3D ( 'NONE', #59, #758, #1452 ) ;
#1799 = VERTEX_POINT ( 'NONE', #2240 ) ;
#1800 = DIRECTION ( 'NONE',  ( -0.000000000000000000, 0.000000000000000000, 1.000000000000000000 ) ) ;
#1801 = DIRECTION ( 'NONE',  ( 0.000000000000000000, -1.000000000000000000, 0.000000000000000000 ) ) ;
#1802 = CARTESIAN_POINT ( 'NONE',  ( 0.000000000000000000, -28.94438717061496291, 14.00000000000000000 ) ) ;
#1803 = EDGE_LOOP ( 'NONE', ( #1397, #2264, #1628, #1378 ) ) ;
#1804 = DIRECTION ( 'NONE',  ( 8.673617379884027583E-16, 0.000000000000000000, -1.000000000000000000 ) ) ;
#1805 = LINE ( 'NONE', #248, #464 ) ;
#1806 = ORIENTED_EDGE ( 'NONE', *, *, #1879, .F. ) ;
#1807 = CARTESIAN_POINT ( 'NONE',  ( 4.000000000000000000, 0.000000000000000000, 0.000000000000000000 ) ) ;
#1808 = CARTESIAN_POINT ( 'NONE',  ( 0.000000000000000000, -25.94438717061495936, 38.33326214383944119 ) ) ;
#1809 = VERTEX_POINT ( 'NONE', #676 ) ;
#1810 = DIRECTION ( 'NONE',  ( 0.000000000000000000, 0.000000000000000000, 1.000000000000000000 ) ) ;
#1811 = EDGE_CURVE ( 'NONE', #796, #757, #1677, .T. ) ;
#1812 = EDGE_CURVE ( 'NONE', #2059, #472, #1273, .T. ) ;
#1813 = ADVANCED_FACE ( 'NONE', ( #1344 ), #856, .T. ) ;
#1814 = VERTEX_POINT ( 'NONE', #2036 ) ;
#1815 = EDGE_LOOP ( 'NONE', ( #1319, #1517, #1003 ) ) ;
#1816 = CARTESIAN_POINT ( 'NONE',  ( 0.000000000000000000, 30.74438717061495296, 8.000000000000000000 ) ) ;
#1817 = FACE_OUTER_BOUND ( 'NONE', #1205, .T. ) ;
#1818 = EDGE_CURVE ( 'NONE', #423, #363, #1930, .T. ) ;
#1819 = ORIENTED_EDGE ( 'NONE', *, *, #896, .T. ) ;
#1820 = DIRECTION ( 'NONE',  ( 0.000000000000000000, 0.000000000000000000, 1.000000000000000000 ) ) ;
#1821 = CARTESIAN_POINT ( 'NONE',  ( 0.000000000000000000, 26.94438717061495936, 8.000000000000000000 ) ) ;
#1822 = AXIS2_PLACEMENT_3D ( 'NONE', #57, #411, #1644 ) ;
#1823 = DIRECTION ( 'NONE',  ( -0.000000000000000000, -0.000000000000000000, -1.000000000000000000 ) ) ;
#1824 = CIRCLE ( 'NONE', #1136, 27.50000000000000000 ) ;
#1825 = EDGE_CURVE ( 'NONE', #1222, #1678, #280, .T. ) ;
#1826 = DIRECTION ( 'NONE',  ( 0.000000000000000000, 0.000000000000000000, 1.000000000000000000 ) ) ;
#1827 = VECTOR ( 'NONE', #2132, 1000.000000000000000 ) ;
#1828 = DIRECTION ( 'NONE',  ( -1.000000000000000000, 0.000000000000000000, 0.000000000000000000 ) ) ;
#1829 = CARTESIAN_POINT ( 'NONE',  ( 0.000000000000000000, -25.94438717061495936, 38.33326214383944119 ) ) ;
#1830 = ORIENTED_EDGE ( 'NONE', *, *, #1777, .T. ) ;
#1831 = CARTESIAN_POINT ( 'NONE',  ( 4.000000000000000000, 19.99438717061496007, 0.000000000000000000 ) ) ;
#1832 = CYLINDRICAL_SURFACE ( 'NONE', #434, 29.50000000000000000 ) ;
#1833 = EDGE_LOOP ( 'NONE', ( #1242, #382, #686, #1376 ) ) ;
#1834 = CARTESIAN_POINT ( 'NONE',  ( -5.983807832389638648, 28.88674512341312806, 8.440504057906862201 ) ) ;
#1835 = AXIS2_PLACEMENT_3D ( 'NONE', #671, #1359, #1000 ) ;
#1836 = CARTESIAN_POINT ( 'NONE',  ( 0.000000000000000000, -28.94438717061496291, 16.00000000000000000 ) ) ;
#1837 = CARTESIAN_POINT ( 'NONE',  ( 4.000000000000000000, 0.000000000000000000, 16.00000000000000000 ) ) ;
#1838 = ADVANCED_FACE ( 'NONE', ( #1170 ), #2250, .T. ) ;
#1839 = FACE_OUTER_BOUND ( 'NONE', #2135, .T. ) ;
#1840 = EDGE_CURVE ( 'NONE', #266, #823, #142, .T. ) ;
#1841 = CARTESIAN_POINT ( 'NONE',  ( 5.899298555906587360, 28.90484692798576205, 6.731173555357687910 ) ) ;
#1842 = DIRECTION ( 'NONE',  ( 0.000000000000000000, 0.000000000000000000, -1.000000000000000000 ) ) ;
#1843 = ORIENTED_EDGE ( 'NONE', *, *, #63, .F. ) ;
#1844 = DIRECTION ( 'NONE',  ( 1.000000000000000000, -0.000000000000000000, 0.000000000000000000 ) ) ;
#1845 = ORIENTED_EDGE ( 'NONE', *, *, #693, .F. ) ;
#1846 = FACE_OUTER_BOUND ( 'NONE', #1569, .T. ) ;
#1847 = DIRECTION ( 'NONE',  ( 0.000000000000000000, -1.000000000000000000, 0.000000000000000000 ) ) ;
#1848 = EDGE_CURVE ( 'NONE', #581, #842, #1547, .T. ) ;
#1849 = CARTESIAN_POINT ( 'NONE',  ( 5.510910596163087583E-16, -28.94438717061496291, 3.500000000000000444 ) ) ;
#1850 = FACE_OUTER_BOUND ( 'NONE', #1226, .T. ) ;
#1851 = ORIENTED_EDGE ( 'NONE', *, *, #462, .F. ) ;
#1852 = DIRECTION ( 'NONE',  ( -0.000000000000000000, 0.000000000000000000, 1.000000000000000000 ) ) ;
#1853 = AXIS2_PLACEMENT_3D ( 'NONE', #1369, #1535, #7 ) ;
#1854 = DIRECTION ( 'NONE',  ( 1.000000000000000000, -2.168404344971007142E-16, 0.000000000000000000 ) ) ;
#1855 = EDGE_CURVE ( 'NONE', #837, #1809, #802, .T. ) ;
#1856 = AXIS2_PLACEMENT_3D ( 'NONE', #927, #56, #1828 ) ;
#1857 = DIRECTION ( 'NONE',  ( -0.000000000000000000, -1.000000000000000000, -0.000000000000000000 ) ) ;
#1858 = ORIENTED_EDGE ( 'NONE', *, *, #1333, .T. ) ;
#1859 = APPLICATION_PROTOCOL_DEFINITION ( 'draft international standard', 'automotive_design', 1998, #286 ) ;
#1860 = DIRECTION ( 'NONE',  ( -0.000000000000000000, -0.000000000000000000, -1.000000000000000000 ) ) ;
#1861 = CARTESIAN_POINT ( 'NONE',  ( 0.000000000000000000, -28.94438717061496291, 12.50000000000000000 ) ) ;
#1862 = VERTEX_POINT ( 'NONE', #1718 ) ;
#1863 = LINE ( 'NONE', #1500, #189 ) ;
#1864 = AXIS2_PLACEMENT_3D ( 'NONE', #943, #2017, #2172 ) ;
#1865 = CIRCLE ( 'NONE', #2170, 27.50000000000000000 ) ;
#1866 = DIRECTION ( 'NONE',  ( 1.000000000000000000, 0.000000000000000000, 0.000000000000000000 ) ) ;
#1867 = CIRCLE ( 'NONE', #371, 0.8749999999999973355 ) ;
#1868 = B_SPLINE_CURVE_WITH_KNOTS ( 'NONE', 3,
 ( #532, #921, #1084, #1615, #1924, #52, #726, #1445 ),
 .UNSPECIFIED., .F., .F.,
 ( 4, 2, 2, 4 ),
 ( 2.686148025026347101E-16, 0.001901213523686884344, 0.002851820285530195544, 0.003802427047373507611 ),
 .UNSPECIFIED. ) ;
#1869 = VERTEX_POINT ( 'NONE', #822 ) ;
#1870 = DIRECTION ( 'NONE',  ( 0.000000000000000000, -1.000000000000000000, 0.000000000000000000 ) ) ;
#1871 = DIRECTION ( 'NONE',  ( 0.000000000000000000, 0.000000000000000000, 1.000000000000000000 ) ) ;
#1872 = CARTESIAN_POINT ( 'NONE',  ( 4.000000000000000000, 19.99438717061496007, 48.99999999999999289 ) ) ;
#1873 = DIRECTION ( 'NONE',  ( -1.000000000000000000, 0.000000000000000000, -0.000000000000000000 ) ) ;
#1874 = EDGE_LOOP ( 'NONE', ( #1215, #1139, #1592, #706 ) ) ;
#1875 = CARTESIAN_POINT ( 'NONE',  ( 0.000000000000000000, -25.94438717061495936, 41.70826214383944119 ) ) ;
#1876 = ADVANCED_FACE ( 'NONE', ( #1516, #1850 ), #134, .T. ) ;
#1877 = EDGE_CURVE ( 'NONE', #1254, #799, #456, .T. ) ;
#1878 = CARTESIAN_POINT ( 'NONE',  ( 0.000000000000000000, 0.000000000000000000, 0.000000000000000000 ) ) ;
#1879 = EDGE_CURVE ( 'NONE', #1270, #1459, #847, .T. ) ;
#1880 = EDGE_LOOP ( 'NONE', ( #163, #400, #390, #44 ) ) ;
#1881 = CARTESIAN_POINT ( 'NONE',  ( -5.798778095690874324, 28.92463701239720208, 6.426190649910005881 ) ) ;
#1882 = PLANE ( 'NONE',  #1417 ) ;
#1883 = FACE_BOUND ( 'NONE', #1723, .T. ) ;
#1884 = CARTESIAN_POINT ( 'NONE',  ( 7.347880794884119736E-16, -30.74438717061495296, 2.000000000000000000 ) ) ;
#1885 = EDGE_CURVE ( 'NONE', #1580, #1591, #1191, .T. ) ;
#1886 = EDGE_LOOP ( 'NONE', ( #1125, #520 ) ) ;
#1887 = DIRECTION ( 'NONE',  ( 0.000000000000000000, 1.000000000000000000, -0.000000000000000000 ) ) ;
#1888 = DIRECTION ( 'NONE',  ( 2.168404344971007142E-16, 1.000000000000000000, 0.000000000000000000 ) ) ;
#1889 = EDGE_CURVE ( 'NONE', #387, #1257, #1017, .T. ) ;
#1890 = VECTOR ( 'NONE', #1196, 1000.000000000000000 ) ;
#1891 = CIRCLE ( 'NONE', #908, 1.000000000000000888 ) ;
#1892 = ORIENTED_EDGE ( 'NONE', *, *, #1297, .T. ) ;
#1893 = DIRECTION ( 'NONE',  ( 0.000000000000000000, 1.000000000000000000, 0.000000000000000000 ) ) ;
#1894 = CARTESIAN_POINT ( 'NONE',  ( 27.50000000000000000, 0.000000000000000000, 16.00000000000000000 ) ) ;
#1895 = DIRECTION ( 'NONE',  ( 1.000000000000000000, -0.000000000000000000, 0.000000000000000000 ) ) ;
#1896 = DIRECTION ( 'NONE',  ( -1.000000000000000000, 0.000000000000000000, 0.000000000000000000 ) ) ;
#1897 = VECTOR ( 'NONE', #1004, 1000.000000000000000 ) ;
#1898 = ORIENTED_EDGE ( 'NONE', *, *, #1109, .F. ) ;
#1899 = DIRECTION ( 'NONE',  ( 1.000000000000000000, 0.000000000000000000, 0.000000000000000000 ) ) ;
#1900 = FACE_OUTER_BOUND ( 'NONE', #373, .T. ) ;
#1901 = ORIENTED_EDGE ( 'NONE', *, *, #397, .T. ) ;
#1902 = VECTOR ( 'NONE', #1823, 1000.000000000000000 ) ;
#1903 = CYLINDRICAL_SURFACE ( 'NONE', #250, 27.50000000000000000 ) ;
#1904 = ORIENTED_EDGE ( 'NONE', *, *, #825, .F. ) ;
#1905 = EDGE_CURVE ( 'NONE', #1781, #1192, #2259, .T. ) ;
#1906 = CYLINDRICAL_SURFACE ( 'NONE', #987, 5.424999999999999822 ) ;
#1907 = CARTESIAN_POINT ( 'NONE',  ( 5.510910596163088569E-16, -30.74438717061495296, 3.499999999999999556 ) ) ;
#1908 = PRODUCT_DEFINITION ( 'UNKNOWN', '', #1167, #1625 ) ;
#1909 = EDGE_LOOP ( 'NONE', ( #1663, #1658, #1627, #2187 ) ) ;
#1910 = CARTESIAN_POINT ( 'NONE',  ( -5.698460433971614947, -28.94438717061496291, 0.000000000000000000 ) ) ;
#1911 = ORIENTED_EDGE ( 'NONE', *, *, #523, .T. ) ;
#1912 = DIRECTION ( 'NONE',  ( 1.000000000000000000, 0.000000000000000000, 0.000000000000000000 ) ) ;
#1913 = ORIENTED_EDGE ( 'NONE', *, *, #418, .F. ) ;
#1914 = LINE ( 'NONE', #1046, #620 ) ;
#1915 = ORIENTED_EDGE ( 'NONE', *, *, #1848, .F. ) ;
#1916 = DIRECTION ( 'NONE',  ( 0.000000000000000000, -0.000000000000000000, -1.000000000000000000 ) ) ;
#1917 = CARTESIAN_POINT ( 'NONE',  ( 0.000000000000000000, -25.94438717061495936, 38.33326214383944119 ) ) ;
#1918 = PRODUCT_DEFINITION_SHAPE ( 'NONE', 'NONE',  #1908 ) ;
#1919 = ADVANCED_FACE ( 'NONE', ( #1557 ), #1401, .T. ) ;
#1920 = ORIENTED_EDGE ( 'NONE', *, *, #525, .T. ) ;
#1921 = CYLINDRICAL_SURFACE ( 'NONE', #881, 6.000000000000000000 ) ;
#1922 = DIRECTION ( 'NONE',  ( 0.000000000000000000, 0.000000000000000000, 1.000000000000000000 ) ) ;
#1923 = VERTEX_POINT ( 'NONE', #550 ) ;
#1924 = CARTESIAN_POINT ( 'NONE',  ( 5.974455914736216400, -28.88872641243106543, 8.637660402604931065 ) ) ;
#1925 = ORIENTED_EDGE ( 'NONE', *, *, #899, .F. ) ;
#1926 = LINE ( 'NONE', #1023, #1165 ) ;
#1927 = VERTEX_POINT ( 'NONE', #734 ) ;
#1928 = CARTESIAN_POINT ( 'NONE',  ( 0.000000000000000000, -28.94438717061496291, 16.00000000000000000 ) ) ;
#1929 = CARTESIAN_POINT ( 'NONE',  ( 1.071565949253934395E-16, -21.94438717061495936, 37.45826214383944119 ) ) ;
#1930 = CIRCLE ( 'NONE', #503, 2.375000000000002220 ) ;
#1931 = ORIENTED_EDGE ( 'NONE', *, *, #768, .F. ) ;
#1932 = CARTESIAN_POINT ( 'NONE',  ( 0.000000000000000000, 26.94438717061495936, 8.000000000000000000 ) ) ;
#1933 = VECTOR ( 'NONE', #1339, 1000.000000000000000 ) ;
#1934 = DIRECTION ( 'NONE',  ( 0.000000000000000000, 0.000000000000000000, -1.000000000000000000 ) ) ;
#1935 = ORIENTED_EDGE ( 'NONE', *, *, #187, .F. ) ;
#1936 = FACE_OUTER_BOUND ( 'NONE', #150, .T. ) ;
#1937 = EDGE_CURVE ( 'NONE', #457, #1965, #698, .T. ) ;
#1938 = EDGE_LOOP ( 'NONE', ( #1563, #888, #2090, #1688 ) ) ;
#1939 = DIRECTION ( 'NONE',  ( -0.000000000000000000, 1.000000000000000000, -0.000000000000000000 ) ) ;
#1940 = VECTOR ( 'NONE', #664, 1000.000000000000000 ) ;
#1941 = VERTEX_POINT ( 'NONE', #1929 ) ;
#1942 = AXIS2_PLACEMENT_3D ( 'NONE', #1711, #1854, #1888 ) ;
#1943 = DIRECTION ( 'NONE',  ( -1.000000000000000000, 0.000000000000000000, 0.000000000000000000 ) ) ;
#1944 = CARTESIAN_POINT ( 'NONE',  ( -6.000000000000000000, 24.78406746278746198, 16.00000000000000000 ) ) ;
#1945 = CIRCLE ( 'NONE', #2235, 5.424999999999999822 ) ;
#1946 = ORIENTED_EDGE ( 'NONE', *, *, #1952, .F. ) ;
#1947 = VECTOR ( 'NONE', #624, 1000.000000000000000 ) ;
#1948 = CARTESIAN_POINT ( 'NONE',  ( -5.983807832389638648, 28.88674512341312806, 8.440504057906862201 ) ) ;
#1949 = CARTESIAN_POINT ( 'NONE',  ( -23.50000000000000000, 14.28285685708570085, 16.00000000000000000 ) ) ;
#1950 = ORIENTED_EDGE ( 'NONE', *, *, #1583, .T. ) ;
#1951 = DIRECTION ( 'NONE',  ( -1.000000000000000000, 0.000000000000000000, -0.000000000000000000 ) ) ;
#1952 = EDGE_CURVE ( 'NONE', #1580, #1961, #2080, .T. ) ;
#1953 = ORIENTED_EDGE ( 'NONE', *, *, #2149, .T. ) ;
#1954 = ORIENTED_EDGE ( 'NONE', *, *, #339, .F. ) ;
#1955 = CARTESIAN_POINT ( 'NONE',  ( -6.000000000000000000, 0.000000000000000000, 48.99999999999999289 ) ) ;
#1956 = CARTESIAN_POINT ( 'NONE',  ( 5.510910596163087583E-16, -26.94438717061495936, 3.500000000000000444 ) ) ;
#1957 = ORIENTED_EDGE ( 'NONE', *, *, #1239, .F. ) ;
#1958 = LINE ( 'NONE', #1377, #780 ) ;
#1959 = EDGE_CURVE ( 'NONE', #1606, #612, #1600, .T. ) ;
#1960 = LINE ( 'NONE', #1949, #1053 ) ;
#1961 = VERTEX_POINT ( 'NONE', #2084 ) ;
#1962 = FACE_OUTER_BOUND ( 'NONE', #1425, .T. ) ;
#1963 = ORIENTED_EDGE ( 'NONE', *, *, #859, .F. ) ;
#1964 = EDGE_CURVE ( 'NONE', #1993, #586, #175, .T. ) ;
#1965 = VERTEX_POINT ( 'NONE', #880 ) ;
#1966 = LINE ( 'NONE', #1473, #1100 ) ;
#1967 = PLANE ( 'NONE',  #872 ) ;
#1968 = AXIS2_PLACEMENT_3D ( 'NONE', #1155, #1513, #2185 ) ;
#1969 = EDGE_LOOP ( 'NONE', ( #1845, #1509, #854, #699 ) ) ;
#1970 = VECTOR ( 'NONE', #756, 1000.000000000000000 ) ;
#1971 = DIRECTION ( 'NONE',  ( -0.000000000000000000, 0.000000000000000000, 1.000000000000000000 ) ) ;
#1972 = CARTESIAN_POINT ( 'NONE',  ( 0.000000000000000000, 28.94438717061496291, 8.000000000000000000 ) ) ;
#1973 = AXIS2_PLACEMENT_3D ( 'NONE', #2071, #2049, #1873 ) ;
#1974 = ORIENTED_EDGE ( 'NONE', *, *, #1715, .F. ) ;
#1975 = AXIS2_PLACEMENT_3D ( 'NONE', #1244, #164, #375 ) ;
#1976 = DIRECTION ( 'NONE',  ( 0.000000000000000000, 0.000000000000000000, -1.000000000000000000 ) ) ;
#1977 = ORIENTED_EDGE ( 'NONE', *, *, #186, .T. ) ;
#1978 = ORIENTED_EDGE ( 'NONE', *, *, #1002, .F. ) ;
#1979 = EDGE_CURVE ( 'NONE', #878, #393, #1375, .T. ) ;
#1980 = CYLINDRICAL_SURFACE ( 'NONE', #1603, 1.000000000000000888 ) ;
#1981 = DIRECTION ( 'NONE',  ( 0.000000000000000000, 0.000000000000000000, 1.000000000000000000 ) ) ;
#1982 = VECTOR ( 'NONE', #1330, 1000.000000000000000 ) ;
#1983 = EDGE_CURVE ( 'NONE', #1586, #73, #469, .T. ) ;
#1984 = VERTEX_POINT ( 'NONE', #1956 ) ;
#1985 = EDGE_CURVE ( 'NONE', #1539, #615, #1727, .T. ) ;
#1986 = CARTESIAN_POINT ( 'NONE',  ( 0.000000000000000000, -26.94438717061495936, 0.000000000000000000 ) ) ;
#1987 = AXIS2_PLACEMENT_3D ( 'NONE', #3, #17, #739 ) ;
#1988 = DIRECTION ( 'NONE',  ( 0.000000000000000000, 1.000000000000000000, -0.000000000000000000 ) ) ;
#1989 = CIRCLE ( 'NONE', #1864, 2.000000000000001776 ) ;
#1990 = VERTEX_POINT ( 'NONE', #347 ) ;
#1991 = DIRECTION ( 'NONE',  ( -0.000000000000000000, -1.000000000000000000, -0.000000000000000000 ) ) ;
#1992 = CARTESIAN_POINT ( 'NONE',  ( 23.50000000000000000, -14.28285685708570085, 0.000000000000000000 ) ) ;
#1993 = VERTEX_POINT ( 'NONE', #216 ) ;
#1994 = LINE ( 'NONE', #421, #360 ) ;
#1995 = CARTESIAN_POINT ( 'NONE',  ( 4.000000000000000000, 26.94438717061495581, 16.00000000000000000 ) ) ;
#1996 = ORIENTED_EDGE ( 'NONE', *, *, #1656, .T. ) ;
#1997 = CARTESIAN_POINT ( 'NONE',  ( 27.50000000000000000, 0.000000000000000000, 0.000000000000000000 ) ) ;
#1998 = CARTESIAN_POINT ( 'NONE',  ( -5.294105087969223966, 24.94438717061492383, 16.00000000000000000 ) ) ;
#1999 = VERTEX_POINT ( 'NONE', #1245 ) ;
#2000 = CARTESIAN_POINT ( 'NONE',  ( 5.510910596163087583E-16, 26.94438717061495936, 3.500000000000000444 ) ) ;
#2001 = CARTESIAN_POINT ( 'NONE',  ( -23.50000000000000000, 6.643708885374393817E-16, 13.42499999999999893 ) ) ;
#2002 = ORIENTED_EDGE ( 'NONE', *, *, #462, .T. ) ;
#2003 = DIRECTION ( 'NONE',  ( -0.000000000000000000, -1.000000000000000000, -0.000000000000000000 ) ) ;
#2004 = CARTESIAN_POINT ( 'NONE',  ( -27.50000000000000000, 0.000000000000000000, 2.575000000000000178 ) ) ;
#2005 = VERTEX_POINT ( 'NONE', #1944 ) ;
#2006 = FACE_BOUND ( 'NONE', #808, .T. ) ;
#2007 = CARTESIAN_POINT ( 'NONE',  ( -5.473182553376731541, 26.67951983014103945, 15.00320690571449767 ) ) ;
#2008 = AXIS2_PLACEMENT_3D ( 'NONE', #1972, #350, #1934 ) ;
#2009 = CARTESIAN_POINT ( 'NONE',  ( -23.50000000000000000, 14.28285685708570085, 16.00000000000000000 ) ) ;
#2010 = CIRCLE ( 'NONE', #2040, 27.50000000000000000 ) ;
#2011 = AXIS2_PLACEMENT_3D ( 'NONE', #1829, #746, #792 ) ;
#2012 = DIRECTION ( 'NONE',  ( 1.000000000000000000, 0.000000000000000000, 0.000000000000000000 ) ) ;
#2013 = AXIS2_PLACEMENT_3D ( 'NONE', #1386, #1755, #194 ) ;
#2014 = FACE_OUTER_BOUND ( 'NONE', #76, .T. ) ;
#2015 = LINE ( 'NONE', #953, #1096 ) ;
#2016 = EDGE_LOOP ( 'NONE', ( #1974, #1898, #1262, #578, #741, #1476, #5, #1762, #1040, #912, #236, #113, #130, #1548 ) ) ;
#2017 = DIRECTION ( 'NONE',  ( 0.000000000000000000, 1.000000000000000000, 0.000000000000000000 ) ) ;
#2018 = DIRECTION ( 'NONE',  ( 0.000000000000000000, 1.000000000000000000, 0.000000000000000000 ) ) ;
#2019 = ORIENTED_EDGE ( 'NONE', *, *, #1905, .F. ) ;
#2020 = AXIS2_PLACEMENT_3D ( 'NONE', #1878, #680, #159 ) ;
#2021 = DIRECTION ( 'NONE',  ( -0.000000000000000000, 0.000000000000000000, 1.000000000000000000 ) ) ;
#2022 = AXIS2_PLACEMENT_3D ( 'NONE', #977, #1991, #417 ) ;
#2023 = CARTESIAN_POINT ( 'NONE',  ( -5.698460433971614947, 28.94438717061495936, 6.121823042825826455 ) ) ;
#2024 = EDGE_CURVE ( 'NONE', #2130, #681, #1210, .T. ) ;
#2025 = CARTESIAN_POINT ( 'NONE',  ( -27.50000000000000000, 6.643708885374393817E-16, 13.42499999999999893 ) ) ;
#2026 = DIRECTION ( 'NONE',  ( 1.000000000000000000, 0.000000000000000000, -0.000000000000000000 ) ) ;
#2027 = DIRECTION ( 'NONE',  ( 0.000000000000000000, 0.000000000000000000, 1.000000000000000000 ) ) ;
#2028 = DIRECTION ( 'NONE',  ( -1.000000000000000000, 0.000000000000000000, 0.000000000000000000 ) ) ;
#2029 = ORIENTED_EDGE ( 'NONE', *, *, #2117, .F. ) ;
#2030 = ADVANCED_FACE ( 'NONE', ( #1768 ), #915, .T. ) ;
#2031 = CARTESIAN_POINT ( 'NONE',  ( -6.000000000000000000, -0.000000000000000000, 44.00000000000000000 ) ) ;
#2032 = ORIENTED_EDGE ( 'NONE', *, *, #1103, .F. ) ;
#2033 = CARTESIAN_POINT ( 'NONE',  ( -6.000000000000000000, 28.88338622807236078, 7.679572683757598384 ) ) ;
#2034 = ORIENTED_EDGE ( 'NONE', *, *, #90, .T. ) ;
#2035 = FACE_BOUND ( 'NONE', #1217, .T. ) ;
#2036 = CARTESIAN_POINT ( 'NONE',  ( -5.500000000000009770, 26.94438717061495581, 14.00000000000000000 ) ) ;
#2037 = VERTEX_POINT ( 'NONE', #1907 ) ;
#2038 = CARTESIAN_POINT ( 'NONE',  ( -23.50000000000000000, -14.28285685708570085, 16.00000000000000000 ) ) ;
#2039 = AXIS2_PLACEMENT_3D ( 'NONE', #1324, #1847, #109 ) ;
#2040 = AXIS2_PLACEMENT_3D ( 'NONE', #853, #1751, #1396 ) ;
#2041 = DIRECTION ( 'NONE',  ( -0.000000000000000000, -0.000000000000000000, -1.000000000000000000 ) ) ;
#2042 = AXIS2_PLACEMENT_3D ( 'NONE', #1808, #1130, #944 ) ;
#2043 = CIRCLE ( 'NONE', #1561, 1.000000000000000888 ) ;
#2044 = CYLINDRICAL_SURFACE ( 'NONE', #627, 2.375000000000002220 ) ;
#2045 = ORIENTED_EDGE ( 'NONE', *, *, #1650, .T. ) ;
#2046 = PLANE ( 'NONE',  #137 ) ;
#2047 = EDGE_CURVE ( 'NONE', #1725, #689, #1741, .T. ) ;
#2048 = DIRECTION ( 'NONE',  ( 1.000000000000000000, 0.000000000000000000, 0.000000000000000000 ) ) ;
#2049 = DIRECTION ( 'NONE',  ( 0.000000000000000000, 0.000000000000000000, -1.000000000000000000 ) ) ;
#2050 = ADVANCED_FACE ( 'NONE', ( #1779 ), #1608, .F. ) ;
#2051 = EDGE_LOOP ( 'NONE', ( #2108, #2072, #609, #172 ) ) ;
#2052 = CARTESIAN_POINT ( 'NONE',  ( -27.50000000000000000, 10.67707825203130767, 16.00000000000000000 ) ) ;
#2053 = CIRCLE ( 'NONE', #1752, 0.8750000000000007772 ) ;
#2054 = EDGE_CURVE ( 'NONE', #2037, #1438, #1342, .T. ) ;
#2055 = AXIS2_PLACEMENT_3D ( 'NONE', #1204, #316, #287 ) ;
#2056 = DIRECTION ( 'NONE',  ( 2.168404344971007142E-16, 1.000000000000000000, -0.000000000000000000 ) ) ;
#2057 = AXIS2_PLACEMENT_3D ( 'NONE', #368, #752, #2102 ) ;
#2058 = AXIS2_PLACEMENT_3D ( 'NONE', #70, #794, #1486 ) ;
#2059 = VERTEX_POINT ( 'NONE', #1221 ) ;
#2060 = EDGE_CURVE ( 'NONE', #1448, #2059, #1637, .T. ) ;
#2061 = DIRECTION ( 'NONE',  ( -0.000000000000000000, -0.000000000000000000, -1.000000000000000000 ) ) ;
#2062 = PLANE ( 'NONE',  #662 ) ;
#2063 = CARTESIAN_POINT ( 'NONE',  ( -27.50000000000000000, -10.67707825203130767, 16.00000000000000000 ) ) ;
#2064 = EDGE_LOOP ( 'NONE', ( #1246, #1925, #626, #2097 ) ) ;
#2065 = CARTESIAN_POINT ( 'NONE',  ( 5.500000000000000000, -28.94438717061496291, 18.00000000000000355 ) ) ;
#2066 = EDGE_CURVE ( 'NONE', #500, #179, #269, .T. ) ;
#2067 = CARTESIAN_POINT ( 'NONE',  ( 4.000000000000000000, 30.74438717061495296, 12.89897948556635576 ) ) ;
#2068 = VERTEX_POINT ( 'NONE', #1995 ) ;
#2069 = CARTESIAN_POINT ( 'NONE',  ( 4.000000000000000000, 19.99438717061496007, 21.00000000000000000 ) ) ;
#2070 = CARTESIAN_POINT ( 'NONE',  ( 0.000000000000000000, -28.94438717061496291, 38.33326214383944119 ) ) ;
#2071 = CARTESIAN_POINT ( 'NONE',  ( -6.000000000000000000, 0.000000000000000000, 44.00000000000000000 ) ) ;
#2072 = ORIENTED_EDGE ( 'NONE', *, *, #1668, .T. ) ;
#2073 = DIRECTION ( 'NONE',  ( 0.000000000000000000, 0.000000000000000000, -1.000000000000000000 ) ) ;
#2074 = DIRECTION ( 'NONE',  ( 1.000000000000000000, 0.000000000000000000, 0.000000000000000000 ) ) ;
#2075 = EDGE_CURVE ( 'NONE', #1253, #367, #1824, .T. ) ;
#2076 = AXIS2_PLACEMENT_3D ( 'NONE', #619, #277, #2216 ) ;
#2077 = ORIENTED_EDGE ( 'NONE', *, *, #1402, .F. ) ;
#2078 = CARTESIAN_POINT ( 'NONE',  ( -23.50000000000000000, 0.000000000000000000, 0.000000000000000000 ) ) ;
#2079 = ORIENTED_EDGE ( 'NONE', *, *, #896, .F. ) ;
#2080 = CIRCLE ( 'NONE', #656, 6.000000000000000000 ) ;
#2081 = ADVANCED_FACE ( 'NONE', ( #1839 ), #1665, .F. ) ;
#2082 = AXIS2_PLACEMENT_3D ( 'NONE', #324, #2249, #1209 ) ;
#2083 = CYLINDRICAL_SURFACE ( 'NONE', #1528, 0.8749999999999973355 ) ;
#2084 = CARTESIAN_POINT ( 'NONE',  ( 0.000000000000000000, -30.74438717061495296, 14.00000000000000000 ) ) ;
#2085 = CIRCLE ( 'NONE', #1605, 0.8749999999999973355 ) ;
#2086 = VERTEX_POINT ( 'NONE', #1279 ) ;
#2087 = CARTESIAN_POINT ( 'NONE',  ( -23.50000000000000000, -14.28285685708570085, 0.000000000000000000 ) ) ;
#2088 = ORIENTED_EDGE ( 'NONE', *, *, #1937, .T. ) ;
#2089 = CARTESIAN_POINT ( 'NONE',  ( -27.50000000000000000, 0.000000000000000000, 8.000000000000000000 ) ) ;
#2090 = ORIENTED_EDGE ( 'NONE', *, *, #1409, .F. ) ;
#2091 = AXIS2_PLACEMENT_3D ( 'NONE', #1510, #1679, #115 ) ;
#2092 = DIRECTION ( 'NONE',  ( 0.000000000000000000, 1.000000000000000000, -0.000000000000000000 ) ) ;
#2093 = ORIENTED_EDGE ( 'NONE', *, *, #2243, .T. ) ;
#2094 = ADVANCED_FACE ( 'NONE', ( #1657 ), #438, .F. ) ;
#2095 = CARTESIAN_POINT ( 'NONE',  ( 23.50000000000000355, 0.000000000000000000, 2.575000000000000178 ) ) ;
#2096 = DIRECTION ( 'NONE',  ( 0.000000000000000000, -1.000000000000000000, 0.000000000000000000 ) ) ;
#2097 = ORIENTED_EDGE ( 'NONE', *, *, #1252, .T. ) ;
#2098 = DIRECTION ( 'NONE',  ( -0.000000000000000000, 0.000000000000000000, 1.000000000000000000 ) ) ;
#2099 = CARTESIAN_POINT ( 'NONE',  ( 5.500000000000000000, -26.94438717061495936, 0.000000000000000000 ) ) ;
#2100 = ADVANCED_FACE ( 'NONE', ( #432 ), #1118, .F. ) ;
#2101 = ORIENTED_EDGE ( 'NONE', *, *, #1039, .F. ) ;
#2102 = DIRECTION ( 'NONE',  ( 0.000000000000000000, 0.000000000000000000, -1.000000000000000000 ) ) ;
#2103 = ORIENTED_EDGE ( 'NONE', *, *, #660, .F. ) ;
#2104 = DIRECTION ( 'NONE',  ( 0.000000000000000000, -0.000000000000000000, 1.000000000000000000 ) ) ;
#2105 = ORIENTED_EDGE ( 'NONE', *, *, #1731, .F. ) ;
#2106 = FACE_OUTER_BOUND ( 'NONE', #1394, .T. ) ;
#2107 = CARTESIAN_POINT ( 'NONE',  ( 4.000000000000000000, 28.74438717061496362, 4.335962019776724740E-15 ) ) ;
#2108 = ORIENTED_EDGE ( 'NONE', *, *, #569, .F. ) ;
#2109 = DIRECTION ( 'NONE',  ( 0.000000000000000000, 0.000000000000000000, 1.000000000000000000 ) ) ;
#2110 = LINE ( 'NONE', #1269, #582 ) ;
#2111 = ORIENTED_EDGE ( 'NONE', *, *, #1877, .T. ) ;
#2112 =( LENGTH_UNIT ( ) NAMED_UNIT ( * ) SI_UNIT ( .MILLI., .METRE. ) );
#2113 = ORIENTED_EDGE ( 'NONE', *, *, #557, .T. ) ;
#2114 = DIRECTION ( 'NONE',  ( -0.000000000000000000, -0.000000000000000000, -1.000000000000000000 ) ) ;
#2115 = ORIENTED_EDGE ( 'NONE', *, *, #397, .F. ) ;
#2116 = AXIS2_PLACEMENT_3D ( 'NONE', #597, #1461, #1127 ) ;
#2117 = EDGE_CURVE ( 'NONE', #2171, #554, #1291, .T. ) ;
#2118 = VECTOR ( 'NONE', #759, 1000.000000000000000 ) ;
#2119 = DIRECTION ( 'NONE',  ( 0.000000000000000000, -1.000000000000000000, 0.000000000000000000 ) ) ;
#2120 = DIRECTION ( 'NONE',  ( -0.000000000000000000, -0.000000000000000000, -1.000000000000000000 ) ) ;
#2121 = VECTOR ( 'NONE', #478, 1000.000000000000000 ) ;
#2122 = ORIENTED_EDGE ( 'NONE', *, *, #1264, .T. ) ;
#2123 = DIRECTION ( 'NONE',  ( 0.000000000000000000, 0.000000000000000000, 1.000000000000000000 ) ) ;
#2124 = CIRCLE ( 'NONE', #317, 6.000000000000000000 ) ;
#2125 = CARTESIAN_POINT ( 'NONE',  ( 27.50000000000000000, -10.67707825203130412, 16.00000000000000000 ) ) ;
#2126 = EDGE_CURVE ( 'NONE', #878, #1923, #1138, .T. ) ;
#2127 = VERTEX_POINT ( 'NONE', #965 ) ;
#2128 = CARTESIAN_POINT ( 'NONE',  ( -6.000000000000000000, 26.83747380063928389, 14.00000000000000000 ) ) ;
#2129 = ORIENTED_EDGE ( 'NONE', *, *, #1685, .F. ) ;
#2130 = VERTEX_POINT ( 'NONE', #1313 ) ;
#2131 = ADVANCED_FACE ( 'NONE', ( #1104, #1817 ), #1967, .F. ) ;
#2132 = DIRECTION ( 'NONE',  ( 0.000000000000000000, 1.000000000000000000, -0.000000000000000000 ) ) ;
#2133 = DIRECTION ( 'NONE',  ( 0.000000000000000000, 0.000000000000000000, -1.000000000000000000 ) ) ;
#2134 = AXIS2_PLACEMENT_3D ( 'NONE', #136, #1531, #1720 ) ;
#2135 = EDGE_LOOP ( 'NONE', ( #1128, #905, #1293, #884 ) ) ;
#2136 = CARTESIAN_POINT ( 'NONE',  ( 4.000000000000000000, 28.94438717061495936, 16.00000000000000000 ) ) ;
#2137 = CARTESIAN_POINT ( 'NONE',  ( 0.000000000000000000, -28.94438717061496291, 39.50000000000001421 ) ) ;
#2138 = ADVANCED_FACE ( 'NONE', ( #229 ), #783, .F. ) ;
#2139 = ORIENTED_EDGE ( 'NONE', *, *, #645, .F. ) ;
#2140 = DIRECTION ( 'NONE',  ( 0.000000000000000000, 0.000000000000000000, -1.000000000000000000 ) ) ;
#2141 = ORIENTED_EDGE ( 'NONE', *, *, #1889, .F. ) ;
#2142 = EDGE_LOOP ( 'NONE', ( #1395, #1346 ) ) ;
#2143 = FACE_OUTER_BOUND ( 'NONE', #1047, .T. ) ;
#2144 = DIRECTION ( 'NONE',  ( 1.000000000000000000, -0.000000000000000000, -0.000000000000000000 ) ) ;
#2145 = ORIENTED_EDGE ( 'NONE', *, *, #1039, .T. ) ;
#2146 = CARTESIAN_POINT ( 'NONE',  ( -5.500000000000009770, 26.94438717061495581, 14.00000000000000000 ) ) ;
#2147 = CARTESIAN_POINT ( 'NONE',  ( -6.000000000000000000, 28.82070957967865610, -0.2197613061383729693 ) ) ;
#2148 = ORIENTED_EDGE ( 'NONE', *, *, #1239, .T. ) ;
#2149 = EDGE_CURVE ( 'NONE', #73, #876, #611, .T. ) ;
#2150 = CARTESIAN_POINT ( 'NONE',  ( 27.50000000000000000, 0.000000000000000000, 8.000000000000000000 ) ) ;
#2151 = ORIENTED_EDGE ( 'NONE', *, *, #2214, .F. ) ;
#2152 = ORIENTED_EDGE ( 'NONE', *, *, #1402, .T. ) ;
#2153 = EDGE_CURVE ( 'NONE', #126, #1965, #2015, .T. ) ;
#2154 = DIRECTION ( 'NONE',  ( 0.000000000000000000, 0.000000000000000000, 1.000000000000000000 ) ) ;
#2155 = CARTESIAN_POINT ( 'NONE',  ( -5.899298555906616670, -28.90484692798575139, 9.268826444642130014 ) ) ;
#2156 = VECTOR ( 'NONE', #541, 1000.000000000000000 ) ;
#2157 = ORIENTED_EDGE ( 'NONE', *, *, #21, .T. ) ;
#2158 = CARTESIAN_POINT ( 'NONE',  ( 0.000000000000000000, 30.74438717061495296, 12.50000000000000000 ) ) ;
#2159 = CARTESIAN_POINT ( 'NONE',  ( -3.500000000000000000, -28.94438717061496291, 18.00000000000000355 ) ) ;
#2160 = VECTOR ( 'NONE', #665, 1000.000000000000000 ) ;
#2161 = EDGE_LOOP ( 'NONE', ( #2045, #319 ) ) ;
#2162 = AXIS2_PLACEMENT_3D ( 'NONE', #1955, #1460, #1642 ) ;
#2163 = CARTESIAN_POINT ( 'NONE',  ( -6.000000000000000888, 28.88338622807235723, 8.147024562716186580 ) ) ;
#2164 = ORIENTED_EDGE ( 'NONE', *, *, #2153, .T. ) ;
#2165 = ORIENTED_EDGE ( 'NONE', *, *, #1774, .T. ) ;
#2166 = CIRCLE ( 'NONE', #1288, 27.50000000000000000 ) ;
#2167 = DIRECTION ( 'NONE',  ( -1.000000000000000000, 2.168404344971007142E-16, 0.000000000000000000 ) ) ;
#2168 = EDGE_CURVE ( 'NONE', #939, #1151, #1162, .T. ) ;
#2169 = DIRECTION ( 'NONE',  ( -0.000000000000000000, -1.000000000000000000, -0.000000000000000000 ) ) ;
#2170 = AXIS2_PLACEMENT_3D ( 'NONE', #2225, #493, #1722 ) ;
#2171 = VERTEX_POINT ( 'NONE', #1620 ) ;
#2172 = DIRECTION ( 'NONE',  ( 0.000000000000000000, 0.000000000000000000, 1.000000000000000000 ) ) ;
#2173 = AXIS2_PLACEMENT_3D ( 'NONE', #404, #838, #2073 ) ;
#2174 = LINE ( 'NONE', #957, #1200 ) ;
#2175 = CARTESIAN_POINT ( 'NONE',  ( -5.500000000000000000, -26.94438717061495936, 16.00000000000000000 ) ) ;
#2176 = FACE_OUTER_BOUND ( 'NONE', #618, .T. ) ;
#2177 = ORIENTED_EDGE ( 'NONE', *, *, #1964, .T. ) ;
#2178 = DIRECTION ( 'NONE',  ( -1.000000000000000000, 0.000000000000000000, 0.000000000000000000 ) ) ;
#2179 = DIRECTION ( 'NONE',  ( -0.000000000000000000, -0.000000000000000000, -1.000000000000000000 ) ) ;
#2180 = ORIENTED_EDGE ( 'NONE', *, *, #1983, .F. ) ;
#2181 = FACE_BOUND ( 'NONE', #1669, .T. ) ;
#2182 = DIRECTION ( 'NONE',  ( -0.000000000000000000, -1.000000000000000000, -0.000000000000000000 ) ) ;
#2183 = CARTESIAN_POINT ( 'NONE',  ( 4.000000000000000000, 28.94438717061495936, 12.89897948556635576 ) ) ;
#2184 = CYLINDRICAL_SURFACE ( 'NONE', #1111, 27.50000000000000000 ) ;
#2185 = DIRECTION ( 'NONE',  ( 0.000000000000000000, 0.000000000000000000, 1.000000000000000000 ) ) ;
#2186 = DIRECTION ( 'NONE',  ( -0.000000000000000000, -1.000000000000000000, -0.000000000000000000 ) ) ;
#2187 = ORIENTED_EDGE ( 'NONE', *, *, #354, .F. ) ;
#2188 = LINE ( 'NONE', #1986, #1947 ) ;
#2189 = CARTESIAN_POINT ( 'NONE',  ( -5.458397764982519718, 26.53407583274435311, 15.22065531552710382 ) ) ;
#2190 = AXIS2_PLACEMENT_3D ( 'NONE', #2137, #379, #894 ) ;
#2191 = EDGE_LOOP ( 'NONE', ( #1178, #1471, #1365, #1901 ) ) ;
#2192 = CARTESIAN_POINT ( 'NONE',  ( -5.994603238148409119, 28.88450888553803964, 8.293859248685143015 ) ) ;
#2193 = TOROIDAL_SURFACE ( 'NONE', #2042, 3.375000000000002220, 1.000000000000000000 ) ;
#2194 = CARTESIAN_POINT ( 'NONE',  ( 0.000000000000000000, 30.74438717061495296, 8.000000000000000000 ) ) ;
#2195 = VECTOR ( 'NONE', #2207, 1000.000000000000000 ) ;
#2196 = DIRECTION ( 'NONE',  ( -0.000000000000000000, -1.000000000000000000, -0.000000000000000000 ) ) ;
#2197 = DIRECTION ( 'NONE',  ( 0.000000000000000000, 0.000000000000000000, -1.000000000000000000 ) ) ;
#2198 = EDGE_CURVE ( 'NONE', #542, #377, #213, .T. ) ;
#2199 = CARTESIAN_POINT ( 'NONE',  ( -5.698460433971614947, -28.94438717061496291, 16.00000000000000000 ) ) ;
#2200 = DIRECTION ( 'NONE',  ( -0.000000000000000000, -0.000000000000000000, -1.000000000000000000 ) ) ;
#2201 = ORIENTED_EDGE ( 'NONE', *, *, #1186, .F. ) ;
#2202 = AXIS2_PLACEMENT_3D ( 'NONE', #2065, #327, #491 ) ;
#2203 = DIRECTION ( 'NONE',  ( -0.000000000000000000, -0.000000000000000000, -1.000000000000000000 ) ) ;
#2204 = EDGE_CURVE ( 'NONE', #955, #672, #1805, .T. ) ;
#2205 = VECTOR ( 'NONE', #463, 1000.000000000000000 ) ;
#2206 = LINE ( 'NONE', #639, #1982 ) ;
#2207 = DIRECTION ( 'NONE',  ( -0.000000000000000000, -1.000000000000000000, -0.000000000000000000 ) ) ;
#2208 = CARTESIAN_POINT ( 'NONE',  ( -6.000000000000000000, 19.99438717061496007, 48.99999999999999289 ) ) ;
#2209 = EDGE_CURVE ( 'NONE', #2130, #393, #1891, .T. ) ;
#2210 = DIRECTION ( 'NONE',  ( 1.000000000000000000, 0.000000000000000000, 0.000000000000000000 ) ) ;
#2211 = DIRECTION ( 'NONE',  ( -0.000000000000000000, -0.000000000000000000, -1.000000000000000000 ) ) ;
#2212 = ORIENTED_EDGE ( 'NONE', *, *, #519, .T. ) ;
#2213 = CARTESIAN_POINT ( 'NONE',  ( 0.000000000000000000, -28.94438717061496291, 38.33326214383944119 ) ) ;
#2214 = EDGE_CURVE ( 'NONE', #1559, #955, #1110, .T. ) ;
#2215 = CARTESIAN_POINT ( 'NONE',  ( 23.50000000000000000, -14.28285685708570085, 16.00000000000000000 ) ) ;
#2216 = DIRECTION ( 'NONE',  ( 0.000000000000000000, 0.000000000000000000, -1.000000000000000000 ) ) ;
#2217 = EDGE_CURVE ( 'NONE', #796, #924, #1514, .T. ) ;
#2218 = FACE_OUTER_BOUND ( 'NONE', #1545, .T. ) ;
#2219 = ADVANCED_FACE ( 'NONE', ( #496, #2218 ), #2046, .F. ) ;
#2220 = CARTESIAN_POINT ( 'NONE',  ( -3.499999999999999556, -26.94438717061495936, 43.00000000000001421 ) ) ;
#2221 = DIRECTION ( 'NONE',  ( 0.000000000000000000, 0.000000000000000000, -1.000000000000000000 ) ) ;
#2222 = ORIENTED_EDGE ( 'NONE', *, *, #1811, .T. ) ;
#2223 = CYLINDRICAL_SURFACE ( 'NONE', #1322, 5.424999999999999822 ) ;
#2224 = AXIS2_PLACEMENT_3D ( 'NONE', #521, #695, #1218 ) ;
#2225 = CARTESIAN_POINT ( 'NONE',  ( 0.000000000000000000, 0.000000000000000000, 0.000000000000000000 ) ) ;
#2226 = AXIS2_PLACEMENT_3D ( 'NONE', #1917, #1049, #1981 ) ;
#2227 = ORIENTED_EDGE ( 'NONE', *, *, #654, .T. ) ;
#2228 = AXIS2_PLACEMENT_3D ( 'NONE', #536, #1895, #1062 ) ;
#2229 = DIRECTION ( 'NONE',  ( 1.000000000000000000, -0.000000000000000000, -0.000000000000000000 ) ) ;
#2230 = CARTESIAN_POINT ( 'NONE',  ( 4.000000000000000000, 24.94438717061495936, 14.00000000000000000 ) ) ;
#2231 = DIRECTION ( 'NONE',  ( 0.000000000000000000, 0.000000000000000000, 1.000000000000000000 ) ) ;
#2232 = ORIENTED_EDGE ( 'NONE', *, *, #1543, .T. ) ;
#2233 = LINE ( 'NONE', #2038, #559 ) ;
#2234 = DIRECTION ( 'NONE',  ( 0.000000000000000000, 0.000000000000000000, -1.000000000000000000 ) ) ;
#2235 = AXIS2_PLACEMENT_3D ( 'NONE', #1773, #1912, #1238 ) ;
#2236 = ORIENTED_EDGE ( 'NONE', *, *, #666, .F. ) ;
#2237 = CARTESIAN_POINT ( 'NONE',  ( -27.50000000000000000, 6.643708885374391845E-16, 13.42499999999999893 ) ) ;
#2238 = CARTESIAN_POINT ( 'NONE',  ( -5.873840692006932152, -28.90935199436926695, 6.735591129776299368 ) ) ;
#2239 = CARTESIAN_POINT ( 'NONE',  ( 5.500000000000009770, 26.94438717061495581, 16.00000000000000000 ) ) ;
#2240 = CARTESIAN_POINT ( 'NONE',  ( 5.698460433971614947, 28.94438717061495936, 16.00000000000000000 ) ) ;
#2241 = ORIENTED_EDGE ( 'NONE', *, *, #405, .F. ) ;
#2242 = DIRECTION ( 'NONE',  ( -1.000000000000000000, 0.000000000000000000, 0.000000000000000000 ) ) ;
#2243 = EDGE_CURVE ( 'NONE', #45, #1559, #982, .T. ) ;
#2244 = CARTESIAN_POINT ( 'NONE',  ( 5.500000000000000000, -26.94438717061495936, 16.00000000000000000 ) ) ;
#2245 = ADVANCED_FACE ( 'NONE', ( #810, #1495 ), #1882, .T. ) ;
#2246 = ORIENTED_EDGE ( 'NONE', *, *, #862, .T. ) ;
#2247 = LINE ( 'NONE', #2078, #1595 ) ;
#2248 = EDGE_LOOP ( 'NONE', ( #1954, #1406, #978, #77 ) ) ;
#2249 = DIRECTION ( 'NONE',  ( 0.000000000000000000, 1.000000000000000000, 0.000000000000000000 ) ) ;
#2250 = CYLINDRICAL_SURFACE ( 'NONE', #622, 29.50000000000000000 ) ;
#2251 = EDGE_LOOP ( 'NONE', ( #1721, #1931, #2129, #997 ) ) ;
#2252 = DIRECTION ( 'NONE',  ( -0.000000000000000000, 0.000000000000000000, 1.000000000000000000 ) ) ;
#2253 = ORIENTED_EDGE ( 'NONE', *, *, #1793, .T. ) ;
#2254 = PLANE ( 'NONE',  #1942 ) ;
#2255 = VECTOR ( 'NONE', #1443, 1000.000000000000000 ) ;
#2256 = ORIENTED_EDGE ( 'NONE', *, *, #453, .T. ) ;
#2257 = FACE_OUTER_BOUND ( 'NONE', #1024, .T. ) ;
#2258 = VERTEX_POINT ( 'NONE', #1693 ) ;
#2259 = CIRCLE ( 'NONE', #1558, 0.8749999999999973355 ) ;
#2260 = AXIS2_PLACEMENT_3D ( 'NONE', #384, #1778, #2167 ) ;
#2261 = CARTESIAN_POINT ( 'NONE',  ( 0.000000000000000000, -28.94438717061496291, 8.000000000000000000 ) ) ;
#2262 = DIRECTION ( 'NONE',  ( 1.000000000000000000, 0.000000000000000000, 0.000000000000000000 ) ) ;
#2263 = EDGE_CURVE ( 'NONE', #1961, #1580, #170, .T. ) ;
#2264 = ORIENTED_EDGE ( 'NONE', *, *, #1026, .F. ) ;
#2265 = DIRECTION ( 'NONE',  ( 0.000000000000000000, 1.000000000000000000, 0.000000000000000000 ) ) ;
#2266 = CARTESIAN_POINT ( 'NONE',  ( 7.347880794884119736E-16, -30.74438717061495296, 2.000000000000000000 ) ) ;
ENDSEC;
END-ISO-10303-21;
