ISO-10303-21;
HEADER;
FILE_DESCRIPTION (( 'STEP AP214' ),
    '1' );
FILE_NAME ('MotorMount.STEP',
    '2026-05-24T04:25:56',
    ( '' ),
    ( '' ),
    'SwSTEP 2.0',
    'SolidWorks 2025',
    '' );
FILE_SCHEMA (( 'AUTOMOTIVE_DESIGN' ));
ENDSEC;

DATA;
#1 = CARTESIAN_POINT ( 'NONE',  ( 19.21176122392368768, 0.7030166508437508677, 48.61112081836543553 ) ) ;
#2 = CARTESIAN_POINT ( 'NONE',  ( -14.47753393376189379, -0.8068526487363562039, 77.38706837518316206 ) ) ;
#3 = CARTESIAN_POINT ( 'NONE',  ( -19.24718988980233902, -0.6183607686540808501, 41.37639246560846118 ) ) ;
#4 = CARTESIAN_POINT ( 'NONE',  ( 14.47097676361669905, 0.9353420230608482377, 39.39946788755771223 ) ) ;
#5 = DIRECTION ( 'NONE',  ( 0.000000000000000000, 0.000000000000000000, -1.000000000000000000 ) ) ;
#6 = ORIENTED_EDGE ( 'NONE', *, *, #1527, .F. ) ;
#7 = DIRECTION ( 'NONE',  ( 1.000000000000000000, 6.123233995736767268E-17, 6.123233995736764803E-17 ) ) ;
#8 = CARTESIAN_POINT ( 'NONE',  ( 16.68310261593908095, 0.4511670093499098311, 41.35181228913268114 ) ) ;
#9 = ORIENTED_EDGE ( 'NONE', *, *, #1053, .F. ) ;
#10 = CARTESIAN_POINT ( 'NONE',  ( -14.40117842045666130, 1.697294582617845826, 83.50327953331620279 ) ) ;
#11 = CARTESIAN_POINT ( 'NONE',  ( 16.89676437494699002, 0.8488413148623511484, 48.57644886325267919 ) ) ;
#12 = LINE ( 'NONE', #1471, #980 ) ;
#13 = FACE_OUTER_BOUND ( 'NONE', #272, .T. ) ;
#14 = CARTESIAN_POINT ( 'NONE',  ( 13.57668158332684705, 5.093832973971922584, 47.52894512539215555 ) ) ;
#15 = DIRECTION ( 'NONE',  ( 1.000000000000000000, 6.123233995736764803E-17, 0.000000000000000000 ) ) ;
#16 = CARTESIAN_POINT ( 'NONE',  ( 19.38906249999999787, 0.000000000000000000, 48.67499999999999716 ) ) ;
#17 = CARTESIAN_POINT ( 'NONE',  ( 14.50000000000000000, 0.000000000000000000, 50.67499999999999716 ) ) ;
#18 = FACE_OUTER_BOUND ( 'NONE', #1725, .T. ) ;
#19 = ORIENTED_EDGE ( 'NONE', *, *, #2010, .F. ) ;
#20 = CARTESIAN_POINT ( 'NONE',  ( -16.61093749999999858, 0.000000000000000000, 50.67499999999999716 ) ) ;
#21 = CARTESIAN_POINT ( 'NONE',  ( 17.81620501004931612, 1.379870081049756170, 48.40616458077759887 ) ) ;
#22 = CARTESIAN_POINT ( 'NONE',  ( -18.70160769455797478, -1.212597738487043220, 48.46998560780205878 ) ) ;
#23 = EDGE_CURVE ( 'NONE', #2085, #694, #699, .T. ) ;
#24 = VECTOR ( 'NONE', #1487, 1000.000000000000000 ) ;
#25 = CARTESIAN_POINT ( 'NONE',  ( -17.14572909987202820, 1.110084235501108685, 50.56687675586592690 ) ) ;
#26 = CARTESIAN_POINT ( 'NONE',  ( -19.20444359947392599, -0.6977894424966871734, 41.39104339912696418 ) ) ;
#27 = CARTESIAN_POINT ( 'NONE',  ( 14.28253538945824452, 2.526128676433368803, 50.09552345321170463 ) ) ;
#28 = CARTESIAN_POINT ( 'NONE',  ( 14.05689050464581591, 3.557551975910285158, 45.95255904217381726 ) ) ;
#29 = B_SPLINE_CURVE_WITH_KNOTS ( 'NONE', 3,
 ( #827, #633, #275, #1759, #121, #1734, #1924, #86, #1543, #1912, #853, #1008, #2268, #1565, #1748, #72, #1554, #1590, #1773, #2293, #803, #261, #842, #623, #2280, #2306, #1360, #2087 ),
 .UNSPECIFIED., .F., .F.,
 ( 4, 2, 2, 2, 2, 2, 2, 2, 2, 2, 2, 2, 2, 4 ),
 ( 0.000000000000000000, 0.0002724660938709444545, 0.0005449321877418889090, 0.0008173982816128336345, 0.001089864375483778252, 0.001634796563225660113, 0.002179728750967541758, 0.002452194844838482581, 0.002724660938709422536, 0.003269593126451295073, 0.003542059220322235896, 0.003814525314193176718, 0.004086991408064117974, 0.004359457501935059230 ),
 .UNSPECIFIED. ) ;
#30 = CARTESIAN_POINT ( 'NONE',  ( -11.50000000000000355, -7.041719095097282852E-16, 80.65000000000000568 ) ) ;
#31 = CARTESIAN_POINT ( 'NONE',  ( 13.64097574000220625, -4.921540314245627989, 47.84991254335420052 ) ) ;
#32 = CARTESIAN_POINT ( 'NONE',  ( 16.65596621805561028, 0.3624602209311046930, 41.34182007391247993 ) ) ;
#33 = ORIENTED_EDGE ( 'NONE', *, *, #2124, .F. ) ;
#34 = CARTESIAN_POINT ( 'NONE',  ( 14.50000000000000000, 1.775737858763662015E-15, 60.00000000000000000 ) ) ;
#35 = CARTESIAN_POINT ( 'NONE',  ( 18.85288434091529908, -1.111351500047684349, 41.49453602929409612 ) ) ;
#36 = CARTESIAN_POINT ( 'NONE',  ( -17.81626705202680938, -1.388978789583923401, 48.40240546235060748 ) ) ;
#37 = B_SPLINE_CURVE_WITH_KNOTS ( 'NONE', 3,
 ( #1549, #425, #2261, #1882, #972, #1319, #1918, #581, #1494, #1158, #985, #1726, #453, #2081, #770, #628, #2047, #2274, #1893, #1535, #1184, #231, #961, #255, #400, #438, #92, #1134, #1366, #616, #1702, #267, #243, #1872 ),
 .UNSPECIFIED., .F., .F.,
 ( 4, 2, 2, 2, 2, 2, 2, 2, 2, 2, 2, 2, 2, 2, 2, 2, 4 ),
 ( 0.000000000000000000, 0.0007210591662628926908, 0.001442118332525785165, 0.002163177498788677530, 0.002884236665051569896, 0.003605295831314462261, 0.004326354997577355060, 0.005047414163840247860, 0.005768473330103140659, 0.006489532496366033458, 0.007210591662628926257, 0.007931650828891818189, 0.008652709995154710121, 0.009373769161417605522, 0.01009482832768049745, 0.01081588749394338939, 0.01153694666020628132 ),
 .UNSPECIFIED. ) ;
#38 = CARTESIAN_POINT ( 'NONE',  ( 14.49999999999999822, 0.1866351604440718848, 39.32499999999998863 ) ) ;
#39 = CARTESIAN_POINT ( 'NONE',  ( -11.50000000000000355, -3.500000000000000000, 80.65000000000000568 ) ) ;
#40 = DIRECTION ( 'NONE',  ( 1.000000000000000000, 0.000000000000000000, 0.000000000000000000 ) ) ;
#41 = AXIS2_PLACEMENT_3D ( 'NONE', #30, #1446, #1614 ) ;
#42 = FACE_OUTER_BOUND ( 'NONE', #1581, .T. ) ;
#43 = CARTESIAN_POINT ( 'NONE',  ( -17.14472424724343114, 1.109253955645608247, 41.49391038981529789 ) ) ;
#44 = CARTESIAN_POINT ( 'NONE',  ( 18.70369872913414611, 1.211584288714742330, 41.52964599003303903 ) ) ;
#45 = ORIENTED_EDGE ( 'NONE', *, *, #1867, .F. ) ;
#46 = CARTESIAN_POINT ( 'NONE',  ( -14.50000000000000000, 0.000000000000000000, 48.67499999999999716 ) ) ;
#47 = AXIS2_PLACEMENT_3D ( 'NONE', #536, #1826, #948 ) ;
#48 = DIRECTION ( 'NONE',  ( 0.000000000000000000, 0.000000000000000000, -1.000000000000000000 ) ) ;
#49 = FACE_OUTER_BOUND ( 'NONE', #1944, .T. ) ;
#50 = CARTESIAN_POINT ( 'NONE',  ( -14.16123875959535816, -3.116278232943454185, 80.07290169435484017 ) ) ;
#51 = EDGE_LOOP ( 'NONE', ( #550, #1006, #1163, #1740 ) ) ;
#52 = DIRECTION ( 'NONE',  ( -1.000000000000000000, -0.000000000000000000, -0.000000000000000000 ) ) ;
#53 = CARTESIAN_POINT ( 'NONE',  ( -22.24999999999992539, 0.000000000000000000, 45.00000000000000000 ) ) ;
#54 = CARTESIAN_POINT ( 'NONE',  ( -18.18372288602773779, -1.389001238553297712, 50.50239044082482565 ) ) ;
#55 = CARTESIAN_POINT ( 'NONE',  ( -16.64812973237528126, 0.3670174563443845406, 41.33947509959655520 ) ) ;
#56 = EDGE_CURVE ( 'NONE', #1042, #487, #2318, .T. ) ;
#57 = FACE_OUTER_BOUND ( 'NONE', #881, .T. ) ;
#58 = ORIENTED_EDGE ( 'NONE', *, *, #79, .T. ) ;
#59 = CARTESIAN_POINT ( 'NONE',  ( -14.03292509911576325, 3.650942939461514047, 44.51606043124080969 ) ) ;
#60 = DIRECTION ( 'NONE',  ( -1.000000000000000000, -6.123233995736764803E-17, 0.000000000000000000 ) ) ;
#61 = CARTESIAN_POINT ( 'NONE',  ( -18.85427090012797535, 1.110084235501108685, 39.43312324413408021 ) ) ;
#62 = CARTESIAN_POINT ( 'NONE',  ( 22.24999999999992539, 0.000000000000000000, 45.00000000000000000 ) ) ;
#63 = ORIENTED_EDGE ( 'NONE', *, *, #1588, .F. ) ;
#64 = CARTESIAN_POINT ( 'NONE',  ( -14.47293989836825823, -0.9139925891191664764, 84.03643343635316398 ) ) ;
#65 = CARTESIAN_POINT ( 'NONE',  ( -11.50000000000000000, -3.499999999999996003, 60.00000000000000000 ) ) ;
#66 = CARTESIAN_POINT ( 'NONE',  ( -14.50000000000000000, 2.378730885826980773E-16, 84.02500000000000568 ) ) ;
#67 = CARTESIAN_POINT ( 'NONE',  ( 13.34323329740472275, -5.675220280204735346, 44.62887716420529927 ) ) ;
#68 = EDGE_CURVE ( 'NONE', #1570, #1313, #718, .T. ) ;
#69 = CARTESIAN_POINT ( 'NONE',  ( 0.000000000000000000, 0.000000000000000000, 60.00000000000000000 ) ) ;
#70 = ORIENTED_EDGE ( 'NONE', *, *, #333, .T. ) ;
#71 = CARTESIAN_POINT ( 'NONE',  ( -14.47046456840229922, 0.9546080224297893713, 48.55697086570187793 ) ) ;
#72 = CARTESIAN_POINT ( 'NONE',  ( 18.36130604617623874, 1.344332680325447615, 39.48649551885988274 ) ) ;
#73 = ADVANCED_FACE ( 'NONE', ( #2322 ), #1093, .F. ) ;
#74 = CARTESIAN_POINT ( 'NONE',  ( 17.14591437917417949, -1.110196927587213889, 39.43314961391575935 ) ) ;
#75 = AXIS2_PLACEMENT_3D ( 'NONE', #2068, #1532, #2259 ) ;
#76 = CARTESIAN_POINT ( 'NONE',  ( -17.14482230051520872, -1.109338759977162692, 48.50606410821880843 ) ) ;
#77 = DIRECTION ( 'NONE',  ( 0.000000000000000000, 0.000000000000000000, 1.000000000000000000 ) ) ;
#78 = EDGE_LOOP ( 'NONE', ( #1700, #358 ) ) ;
#79 = EDGE_CURVE ( 'NONE', #299, #662, #413, .T. ) ;
#80 = CARTESIAN_POINT ( 'NONE',  ( 0.000000000000000000, 0.000000000000000000, 60.00000000000000000 ) ) ;
#81 = CARTESIAN_POINT ( 'NONE',  ( -11.50000000000000178, -7.041719095097281866E-16, 61.00000000000000000 ) ) ;
#82 = CARTESIAN_POINT ( 'NONE',  ( -18.61785997276202309, -1.247440982781003127, 50.53631790606959129 ) ) ;
#83 = VECTOR ( 'NONE', #1709, 1000.000000000000000 ) ;
#84 = VERTEX_POINT ( 'NONE', #1048 ) ;
#85 = CARTESIAN_POINT ( 'NONE',  ( -15.48785044482063178, -0.4571155981795843593, 78.31425878841137944 ) ) ;
#86 = CARTESIAN_POINT ( 'NONE',  ( 16.89581080931065316, 0.8476338371945869588, 39.38814381007542664 ) ) ;
#87 = CARTESIAN_POINT ( 'NONE',  ( 16.89079632920025276, -0.8553751705596146504, 39.38834304713302004 ) ) ;
#88 = CARTESIAN_POINT ( 'NONE',  ( -18.36273772964145223, 1.343965542118467527, 48.42049049311911801 ) ) ;
#89 = EDGE_CURVE ( 'NONE', #782, #487, #1423, .T. ) ;
#90 = DIRECTION ( 'NONE',  ( 1.000000000000000000, 0.000000000000000000, 0.000000000000000000 ) ) ;
#91 = ORIENTED_EDGE ( 'NONE', *, *, #1925, .F. ) ;
#92 = CARTESIAN_POINT ( 'NONE',  ( 14.32682366584312561, -2.243297901770244351, 42.07931651350252622 ) ) ;
#93 = CARTESIAN_POINT ( 'NONE',  ( -14.28175554816856874, 2.530178695537220079, 50.09332368582909112 ) ) ;
#94 = CARTESIAN_POINT ( 'NONE',  ( -17.55143963339622815, -1.317769220475681236, 50.51999843750105157 ) ) ;
#95 = CARTESIAN_POINT ( 'NONE',  ( -16.95424982756875565, 0.9187186695164547556, 50.60051566487489083 ) ) ;
#96 = ORIENTED_EDGE ( 'NONE', *, *, #1268, .T. ) ;
#97 = CARTESIAN_POINT ( 'NONE',  ( -14.47753393376189379, -0.8068526487363577582, 77.38706837518316206 ) ) ;
#98 = CARTESIAN_POINT ( 'NONE',  ( 19.04622893412296492, -0.9181592098348457798, 48.55907037289618700 ) ) ;
#99 = DIRECTION ( 'NONE',  ( -0.000000000000000000, -0.000000000000000000, -1.000000000000000000 ) ) ;
#100 = CARTESIAN_POINT ( 'NONE',  ( -16.62012428603090086, 0.1837041990903295618, 48.67149976857189131 ) ) ;
#101 = DIRECTION ( 'NONE',  ( 0.000000000000000000, -1.000000000000000000, 0.000000000000000000 ) ) ;
#102 = ORIENTED_EDGE ( 'NONE', *, *, #1499, .T. ) ;
#103 = CARTESIAN_POINT ( 'NONE',  ( -15.47585738233932595, -0.6261373871155745396, 82.94624665755472392 ) ) ;
#104 = CARTESIAN_POINT ( 'NONE',  ( -13.57682144718404338, 5.093509943439336496, 42.46974634269596294 ) ) ;
#105 = B_SPLINE_CURVE_WITH_KNOTS ( 'NONE', 3,
 ( #2001, #38, #2212, #557, #4, #375, #2201, #1669, #2046, #737, #905, #1285, #1473, #769, #2012, #1296, #1860, #1122, #1111, #1098, #1847, #2180, #199, #388, #219, #929, #1680, #14, #567, #188, #748, #1837, #350, #1307, #1463, #1482, #27, #759, #399, #2023, #2035, #210 ),
 .UNSPECIFIED., .F., .F.,
 ( 4, 2, 2, 2, 2, 2, 2, 2, 2, 2, 2, 2, 2, 2, 2, 2, 2, 2, 2, 2, 4 ),
 ( 0.01792371306133683229, 0.01848373097995973172, 0.01904374889858262768, 0.02016378473582842654, 0.02072380265445132944, 0.02128382057307423234, 0.02240385641032003813, 0.02352389224756584046, 0.02408391016618874336, 0.02464392808481164279, 0.02576396392205746594, 0.02688399975930328561, 0.02800403559654910529, 0.02912407143379492497, 0.03024410727104074811, 0.03136414310828656432, 0.03192416102690948804, 0.03248417894553240481, 0.03360421478277822449, 0.03472425062002405111, 0.03584428645726987772 ),
 .UNSPECIFIED. ) ;
#106 = AXIS2_PLACEMENT_3D ( 'NONE', #490, #2326, #328 ) ;
#107 = LINE ( 'NONE', #469, #1062 ) ;
#108 = ORIENTED_EDGE ( 'NONE', *, *, #918, .T. ) ;
#109 = CARTESIAN_POINT ( 'NONE',  ( -14.50054211402890125, 0.01045220205339806273, 78.27082651049887829 ) ) ;
#110 = CARTESIAN_POINT ( 'NONE',  ( 19.38906249999999787, 0.000000000000000000, 48.67499999999999716 ) ) ;
#111 = CARTESIAN_POINT ( 'NONE',  ( 18.18372288602773423, -1.389001238553295714, 39.49760955917520988 ) ) ;
#112 = CARTESIAN_POINT ( 'NONE',  ( -13.86506871058353241, -4.245646156597052467, 60.02428445939120394 ) ) ;
#113 = CARTESIAN_POINT ( 'NONE',  ( 14.50000000000000000, 1.775737858763662015E-15, 60.00000000000000000 ) ) ;
#114 = EDGE_LOOP ( 'NONE', ( #6, #318, #1328, #1994, #194 ) ) ;
#115 = CARTESIAN_POINT ( 'NONE',  ( -15.28909545934826220, -1.795721772136537497, 82.21199049929974478 ) ) ;
#116 = CARTESIAN_POINT ( 'NONE',  ( -14.47326603255402588, 0.9082481398224321323, 84.03781832339855384 ) ) ;
#117 = CARTESIAN_POINT ( 'NONE',  ( 18.18255640984201449, 1.388986685098258622, 50.50239411481172880 ) ) ;
#118 = VERTEX_POINT ( 'NONE', #564 ) ;
#119 = CARTESIAN_POINT ( 'NONE',  ( -14.49153317967214960, -0.5556611108139782873, 78.34030753344332254 ) ) ;
#120 = AXIS2_PLACEMENT_3D ( 'NONE', #1032, #493, #1383 ) ;
#121 = CARTESIAN_POINT ( 'NONE',  ( 16.68241372036116843, 0.4491588748951885757, 39.34217298981833721 ) ) ;
#122 = ORIENTED_EDGE ( 'NONE', *, *, #2364, .T. ) ;
#123 = CARTESIAN_POINT ( 'NONE',  ( -11.08578643762690596, -3.914213562373091371, 60.00000000000000000 ) ) ;
#124 = CARTESIAN_POINT ( 'NONE',  ( -14.30816134775324855, -2.357255981213551621, 39.83438765745031418 ) ) ;
#125 = CARTESIAN_POINT ( 'NONE',  ( -14.07499987742182945, -3.486190398849583705, 43.81226376180787696 ) ) ;
#126 = VERTEX_POINT ( 'NONE', #912 ) ;
#127 = CARTESIAN_POINT ( 'NONE',  ( -14.41184345408987255, -1.731769848597514816, 82.28598686953633035 ) ) ;
#128 = CARTESIAN_POINT ( 'NONE',  ( -13.78312464067163390, 4.508131912864151047, 48.46703147169569803 ) ) ;
#129 = CARTESIAN_POINT ( 'NONE',  ( 0.000000000000000000, 0.000000000000000000, 60.00000000000000000 ) ) ;
#130 = CARTESIAN_POINT ( 'NONE',  ( 16.75183731685504540, 0.6163022906720728722, 50.64206448520494774 ) ) ;
#131 = ORIENTED_EDGE ( 'NONE', *, *, #819, .F. ) ;
#132 = EDGE_CURVE ( 'NONE', #2266, #1358, #344, .T. ) ;
#133 = CARTESIAN_POINT ( 'NONE',  ( -14.45574813492730293, 1.252694503954298488, 78.62442004875869372 ) ) ;
#134 = CARTESIAN_POINT ( 'NONE',  ( 16.95423513727892484, -0.9187629114667429375, 48.55892377189466913 ) ) ;
#135 = CARTESIAN_POINT ( 'NONE',  ( -14.50000000000000000, -0.3789837708897624835, 50.67499999999999716 ) ) ;
#136 = CARTESIAN_POINT ( 'NONE',  ( -14.45300539062720979, -1.187470842979592600, 41.51389018362635142 ) ) ;
#137 = VECTOR ( 'NONE', #1199, 1000.000000000000000 ) ;
#138 = CARTESIAN_POINT ( 'NONE',  ( -14.49590454335638690, 0.4139541992499863876, 82.99351173412003391 ) ) ;
#139 = CARTESIAN_POINT ( 'NONE',  ( -14.38668637254816574, 1.841838322131553074, 39.61948999279680095 ) ) ;
#140 = CARTESIAN_POINT ( 'NONE',  ( 19.04575017243124790, 0.9187186695164573091, 50.60051566487488373 ) ) ;
#141 = ORIENTED_EDGE ( 'NONE', *, *, #1789, .T. ) ;
#142 = AXIS2_PLACEMENT_3D ( 'NONE', #1804, #2375, #726 ) ;
#143 = CARTESIAN_POINT ( 'NONE',  ( -14.17525023980937782, 3.052390156237579255, 81.54079941968792866 ) ) ;
#144 = CARTESIAN_POINT ( 'NONE',  ( 13.78292793515207393, -4.508637379040870030, 41.53400985770392850 ) ) ;
#145 = DIRECTION ( 'NONE',  ( -1.000000000000000000, -0.000000000000000000, -0.000000000000000000 ) ) ;
#146 = EDGE_CURVE ( 'NONE', #2352, #1794, #529, .T. ) ;
#147 = CARTESIAN_POINT ( 'NONE',  ( -14.38358165726978832, -1.844846145283230765, 48.18750756428056548 ) ) ;
#148 = CARTESIAN_POINT ( 'NONE',  ( -15.40961290606610135, -1.184550787482074652, 78.58563104592522564 ) ) ;
#149 = B_SPLINE_CURVE_WITH_KNOTS ( 'NONE', 3,
 ( #779, #1502, #2242, #1878, #1697, #1, #372, #1130, #2066, #756, #1152, #1857, #552, #207, #21, #1889, #226, #1654, #217, #946, #11, #421, #767, #2232, #1293, #588 ),
 .UNSPECIFIED., .F., .F.,
 ( 4, 2, 2, 2, 2, 2, 2, 2, 2, 2, 2, 2, 4 ),
 ( 0.000000000000000000, 0.0002739989794378295748, 0.0005479979588756591496, 0.001095995917751314179, 0.001643993876626969426, 0.001917992856064793580, 0.002191991835502617517, 0.002465990814940441887, 0.002739989794378266258, 0.003287987753253914566, 0.003561986732691735467, 0.003835985712129555934, 0.004383983671005200339 ),
 .UNSPECIFIED. ) ;
#150 = DIRECTION ( 'NONE',  ( 1.000000000000000000, 6.123233995736766036E-17, 6.123233995736763571E-17 ) ) ;
#151 = EDGE_CURVE ( 'NONE', #2327, #2235, #149, .T. ) ;
#152 = CYLINDRICAL_SURFACE ( 'NONE', #142, 9.144713687814371994 ) ;
#153 = ORIENTED_EDGE ( 'NONE', *, *, #554, .T. ) ;
#154 = FACE_OUTER_BOUND ( 'NONE', #1323, .T. ) ;
#155 = LINE ( 'NONE', #1683, #693 ) ;
#156 = CARTESIAN_POINT ( 'NONE',  ( -14.26084941923177141, 2.625193043749005639, 78.76419902548190066 ) ) ;
#157 = AXIS2_PLACEMENT_3D ( 'NONE', #1338, #1858, #2067 ) ;
#158 =( NAMED_UNIT ( * ) PLANE_ANGLE_UNIT ( ) SI_UNIT ( $, .RADIAN. ) );
#159 = CARTESIAN_POINT ( 'NONE',  ( -18.35991236547196692, -1.344702458434691605, 39.48658603529656119 ) ) ;
#160 = CARTESIAN_POINT ( 'NONE',  ( -14.39504682112367995, -1.749265006378466936, 77.83175218926555772 ) ) ;
#161 = ADVANCED_FACE ( 'NONE', ( #1325 ), #957, .F. ) ;
#162 = EDGE_CURVE ( 'NONE', #2253, #825, #1007, .T. ) ;
#163 = CARTESIAN_POINT ( 'NONE',  ( -14.17931344677252170, 3.035478100625004227, 82.40746984372383110 ) ) ;
#164 = CARTESIAN_POINT ( 'NONE',  ( 14.38353994197989394, 1.845082667924119457, 41.81270436737402463 ) ) ;
#165 = AXIS2_PLACEMENT_3D ( 'NONE', #624, #1948, #1591 ) ;
#166 = EDGE_LOOP ( 'NONE', ( #1805, #648, #190, #1599, #102 ) ) ;
#167 = CARTESIAN_POINT ( 'NONE',  ( -14.28344598856423175, 2.500454141354529369, 82.72234017484963431 ) ) ;
#168 = ORIENTED_EDGE ( 'NONE', *, *, #1608, .F. ) ;
#169 = CARTESIAN_POINT ( 'NONE',  ( -15.47598454988340322, -0.8624976589940375193, 77.38706837518316206 ) ) ;
#170 = UNCERTAINTY_MEASURE_WITH_UNIT (LENGTH_MEASURE( 1.000000000000000082E-05 ), #709, 'distance_accuracy_value', 'NONE');
#171 = VERTEX_POINT ( 'NONE', #2281 ) ;
#172 = CARTESIAN_POINT ( 'NONE',  ( -15.38780866998563113, -1.315858350484365280, 78.66678857807350767 ) ) ;
#173 = EDGE_CURVE ( 'NONE', #1059, #742, #461, .T. ) ;
#174 = AXIS2_PLACEMENT_3D ( 'NONE', #2336, #702, #293 ) ;
#175 = EDGE_CURVE ( 'NONE', #1116, #437, #1710, .T. ) ;
#176 = CARTESIAN_POINT ( 'NONE',  ( -16.95423513727892484, -0.9187629114667411612, 41.44107622810532376 ) ) ;
#177 = DIRECTION ( 'NONE',  ( 1.000000000000000000, 6.123233995736767268E-17, 0.000000000000000000 ) ) ;
#178 = CARTESIAN_POINT ( 'NONE',  ( 14.50000000000000000, 0.2438216494641688992, 48.67500000000000426 ) ) ;
#179 = ORIENTED_EDGE ( 'NONE', *, *, #627, .F. ) ;
#180 = CARTESIAN_POINT ( 'NONE',  ( -19.37987571396909914, 0.1837041990903294786, 41.32850023142809448 ) ) ;
#181 = CARTESIAN_POINT ( 'NONE',  ( -19.38906249999999787, -1.104938537281345932E-21, 50.67499999999999716 ) ) ;
#182 = ORIENTED_EDGE ( 'NONE', *, *, #242, .T. ) ;
#183 = DIRECTION ( 'NONE',  ( 0.000000000000000000, -0.2555548619241604369, -0.9667945555012829040 ) ) ;
#184 = DIRECTION ( 'NONE',  ( -1.000000000000000000, 0.000000000000000000, 0.000000000000000000 ) ) ;
#185 = CARTESIAN_POINT ( 'NONE',  ( -14.40157004005552288, -1.824297703788337888, 79.11841199560643645 ) ) ;
#186 = AXIS2_PLACEMENT_3D ( 'NONE', #1632, #2008, #360 ) ;
#187 = CARTESIAN_POINT ( 'NONE',  ( -14.07124727947029008, 3.499999999999999112, 80.88201691941112870 ) ) ;
#188 = CARTESIAN_POINT ( 'NONE',  ( 13.78440536278923290, 4.504170572602222755, 48.47192820610806052 ) ) ;
#189 = DIRECTION ( 'NONE',  ( 1.000000000000000000, 0.000000000000000000, 0.000000000000000000 ) ) ;
#190 = ORIENTED_EDGE ( 'NONE', *, *, #1925, .T. ) ;
#191 = AXIS2_PLACEMENT_3D ( 'NONE', #2334, #2141, #1951 ) ;
#192 = FACE_OUTER_BOUND ( 'NONE', #1155, .T. ) ;
#193 = DIRECTION ( 'NONE',  ( 1.000000000000000000, 0.000000000000000000, 0.000000000000000000 ) ) ;
#194 = ORIENTED_EDGE ( 'NONE', *, *, #976, .F. ) ;
#195 = CARTESIAN_POINT ( 'NONE',  ( -19.10323562505300998, 0.8488413148623479287, 48.57644886325267919 ) ) ;
#196 = CARTESIAN_POINT ( 'NONE',  ( 18.70160769455797478, -1.212597738487042109, 41.53001439219793411 ) ) ;
#197 = CARTESIAN_POINT ( 'NONE',  ( -15.12829293624344196, -2.374484929456571081, 80.48607527086149105 ) ) ;
#198 = DIRECTION ( 'NONE',  ( -1.000000000000000000, -6.123233995736766036E-17, -6.123233995736763571E-17 ) ) ;
#199 = CARTESIAN_POINT ( 'NONE',  ( 13.34323500335370305, 5.675216269094871535, 44.62919551565290277 ) ) ;
#200 = CARTESIAN_POINT ( 'NONE',  ( -15.45601684670058518, -0.8590691905993758093, 78.42050803674057136 ) ) ;
#201 = DIRECTION ( 'NONE',  ( 0.000000000000000000, 0.000000000000000000, 1.000000000000000000 ) ) ;
#202 = CARTESIAN_POINT ( 'NONE',  ( 14.28175554816856341, -2.530178695537218747, 50.09332368582909112 ) ) ;
#203 = CARTESIAN_POINT ( 'NONE',  ( 17.63721178955343305, 1.343978146103882887, 41.57951412968290583 ) ) ;
#204 = EDGE_CURVE ( 'NONE', #1842, #2014, #1374, .T. ) ;
#205 = ORIENTED_EDGE ( 'NONE', *, *, #1619, .T. ) ;
#206 = LINE ( 'NONE', #2030, #2225 ) ;
#207 = CARTESIAN_POINT ( 'NONE',  ( 17.90920246038298558, 1.389113991233733136, 48.40235026451989597 ) ) ;
#208 = CARTESIAN_POINT ( 'NONE',  ( -19.35207184580719542, -0.3667339268985229661, 48.66059217231271106 ) ) ;
#209 = CARTESIAN_POINT ( 'NONE',  ( -16.89710974388276199, -0.8492625440273962045, 41.42365641202896853 ) ) ;
#210 = CARTESIAN_POINT ( 'NONE',  ( 14.50000000000000000, 0.000000000000000000, 50.67499999999999716 ) ) ;
#211 = CARTESIAN_POINT ( 'NONE',  ( -14.07698430838133419, -3.477157785825859548, 81.10999412574686573 ) ) ;
#212 = CARTESIAN_POINT ( 'NONE',  ( 14.49999999999999645, -0.3733357174514533861, 39.32499999999998153 ) ) ;
#213 = CYLINDRICAL_SURFACE ( 'NONE', #1077, 2.375000000000002220 ) ;
#214 = CARTESIAN_POINT ( 'NONE',  ( 16.61093749999999858, 0.09270830022802277470, 41.32500000000000284 ) ) ;
#215 = VERTEX_POINT ( 'NONE', #1761 ) ;
#216 = CARTESIAN_POINT ( 'NONE',  ( -14.50000000000000355, 0.2404366974611392149, 41.32500000000000284 ) ) ;
#217 = CARTESIAN_POINT ( 'NONE',  ( 17.14472424724343469, 1.109253955645611578, 48.50608961018469500 ) ) ;
#218 = LINE ( 'NONE', #2089, #1198 ) ;
#219 = CARTESIAN_POINT ( 'NONE',  ( 13.35927027971934145, 5.637938824909132229, 45.74905112001987817 ) ) ;
#220 = CARTESIAN_POINT ( 'NONE',  ( -14.50000000000000533, -0.2320140483748736326, 84.15000000000000568 ) ) ;
#221 = LINE ( 'NONE', #1172, #1798 ) ;
#222 = CARTESIAN_POINT ( 'NONE',  ( -15.42452151300650698, 1.097176642819043701, 82.77248190186691090 ) ) ;
#223 = CARTESIAN_POINT ( 'NONE',  ( 18.36273772964145223, 1.343965542118470191, 41.57950950688088909 ) ) ;
#224 = EDGE_LOOP ( 'NONE', ( #1090, #1506, #241, #1922 ) ) ;
#225 = CARTESIAN_POINT ( 'NONE',  ( -14.32692393325406144, 2.242723636709014645, 47.92119121431276341 ) ) ;
#226 = CARTESIAN_POINT ( 'NONE',  ( 17.55021930487045978, 1.317421874526089942, 48.43095347029198905 ) ) ;
#227 = CARTESIAN_POINT ( 'NONE',  ( -19.04575017243124790, 0.9187186695164546446, 39.39948433512511627 ) ) ;
#228 = CARTESIAN_POINT ( 'NONE',  ( -14.15226263475637758, -3.156578337955167068, 80.86022050486087664 ) ) ;
#229 = EDGE_LOOP ( 'NONE', ( #862, #1876 ) ) ;
#230 = EDGE_CURVE ( 'NONE', #418, #2069, #1202, .T. ) ;
#231 = CARTESIAN_POINT ( 'NONE',  ( 14.11942251742820353, -3.301663002320990081, 43.36813252023344489 ) ) ;
#232 = CARTESIAN_POINT ( 'NONE',  ( -19.38906249999999787, -1.323271043089639619E-16, 41.32500000000000284 ) ) ;
#233 = DIRECTION ( 'NONE',  ( -1.000000000000000000, -0.000000000000000000, -0.000000000000000000 ) ) ;
#234 = CARTESIAN_POINT ( 'NONE',  ( -15.47597969894401970, 0.6070040453737763908, 82.94612087854709159 ) ) ;
#235 = CARTESIAN_POINT ( 'NONE',  ( -11.50000000000000178, 3.499999999999994227, 61.00000000000000000 ) ) ;
#236 = ORIENTED_EDGE ( 'NONE', *, *, #2126, .T. ) ;
#237 = DIRECTION ( 'NONE',  ( -1.000000000000000000, -6.123233995736766036E-17, -6.123233995736763571E-17 ) ) ;
#238 = CARTESIAN_POINT ( 'NONE',  ( 19.35240672206598234, -0.3650979037778426806, 39.33426406388372953 ) ) ;
#239 = CARTESIAN_POINT ( 'NONE',  ( -14.50000000000000000, -0.1866351604440684431, 39.32500000000000284 ) ) ;
#240 = CARTESIAN_POINT ( 'NONE',  ( -14.48009882178491203, -0.7834841505687650809, 83.92613499366140672 ) ) ;
#241 = ORIENTED_EDGE ( 'NONE', *, *, #2353, .F. ) ;
#242 = EDGE_CURVE ( 'NONE', #2377, #248, #843, .T. ) ;
#243 = CARTESIAN_POINT ( 'NONE',  ( 14.49999999999999645, -0.2404366974611369945, 41.32499999999999574 ) ) ;
#244 = EDGE_CURVE ( 'NONE', #1468, #1533, #1578, .T. ) ;
#245 = CARTESIAN_POINT ( 'NONE',  ( -14.21966760886004622, 2.854830502498816980, 49.91856836745018455 ) ) ;
#246 = DIRECTION ( 'NONE',  ( -1.000000000000000000, -0.000000000000000000, -0.000000000000000000 ) ) ;
#247 = CARTESIAN_POINT ( 'NONE',  ( 13.35949376183755888, -5.637397133191354825, 44.24867436679247845 ) ) ;
#248 = VERTEX_POINT ( 'NONE', #1749 ) ;
#249 = CARTESIAN_POINT ( 'NONE',  ( -14.47752939578634290, 0.8069340705053758001, 83.91290861688270297 ) ) ;
#250 = CARTESIAN_POINT ( 'NONE',  ( -13.86559211571247729, 4.243908096236804539, 60.02486497412716915 ) ) ;
#251 = CARTESIAN_POINT ( 'NONE',  ( -16.61093750000000568, 0.09086094752648390949, 39.32500000000000995 ) ) ;
#252 = DIRECTION ( 'NONE',  ( 0.000000000000000000, 0.000000000000000000, 1.000000000000000000 ) ) ;
#253 = ORIENTED_EDGE ( 'NONE', *, *, #2101, .T. ) ;
#254 = AXIS2_PLACEMENT_3D ( 'NONE', #361, #710, #2009 ) ;
#255 = CARTESIAN_POINT ( 'NONE',  ( 14.20330520853287304, -2.921400953066394024, 42.75766111695966032 ) ) ;
#256 = CARTESIAN_POINT ( 'NONE',  ( 22.24999999999992539, 4.500576986866516892E-16, 41.32500000000000284 ) ) ;
#257 = CARTESIAN_POINT ( 'NONE',  ( -16.75228206440639767, 0.6172335476848693769, 50.64196534193985144 ) ) ;
#258 = CARTESIAN_POINT ( 'NONE',  ( 19.21269746546857959, -0.7011753212026407001, 50.63401892380542080 ) ) ;
#259 = ORIENTED_EDGE ( 'NONE', *, *, #1839, .T. ) ;
#260 = CARTESIAN_POINT ( 'NONE',  ( -14.32678876713029226, 2.373995500471460129, 80.83006988638132384 ) ) ;
#261 = CARTESIAN_POINT ( 'NONE',  ( 19.20453096129405424, 0.6976860966893467797, 39.36754011927019548 ) ) ;
#262 = CARTESIAN_POINT ( 'NONE',  ( 18.61785997276202664, -1.247440982781001351, 39.46368209393040161 ) ) ;
#263 = AXIS2_PLACEMENT_3D ( 'NONE', #1258, #1616, #1022 ) ;
#264 = CARTESIAN_POINT ( 'NONE',  ( -14.38765297754681249, -1.835098100569768853, 50.38313108826221765 ) ) ;
#265 = CYLINDRICAL_SURFACE ( 'NONE', #1421, 3.499999999999999112 ) ;
#266 = ORIENTED_EDGE ( 'NONE', *, *, #2112, .F. ) ;
#267 = CARTESIAN_POINT ( 'NONE',  ( 14.49384391647897630, -0.4844228559457245398, 41.34907658831140509 ) ) ;
#268 = CARTESIAN_POINT ( 'NONE',  ( -15.48987845786104778, -0.4315084530012918140, 78.30748999724156079 ) ) ;
#269 = CARTESIAN_POINT ( 'NONE',  ( -16.78730253453142041, -0.7011753212026430315, 50.63401892380542080 ) ) ;
#270 = VECTOR ( 'NONE', #1686, 1000.000000000000000 ) ;
#271 = CARTESIAN_POINT ( 'NONE',  ( -16.61093749999999503, 0.09215575730399559740, 50.67499999999999716 ) ) ;
#272 = EDGE_LOOP ( 'NONE', ( #70, #2004, #704, #179 ) ) ;
#273 = CARTESIAN_POINT ( 'NONE',  ( -14.49598615475901831, -0.3990421182104126330, 77.29473456903677686 ) ) ;
#274 = EDGE_CURVE ( 'NONE', #662, #1445, #472, .T. ) ;
#275 = CARTESIAN_POINT ( 'NONE',  ( 16.62001697560135938, 0.1827029527734832792, 39.32724172285816167 ) ) ;
#276 = DIRECTION ( 'NONE',  ( 0.000000000000000000, 0.000000000000000000, 1.000000000000000000 ) ) ;
#277 = VECTOR ( 'NONE', #1926, 1000.000000000000000 ) ;
#278 = CARTESIAN_POINT ( 'NONE',  ( -18.44978069512953311, 1.317421874526086834, 48.43095347029198905 ) ) ;
#279 = CARTESIAN_POINT ( 'NONE',  ( 22.24999999999992539, 0.000000000000000000, 45.00000000000000000 ) ) ;
#280 = ORIENTED_EDGE ( 'NONE', *, *, #2051, .T. ) ;
#281 = CARTESIAN_POINT ( 'NONE',  ( -14.49849991865970722, 0.2741146867322884484, 83.01345248602413562 ) ) ;
#282 = CARTESIAN_POINT ( 'NONE',  ( -15.45725121609729236, 0.8260677246556615838, 78.41601184930728152 ) ) ;
#283 = ADVANCED_FACE ( 'NONE', ( #791, #828 ), #645, .F. ) ;
#284 = CARTESIAN_POINT ( 'NONE',  ( -15.41427206074045486, -1.157517193920132970, 82.73177217904408565 ) ) ;
#285 = ORIENTED_EDGE ( 'NONE', *, *, #1703, .T. ) ;
#286 = CARTESIAN_POINT ( 'NONE',  ( -14.33362750302492650, 2.330029954150945048, 80.16015302539346976 ) ) ;
#287 = CARTESIAN_POINT ( 'NONE',  ( 17.90908447093430311, -1.389104138204050765, 48.40235428714605348 ) ) ;
#288 = CARTESIAN_POINT ( 'NONE',  ( -13.78404875209022329, -4.499999999999996447, 60.00000000000000000 ) ) ;
#289 = CARTESIAN_POINT ( 'NONE',  ( -14.48515672402206711, -0.7504002732075807369, 50.63736624747953385 ) ) ;
#290 = LINE ( 'NONE', #1209, #685 ) ;
#291 = EDGE_LOOP ( 'NONE', ( #1652, #2091, #1520, #45 ) ) ;
#292 = CARTESIAN_POINT ( 'NONE',  ( -14.37105677438822759, -1.935820945028588813, 83.32538921359584094 ) ) ;
#293 = DIRECTION ( 'NONE',  ( 0.000000000000000000, 0.000000000000000000, -1.000000000000000000 ) ) ;
#294 = CARTESIAN_POINT ( 'NONE',  ( 19.34447222061627514, 0.3607325388313148973, 50.66422447253473393 ) ) ;
#295 = AXIS2_PLACEMENT_3D ( 'NONE', #1273, #2000, #1084 ) ;
#296 = ORIENTED_EDGE ( 'NONE', *, *, #1867, .T. ) ;
#297 = CARTESIAN_POINT ( 'NONE',  ( -15.18127876773919382, 2.201648766110127386, 79.74590776335800513 ) ) ;
#298 = CARTESIAN_POINT ( 'NONE',  ( 19.24718988980233192, -0.6183607686540801840, 48.62360753439153882 ) ) ;
#299 = VERTEX_POINT ( 'NONE', #288 ) ;
#300 = CARTESIAN_POINT ( 'NONE',  ( -16.65596621805561739, 0.3624602209311020840, 48.65817992608749165 ) ) ;
#301 = CARTESIAN_POINT ( 'NONE',  ( -14.40979368663115068, -1.630121999468404415, 41.69761435904397473 ) ) ;
#302 = ORIENTED_EDGE ( 'NONE', *, *, #2124, .T. ) ;
#303 = CARTESIAN_POINT ( 'NONE',  ( -15.14061009314912987, -2.335539821557812701, 81.10821426584158189 ) ) ;
#304 = EDGE_CURVE ( 'NONE', #742, #2148, #893, .T. ) ;
#305 = CARTESIAN_POINT ( 'NONE',  ( -13.40519349783380854, 5.527420408754271541, 46.29934729694996065 ) ) ;
#306 = CARTESIAN_POINT ( 'NONE',  ( 19.38906249999999787, -0.09213100101190455082, 50.67499999999999716 ) ) ;
#307 = CARTESIAN_POINT ( 'NONE',  ( -15.49810600693562535, 0.2500562298401154404, 83.01887679565460587 ) ) ;
#308 = ORIENTED_EDGE ( 'NONE', *, *, #1527, .T. ) ;
#309 = CARTESIAN_POINT ( 'NONE',  ( -14.49993648117223621, 0.1504659451862509767, 78.27548095956426266 ) ) ;
#310 = AXIS2_PLACEMENT_3D ( 'NONE', #1984, #2007, #2343 ) ;
#311 = CARTESIAN_POINT ( 'NONE',  ( 19.38906249999999432, -0.1853791930481873407, 48.67500000000000426 ) ) ;
#312 = ORIENTED_EDGE ( 'NONE', *, *, #2333, .T. ) ;
#313 = CARTESIAN_POINT ( 'NONE',  ( -13.34323500335369950, -5.675216269094869759, 44.62919551565289566 ) ) ;
#314 = CARTESIAN_POINT ( 'NONE',  ( -14.50000000000000000, 4.500534960100871328E-16, 41.32500000000000284 ) ) ;
#315 = CARTESIAN_POINT ( 'NONE',  ( -14.49543624853830615, -0.4330925309813455915, 82.98985072598192403 ) ) ;
#316 = CARTESIAN_POINT ( 'NONE',  ( -13.78292793515207038, 4.508637379040868254, 41.53400985770392140 ) ) ;
#317 = CARTESIAN_POINT ( 'NONE',  ( 17.14629420341847421, 1.110777502179798981, 50.56676653553596168 ) ) ;
#318 = ORIENTED_EDGE ( 'NONE', *, *, #1678, .F. ) ;
#319 = EDGE_CURVE ( 'NONE', #1116, #794, #2231, .T. ) ;
#320 = CARTESIAN_POINT ( 'NONE',  ( -15.31668500607660377, 1.675788181718317782, 82.34006106644847023 ) ) ;
#321 = CARTESIAN_POINT ( 'NONE',  ( 14.28017145401417132, -2.520806678571881676, 39.91220092170612332 ) ) ;
#322 = CARTESIAN_POINT ( 'NONE',  ( -19.35187026762471874, 0.3670174563443848181, 48.66052490040344480 ) ) ;
#323 = EDGE_CURVE ( 'NONE', #694, #1468, #859, .T. ) ;
#324 = CYLINDRICAL_SURFACE ( 'NONE', #191, 5.674999999999999822 ) ;
#325 = CARTESIAN_POINT ( 'NONE',  ( -15.31372819858691159, -1.690050351376946258, 82.32592200398778459 ) ) ;
#326 = FACE_OUTER_BOUND ( 'NONE', #1970, .T. ) ;
#327 = CARTESIAN_POINT ( 'NONE',  ( 18.09116580150273634, -1.389093014597759801, 50.50236727216494614 ) ) ;
#328 = DIRECTION ( 'NONE',  ( 0.000000000000000000, 0.000000000000000000, 1.000000000000000000 ) ) ;
#329 = ORIENTED_EDGE ( 'NONE', *, *, #2010, .T. ) ;
#330 = B_SPLINE_CURVE_WITH_KNOTS ( 'NONE', 3,
 ( #1034, #2139, #671, #1408, #855, #678, #1426, #443, #1978, #1063, #895, #327, #1439, #1803, #2168, #1414, #522, #1781, #258, #1263, #1227, #1989, #306, #1636 ),
 .UNSPECIFIED., .F., .F.,
 ( 4, 2, 2, 2, 2, 2, 2, 2, 2, 2, 2, 4 ),
 ( 0.004359457501935060098, 0.004904243301639945631, 0.005449029101344831164, 0.005721422001197274364, 0.005993814901049717564, 0.006538600700754604832, 0.006810993600607053236, 0.007083386500459501640, 0.007628172300164388908, 0.008172958099869277043, 0.008445350999721722846, 0.008717743899574165178 ),
 .UNSPECIFIED. ) ;
#331 = CIRCLE ( 'NONE', #2175, 0.8750000000000008882 ) ;
#332 = CARTESIAN_POINT ( 'NONE',  ( -14.36749617587775063, 2.095856160754470121, 81.78111537528761232 ) ) ;
#333 = EDGE_CURVE ( 'NONE', #1764, #2074, #330, .T. ) ;
#334 = CARTESIAN_POINT ( 'NONE',  ( 14.50000000000000000, 6.948994411183992785E-16, 39.32499999999999574 ) ) ;
#335 = CARTESIAN_POINT ( 'NONE',  ( -14.15537454430790199, 3.142527251575247149, 81.03078529238683814 ) ) ;
#336 = FACE_OUTER_BOUND ( 'NONE', #491, .T. ) ;
#337 = CARTESIAN_POINT ( 'NONE',  ( -14.28314879805624571, -2.502130130628675175, 78.58001183895204633 ) ) ;
#338 = CARTESIAN_POINT ( 'NONE',  ( -14.50000000000000000, 6.950746759283382367E-16, 39.32499999999999574 ) ) ;
#339 = CARTESIAN_POINT ( 'NONE',  ( -14.47753393376189557, -0.8068526487363563149, 77.38706837518316206 ) ) ;
#340 = ORIENTED_EDGE ( 'NONE', *, *, #377, .T. ) ;
#341 = CARTESIAN_POINT ( 'NONE',  ( -15.47597969894401970, 0.6070040453737750585, 82.94612087854709159 ) ) ;
#342 = ORIENTED_EDGE ( 'NONE', *, *, #1309, .T. ) ;
#343 = DIRECTION ( 'NONE',  ( -0.000000000000000000, -0.000000000000000000, -1.000000000000000000 ) ) ;
#344 = B_SPLINE_CURVE_WITH_KNOTS ( 'NONE', 3,
 ( #1666, #2219, #1687, #1303, #397, #2208, #734, #35, #196, #577, #408, #1142, #1515, #1119, #1315, #2032, #1490, #1869, #384, #1676, #2043, #2018, #2198, #2054 ),
 .UNSPECIFIED., .F., .F.,
 ( 4, 2, 2, 2, 2, 2, 2, 2, 2, 2, 2, 4 ),
 ( 0.004383983671005201206, 0.004931871072449099669, 0.005205814773171049334, 0.005479758473892998132, 0.006027645875336896594, 0.006301589576058839320, 0.006575533276780782914, 0.007123420678224679642, 0.007671308079668575503, 0.007945251780390526902, 0.008219195481112476567, 0.008767082882556381102 ),
 .UNSPECIFIED. ) ;
#345 = CARTESIAN_POINT ( 'NONE',  ( -14.29845539393455489, 2.412798620072884592, 82.83609990355769526 ) ) ;
#346 = AXIS2_PLACEMENT_3D ( 'NONE', #941, #762, #2214 ) ;
#347 = SURFACE_STYLE_USAGE ( .BOTH. , #1448 ) ;
#348 = CARTESIAN_POINT ( 'NONE',  ( -14.33415787835478739, -2.326194671413335247, 80.14128836260802302 ) ) ;
#349 = CARTESIAN_POINT ( 'NONE',  ( -14.07124727947028830, 3.499999999999998224, 80.65000000000000568 ) ) ;
#350 = CARTESIAN_POINT ( 'NONE',  ( 14.00952196694803398, 3.742333129265112301, 49.27021480580682322 ) ) ;
#351 = CARTESIAN_POINT ( 'NONE',  ( 14.11926473409370431, 3.302319152948934189, 46.63029959319737117 ) ) ;
#352 = AXIS2_PLACEMENT_3D ( 'NONE', #1085, #2374, #177 ) ;
#353 = EDGE_CURVE ( 'NONE', #955, #2016, #2361, .T. ) ;
#354 = ORIENTED_EDGE ( 'NONE', *, *, #1682, .T. ) ;
#355 = DIRECTION ( 'NONE',  ( -1.000000000000000000, 0.000000000000000000, 0.000000000000000000 ) ) ;
#356 = CARTESIAN_POINT ( 'NONE',  ( -18.36130604617622808, 1.344332680325445839, 50.51350448114012437 ) ) ;
#357 = APPLICATION_PROTOCOL_DEFINITION ( 'draft international standard', 'automotive_design', 1998, #952 ) ;
#358 = ORIENTED_EDGE ( 'NONE', *, *, #1600, .F. ) ;
#359 = CARTESIAN_POINT ( 'NONE',  ( -14.50000000000000000, 4.500534960100871328E-16, 41.32500000000000284 ) ) ;
#360 = DIRECTION ( 'NONE',  ( 0.000000000000000000, 0.000000000000000000, -1.000000000000000000 ) ) ;
#361 = CARTESIAN_POINT ( 'NONE',  ( 0.000000000000000000, 0.000000000000000000, 0.000000000000000000 ) ) ;
#362 = AXIS2_PLACEMENT_3D ( 'NONE', #535, #1317, #1846 ) ;
#363 = CARTESIAN_POINT ( 'NONE',  ( -14.23169021899281006, 2.779577419648990411, 82.78934029998742972 ) ) ;
#364 = CARTESIAN_POINT ( 'NONE',  ( 22.24999999999992539, 0.000000000000000000, 50.67499999999999716 ) ) ;
#365 = CARTESIAN_POINT ( 'NONE',  ( 14.14550974458249044, 3.189563792158231603, 46.84130344904042431 ) ) ;
#366 =( BOUNDED_CURVE ( )  B_SPLINE_CURVE ( 3, ( #2157, #513, #838, #1251 ),
 .UNSPECIFIED., .F., .F. ) 
 B_SPLINE_CURVE_WITH_KNOTS ( ( 4, 4 ),
 ( 1.570796326794896558, 3.141592653589793116 ),
 .UNSPECIFIED. ) 
 CURVE ( )  GEOMETRIC_REPRESENTATION_ITEM ( )  RATIONAL_B_SPLINE_CURVE ( ( 1.000000000000000000, 0.8047378541243649375, 0.8047378541243649375, 1.000000000000000000 ) ) 
 REPRESENTATION_ITEM ( '' )  );
#367 = ORIENTED_EDGE ( 'NONE', *, *, #1156, .F. ) ;
#368 = CARTESIAN_POINT ( 'NONE',  ( -15.14154016617029974, 2.332296446125414757, 81.12441761183498556 ) ) ;
#369 = CARTESIAN_POINT ( 'NONE',  ( -14.50000000000000000, 0.000000000000000000, 60.00000000000000000 ) ) ;
#370 = ORIENTED_EDGE ( 'NONE', *, *, #1981, .T. ) ;
#371 = CARTESIAN_POINT ( 'NONE',  ( -14.49600795077503967, 0.3920627927381099553, 77.29443253780897294 ) ) ;
#372 = CARTESIAN_POINT ( 'NONE',  ( 19.10861494089897761, 0.8559590420986710191, 48.57634991244666622 ) ) ;
#373 = CARTESIAN_POINT ( 'NONE',  ( -19.38906249999999787, -1.323271043089639619E-16, 39.32499999999999574 ) ) ;
#374 = FACE_OUTER_BOUND ( 'NONE', #2182, .T. ) ;
#375 = CARTESIAN_POINT ( 'NONE',  ( 14.42825586082452460, 1.487133345579664923, 39.51047743579931648 ) ) ;
#376 = CARTESIAN_POINT ( 'NONE',  ( 14.29569168439318538, 2.431570890219269643, 47.76585261768797608 ) ) ;
#377 = EDGE_CURVE ( 'NONE', #2266, #2253, #990, .T. ) ;
#378 = VECTOR ( 'NONE', #1928, 1000.000000000000000 ) ;
#379 = CARTESIAN_POINT ( 'NONE',  ( -15.30765370830851424, 1.720609098707615692, 82.30766451809387263 ) ) ;
#380 = CARTESIAN_POINT ( 'NONE',  ( 17.29867330013177451, 1.212550613623796902, 41.53000713195698523 ) ) ;
#381 = ORIENTED_EDGE ( 'NONE', *, *, #976, .T. ) ;
#382 = B_SPLINE_CURVE_WITH_KNOTS ( 'NONE', 3,
 ( #696, #1469, #371, #1057, #2197, #1091, #2163, #2017, #1245, #1974, #1080, #156, #518, #1106, #743, #2174, #901, #531, #1642, #335, #1843, #925, #1477, #1270, #2368, #1996, #345, #541, #1665, #10, #1292, #1434, #507, #719 ),
 .UNSPECIFIED., .F., .F.,
 ( 4, 2, 2, 2, 2, 2, 2, 2, 2, 2, 2, 2, 2, 2, 2, 2, 4 ),
 ( 0.01038722467507285051, 0.01098534833449767156, 0.01158347199392249088, 0.01218159565334731194, 0.01277971931277213126, 0.01337784297219695231, 0.01397596663162177164, 0.01457409029104659269, 0.01517221395047141375, 0.01577033760989623307, 0.01636846126932105239, 0.01696658492874587171, 0.01756470858817069450, 0.01816283224759551382, 0.01876095590702033661, 0.01935907956644515593, 0.01995720322586997525 ),
 .UNSPECIFIED. ) ;
#383 = DIRECTION ( 'NONE',  ( -1.000000000000000000, -6.123233995736766036E-17, 0.000000000000000000 ) ) ;
#384 = CARTESIAN_POINT ( 'NONE',  ( 16.89566988048670737, -0.8473780015490740558, 41.42320976634978535 ) ) ;
#385 = CARTESIAN_POINT ( 'NONE',  ( -15.31627594536261228, -1.677620807458724217, 78.96178184574303316 ) ) ;
#386 = VECTOR ( 'NONE', #1433, 1000.000000000000000 ) ;
#387 = CARTESIAN_POINT ( 'NONE',  ( -14.25949778516199018, 2.635020030539249269, 82.96480258273905406 ) ) ;
#388 = CARTESIAN_POINT ( 'NONE',  ( 13.34341977829659953, 5.674781817469785494, 45.37739500622736699 ) ) ;
#389 = CARTESIAN_POINT ( 'NONE',  ( 14.29628980585988707, 2.428122015645615583, 42.23101887155676337 ) ) ;
#390 = VECTOR ( 'NONE', #2256, 1000.000000000000000 ) ;
#391 = DIRECTION ( 'NONE',  ( 0.000000000000000000, 1.000000000000000000, 0.000000000000000000 ) ) ;
#392 = CARTESIAN_POINT ( 'NONE',  ( -14.50000000000000000, 0.000000000000000000, 60.00000000000000000 ) ) ;
#393 = DIRECTION ( 'NONE',  ( -0.000000000000000000, -0.000000000000000000, -1.000000000000000000 ) ) ;
#394 = ORIENTED_EDGE ( 'NONE', *, *, #230, .F. ) ;
#395 = EDGE_CURVE ( 'NONE', #1661, #1405, #1626, .T. ) ;
#396 = LINE ( 'NONE', #1129, #732 ) ;
#397 = CARTESIAN_POINT ( 'NONE',  ( 19.20336644468154930, -0.6996591924220806336, 41.39140507366528254 ) ) ;
#398 = CARTESIAN_POINT ( 'NONE',  ( -16.79546903870594576, 0.6976860966893443372, 39.36754011927020258 ) ) ;
#399 = CARTESIAN_POINT ( 'NONE',  ( 14.42915672207855771, 1.477261716557721760, 50.49187550833453031 ) ) ;
#400 = CARTESIAN_POINT ( 'NONE',  ( 14.23434813520482578, -2.768261627269452685, 42.57095024851821563 ) ) ;
#401 = CARTESIAN_POINT ( 'NONE',  ( 16.89710974388276199, -0.8492625440273945392, 48.57634358797102436 ) ) ;
#402 = CARTESIAN_POINT ( 'NONE',  ( -15.12809885610226956, 2.374999999999737543, 80.91319478722667213 ) ) ;
#403 = CARTESIAN_POINT ( 'NONE',  ( 17.90763376305231347, 1.389010565875558711, 41.59760751073512353 ) ) ;
#404 = ORIENTED_EDGE ( 'NONE', *, *, #1766, .T. ) ;
#405 = CARTESIAN_POINT ( 'NONE',  ( -11.50000000000000000, -3.499999999999996003, 61.00000000000000000 ) ) ;
#406 = ADVANCED_FACE ( 'NONE', ( #1039 ), #1955, .F. ) ;
#407 = EDGE_CURVE ( 'NONE', #1731, #1445, #105, .T. ) ;
#408 = CARTESIAN_POINT ( 'NONE',  ( 18.36275491499458212, -1.343955277494538914, 41.57950553337784072 ) ) ;
#409 = CARTESIAN_POINT ( 'NONE',  ( -16.75183731685504540, 0.6163022906720706517, 39.35793551479505226 ) ) ;
#410 = VECTOR ( 'NONE', #2239, 1000.000000000000000 ) ;
#411 = CARTESIAN_POINT ( 'NONE',  ( -14.36385355187095136, -1.987517195613338394, 83.28036496744211092 ) ) ;
#412 = ORIENTED_EDGE ( 'NONE', *, *, #525, .F. ) ;
#413 = CIRCLE ( 'NONE', #836, 14.50000000000000000 ) ;
#414 = CARTESIAN_POINT ( 'NONE',  ( -12.50000000000000000, 0.000000000000000000, 60.00000000000000000 ) ) ;
#415 = CARTESIAN_POINT ( 'NONE',  ( -14.49999999999999645, 0.3790501684434458007, 50.67499999999999716 ) ) ;
#416 = DIRECTION ( 'NONE',  ( 0.000000000000000000, 0.000000000000000000, -1.000000000000000000 ) ) ;
#417 = CARTESIAN_POINT ( 'NONE',  ( -16.75252183761253377, 0.6176430720759303883, 41.37629031578819649 ) ) ;
#418 = VERTEX_POINT ( 'NONE', #1132 ) ;
#419 = LINE ( 'NONE', #433, #1660 ) ;
#420 = EDGE_CURVE ( 'NONE', #524, #1313, #1647, .T. ) ;
#421 = CARTESIAN_POINT ( 'NONE',  ( 16.79608652551654657, 0.6987508627261361793, 48.60877614727182561 ) ) ;
#422 = CARTESIAN_POINT ( 'NONE',  ( -19.38906249999999787, 4.043491478706479814E-20, 48.67499999999999716 ) ) ;
#423 = CARTESIAN_POINT ( 'NONE',  ( -14.15534452157061551, -3.142662195148301141, 80.27084457928032180 ) ) ;
#424 = ORIENTED_EDGE ( 'NONE', *, *, #1309, .F. ) ;
#425 = CARTESIAN_POINT ( 'NONE',  ( 14.50000000000000000, -0.2438874933874814743, 48.67500000000000426 ) ) ;
#426 = AXIS2_PLACEMENT_3D ( 'NONE', #1310, #2038, #391 ) ;
#427 = CARTESIAN_POINT ( 'NONE',  ( -14.50000000000000000, 0.000000000000000000, 50.67499999999999716 ) ) ;
#428 = CARTESIAN_POINT ( 'NONE',  ( -18.91862706426440610, -1.045858135371666053, 50.57817497041639143 ) ) ;
#429 = CARTESIAN_POINT ( 'NONE',  ( -14.50000000000000000, 0.000000000000000000, 84.15000000000000568 ) ) ;
#430 = EDGE_CURVE ( 'NONE', #215, #1934, #1504, .T. ) ;
#431 = CARTESIAN_POINT ( 'NONE',  ( -11.50000000000000355, -0.8750000000000015543, 80.65000000000000568 ) ) ;
#432 = EDGE_LOOP ( 'NONE', ( #1033, #1222 ) ) ;
#433 = CARTESIAN_POINT ( 'NONE',  ( -14.07124727947028830, 3.499999999999999112, 84.15000000000000568 ) ) ;
#434 = CARTESIAN_POINT ( 'NONE',  ( 0.000000000000000000, 0.000000000000000000, 55.99999999999999289 ) ) ;
#435 = CARTESIAN_POINT ( 'NONE',  ( -18.36275491499458568, -1.343955277494541134, 48.42049446662215217 ) ) ;
#436 = CARTESIAN_POINT ( 'NONE',  ( -11.50000000000000355, 3.499999999999998224, 80.65000000000000568 ) ) ;
#437 = VERTEX_POINT ( 'NONE', #580 ) ;
#438 = CARTESIAN_POINT ( 'NONE',  ( 14.29635319167588037, -2.427802440496458214, 42.23064439948467452 ) ) ;
#439 = LINE ( 'NONE', #81, #137 ) ;
#440 = CARTESIAN_POINT ( 'NONE',  ( -14.49805403822354677, 0.2730006608291102865, 84.01548331226096877 ) ) ;
#441 = CARTESIAN_POINT ( 'NONE',  ( 13.35930195587926939, -5.637854876595891795, 45.74862305819515029 ) ) ;
#442 = DIRECTION ( 'NONE',  ( 0.000000000000000000, 0.000000000000000000, -1.000000000000000000 ) ) ;
#443 = CARTESIAN_POINT ( 'NONE',  ( 17.30252082813681724, -1.204643930023803877, 50.54590726163714010 ) ) ;
#444 = ORIENTED_EDGE ( 'NONE', *, *, #1280, .T. ) ;
#445 = CARTESIAN_POINT ( 'NONE',  ( -14.34708365472358516, 2.239858769906530434, 79.84115876303697235 ) ) ;
#446 = CARTESIAN_POINT ( 'NONE',  ( 19.20444359947392243, -0.6977894424966821774, 48.60895660087303582 ) ) ;
#447 = CARTESIAN_POINT ( 'NONE',  ( 18.84753275094054104, -1.104233865360641831, 39.43323056670983817 ) ) ;
#448 = B_SPLINE_CURVE_WITH_KNOTS ( 'NONE', 3,
 ( #2265, #271, #1174, #824, #1909, #257, #1921, #1745, #95, #25, #1103, #729, #585, #2205, #1312, #356, #752, #943, #775, #933, #2228, #1864, #1512, #572, #1467, #1673, #2379, #181 ),
 .UNSPECIFIED., .F., .F.,
 ( 4, 2, 2, 2, 2, 2, 2, 2, 2, 2, 2, 2, 2, 4 ),
 ( 0.000000000000000000, 0.0002724660938709400093, 0.0005449321877418800185, 0.0008173982816128199736, 0.001089864375483760037, 0.001634796563225639513, 0.002179728750967519207, 0.002452194844838459162, 0.002724660938709399117, 0.003269593126451278593, 0.003542059220322223752, 0.003814525314193168044, 0.004086991408064112770, 0.004359457501935057495 ),
 .UNSPECIFIED. ) ;
#449 = CYLINDRICAL_SURFACE ( 'NONE', #157, 1.389062499999999645 ) ;
#450 = DIRECTION ( 'NONE',  ( -1.000000000000000000, -6.123233995736766036E-17, -6.123233995736763571E-17 ) ) ;
#451 = ORIENTED_EDGE ( 'NONE', *, *, #2333, .F. ) ;
#452 = CIRCLE ( 'NONE', #2290, 3.499999999999999112 ) ;
#453 = CARTESIAN_POINT ( 'NONE',  ( 14.11934267743604998, -3.301980269609751772, 46.63088132134792119 ) ) ;
#454 = CYLINDRICAL_SURFACE ( 'NONE', #481, 2.375000000000002220 ) ;
#455 = CARTESIAN_POINT ( 'NONE',  ( -14.49999999999999822, 0.1372133289941962486, 84.02499999999999147 ) ) ;
#456 = ADVANCED_FACE ( 'NONE', ( #1318 ), #1871, .T. ) ;
#457 = DIRECTION ( 'NONE',  ( -0.000000000000000000, -0.000000000000000000, -1.000000000000000000 ) ) ;
#458 = ORIENTED_EDGE ( 'NONE', *, *, #554, .F. ) ;
#459 = CARTESIAN_POINT ( 'NONE',  ( -15.44594466059419702, 0.9219166328026655588, 78.45575511189800011 ) ) ;
#460 = CARTESIAN_POINT ( 'NONE',  ( 18.85517769948478417, -1.109338759977161137, 48.50606410821880843 ) ) ;
#461 = LINE ( 'NONE', #634, #1027 ) ;
#462 = CARTESIAN_POINT ( 'NONE',  ( -13.35949664145161186, -5.637390002126568156, 44.24866090036552890 ) ) ;
#463 = CARTESIAN_POINT ( 'NONE',  ( -14.27774293103278680, -2.531219104770033645, 78.62283253855984810 ) ) ;
#464 = ORIENTED_EDGE ( 'NONE', *, *, #146, .F. ) ;
#465 = CARTESIAN_POINT ( 'NONE',  ( -14.49977699290780464, -0.2208098719080854866, 84.02403173300109529 ) ) ;
#466 = FACE_OUTER_BOUND ( 'NONE', #166, .T. ) ;
#467 = CARTESIAN_POINT ( 'NONE',  ( 22.24999999999992539, 0.000000000000000000, 50.67499999999999716 ) ) ;
#468 = CIRCLE ( 'NONE', #1544, 0.9999999999999937828 ) ;
#469 = CARTESIAN_POINT ( 'NONE',  ( 19.38906249999999787, 2.374475332909297259E-15, 60.00000000000000000 ) ) ;
#470 = ORIENTED_EDGE ( 'NONE', *, *, #353, .T. ) ;
#471 = CARTESIAN_POINT ( 'NONE',  ( -14.38827468454110736, 1.935602008747404401, 79.26183057329126314 ) ) ;
#472 = LINE ( 'NONE', #612, #473 ) ;
#473 = VECTOR ( 'NONE', #99, 1000.000000000000000 ) ;
#474 = CARTESIAN_POINT ( 'NONE',  ( -13.54782646406753166, -5.168389717596471478, 42.64885651535428934 ) ) ;
#475 = CARTESIAN_POINT ( 'NONE',  ( -14.14550974458249044, -3.189563792158231603, 46.84130344904042431 ) ) ;
#476 = VERTEX_POINT ( 'NONE', #2190 ) ;
#477 = CARTESIAN_POINT ( 'NONE',  ( -13.35930195587927116, 5.637854876595890907, 45.74862305819515740 ) ) ;
#478 = CARTESIAN_POINT ( 'NONE',  ( 19.24771793559360589, 0.6172335476848710423, 50.64196534193987276 ) ) ;
#479 = ORIENTED_EDGE ( 'NONE', *, *, #204, .T. ) ;
#480 = CARTESIAN_POINT ( 'NONE',  ( -15.49570933774828596, -0.3001734452864021074, 78.28888728860975732 ) ) ;
#481 = AXIS2_PLACEMENT_3D ( 'NONE', #1002, #1508, #2071 ) ;
#482 = ORIENTED_EDGE ( 'NONE', *, *, #304, .F. ) ;
#483 = CARTESIAN_POINT ( 'NONE',  ( -14.01834255108130733, 3.707483847652606190, 60.37631956183796689 ) ) ;
#484 = CARTESIAN_POINT ( 'NONE',  ( -16.61093749999999858, 0.000000000000000000, 48.67499999999999716 ) ) ;
#485 = ADVANCED_FACE ( 'NONE', ( #1274 ), #1689, .F. ) ;
#486 = CYLINDRICAL_SURFACE ( 'NONE', #1957, 14.50000000000000000 ) ;
#487 = VERTEX_POINT ( 'NONE', #724 ) ;
#488 = CARTESIAN_POINT ( 'NONE',  ( -15.18116085481661415, -2.202062959459377467, 81.55322679901546223 ) ) ;
#489 = CARTESIAN_POINT ( 'NONE',  ( -13.34323329740471564, 5.675220280204735346, 44.62887716420529927 ) ) ;
#490 = CARTESIAN_POINT ( 'NONE',  ( 22.24999999999992539, 0.000000000000000000, 45.00000000000000000 ) ) ;
#491 = EDGE_LOOP ( 'NONE', ( #547, #907, #621, #1640, #308, #312, #807, #205, #236, #2355, #470, #1104, #1252, #2052 ) ) ;
#492 = CARTESIAN_POINT ( 'NONE',  ( -14.32914947903911163, 2.358693029519386197, 80.32459406274965374 ) ) ;
#493 = DIRECTION ( 'NONE',  ( -1.000000000000000000, -0.000000000000000000, -0.000000000000000000 ) ) ;
#494 = CARTESIAN_POINT ( 'NONE',  ( -11.50000000000000000, -3.499999999999996003, 61.00000000000000000 ) ) ;
#495 = CARTESIAN_POINT ( 'NONE',  ( -14.28253538945824097, -2.526128676433370135, 50.09552345321171174 ) ) ;
#496 = ADVANCED_FACE ( 'NONE', ( #545 ), #265, .T. ) ;
#497 = CARTESIAN_POINT ( 'NONE',  ( -14.07497697493539235, -3.486254662871614229, 46.18710445080405691 ) ) ;
#498 = DIRECTION ( 'NONE',  ( 0.000000000000000000, 0.000000000000000000, 1.000000000000000000 ) ) ;
#499 = CARTESIAN_POINT ( 'NONE',  ( -14.48878737561824259, 0.6049501167835308335, 83.96998775112407998 ) ) ;
#500 = CARTESIAN_POINT ( 'NONE',  ( 16.61093749999999858, 2.204364238465235428E-15, 60.00000000000000000 ) ) ;
#501 = EDGE_CURVE ( 'NONE', #1301, #1042, #2234, .T. ) ;
#502 = CARTESIAN_POINT ( 'NONE',  ( -15.38901652108767237, -1.310798353478159095, 82.63864670850350080 ) ) ;
#503 = ORIENTED_EDGE ( 'NONE', *, *, #274, .T. ) ;
#504 = CARTESIAN_POINT ( 'NONE',  ( -12.50000000000000000, 0.000000000000000000, 55.99999999999999289 ) ) ;
#505 = VECTOR ( 'NONE', #145, 1000.000000000000000 ) ;
#506 = CYLINDRICAL_SURFACE ( 'NONE', #887, 14.50000000000000000 ) ;
#507 = CARTESIAN_POINT ( 'NONE',  ( -14.46684484812207749, 0.9986298465843636007, 83.85873684047355425 ) ) ;
#508 = B_SPLINE_CURVE_WITH_KNOTS ( 'NONE', 3,
 ( #314, #647, #1777, #673, #136, #301, #2321, #1047, #686, #869, #2164, #1763, #1411, #125, #2345, #2310, #1986, #698, #661, #1435, #497, #1387, #475, #1604, #519, #2130, #1799, #147, #1221, #880, #1569, #1069, #2296, #1036 ),
 .UNSPECIFIED., .F., .F.,
 ( 4, 2, 2, 2, 2, 2, 2, 2, 2, 2, 2, 2, 2, 2, 2, 2, 4 ),
 ( 0.01153694666020627958, 0.01225781115734617642, 0.01297867565448607499, 0.01369954015162597183, 0.01442040464876587040, 0.01514126914590576724, 0.01586213364304566581, 0.01658299814018556265, 0.01730386263732545948, 0.01802472713446535979, 0.01874559163160525663, 0.01946645612874515346, 0.02018732062588505030, 0.02090818512302494714, 0.02162904962016484745, 0.02234991411730474428, 0.02307077861444464112 ),
 .UNSPECIFIED. ) ;
#509 = CARTESIAN_POINT ( 'NONE',  ( 22.24999999999992539, 6.949870585161229716E-16, 39.32499999999999574 ) ) ;
#510 = CARTESIAN_POINT ( 'NONE',  ( -19.34417183055968792, -0.3619819105238651913, 39.33584727061730035 ) ) ;
#511 = CARTESIAN_POINT ( 'NONE',  ( -15.38537522905278898, -1.330857306804914320, 82.62316248851222156 ) ) ;
#512 = CARTESIAN_POINT ( 'NONE',  ( 22.24999999999992539, 6.949870585161229716E-16, 39.32499999999999574 ) ) ;
#513 = CARTESIAN_POINT ( 'NONE',  ( -11.08578643762690596, 3.914213562373090483, 60.00000000000000000 ) ) ;
#514 = ADVANCED_FACE ( 'NONE', ( #1891 ), #2056, .T. ) ;
#515 = ORIENTED_EDGE ( 'NONE', *, *, #569, .F. ) ;
#516 = DIRECTION ( 'NONE',  ( -0.000000000000000000, -0.000000000000000000, -1.000000000000000000 ) ) ;
#517 = CARTESIAN_POINT ( 'NONE',  ( 14.30874584620070600, -2.353629241313938802, 39.83277519067986816 ) ) ;
#518 = CARTESIAN_POINT ( 'NONE',  ( -14.24201565726502849, 2.724420573966773951, 78.93286686194038282 ) ) ;
#519 = CARTESIAN_POINT ( 'NONE',  ( -14.23426437434109992, -2.768583654281383311, 47.42846088010064420 ) ) ;
#520 = DIRECTION ( 'NONE',  ( -1.000000000000000000, -6.123233995736766036E-17, -6.123233995736763571E-17 ) ) ;
#521 = CARTESIAN_POINT ( 'NONE',  ( -13.42050456969683658, 5.490571655541620189, 43.51731340473053677 ) ) ;
#522 = CARTESIAN_POINT ( 'NONE',  ( 18.85408562082582407, -1.110196927587215665, 50.56685038608425486 ) ) ;
#523 = CARTESIAN_POINT ( 'NONE',  ( 14.49402207575097457, 0.4800871513370632560, 41.34836625268992094 ) ) ;
#524 = VERTEX_POINT ( 'NONE', #997 ) ;
#525 = EDGE_CURVE ( 'NONE', #739, #1210, #1109, .T. ) ;
#526 = AXIS2_PLACEMENT_3D ( 'NONE', #1730, #1707, #2252 ) ;
#527 = CARTESIAN_POINT ( 'NONE',  ( -15.46394503710680191, 0.7589468258685351243, 82.90595318385497592 ) ) ;
#528 = ORIENTED_EDGE ( 'NONE', *, *, #1701, .F. ) ;
#529 = CIRCLE ( 'NONE', #2178, 3.674999999999997602 ) ;
#530 = CARTESIAN_POINT ( 'NONE',  ( -14.50000000000000000, 0.000000000000000000, 48.67499999999999716 ) ) ;
#531 = CARTESIAN_POINT ( 'NONE',  ( -14.15232158059878209, 3.156314075321334123, 80.43631320302837651 ) ) ;
#532 = PRESENTATION_STYLE_ASSIGNMENT (( #347 ) ) ;
#533 = CARTESIAN_POINT ( 'NONE',  ( -16.78643290923010056, -0.6996823117905129896, 39.36579155162770860 ) ) ;
#534 = CARTESIAN_POINT ( 'NONE',  ( -14.36737884486859862, -2.096760488980945691, 79.52036211095571616 ) ) ;
#535 = CARTESIAN_POINT ( 'NONE',  ( 18.00000000000000000, 2.204364238465235428E-15, 60.00000000000000000 ) ) ;
#536 = CARTESIAN_POINT ( 'NONE',  ( 0.000000000000000000, 0.000000000000000000, 60.00000000000000000 ) ) ;
#537 = CYLINDRICAL_SURFACE ( 'NONE', #1334, 1.000000000000000000 ) ;
#538 = ORIENTED_EDGE ( 'NONE', *, *, #918, .F. ) ;
#539 = LINE ( 'NONE', #2366, #924 ) ;
#540 = ORIENTED_EDGE ( 'NONE', *, *, #1024, .F. ) ;
#541 = CARTESIAN_POINT ( 'NONE',  ( -14.34001143235375153, 2.152091065295681727, 83.12768971415528085 ) ) ;
#542 = CARTESIAN_POINT ( 'NONE',  ( -17.63548924065900181, -1.352807386680895840, 39.48812762984340452 ) ) ;
#543 = CARTESIAN_POINT ( 'NONE',  ( -14.46601752700324894, -1.105345297949766215, 78.54083920850234790 ) ) ;
#544 = CARTESIAN_POINT ( 'NONE',  ( -14.31516718189780413, 2.313567850895834610, 83.28610420084253008 ) ) ;
#545 = FACE_OUTER_BOUND ( 'NONE', #114, .T. ) ;
#546 = CARTESIAN_POINT ( 'NONE',  ( 14.23456514979744369, 2.767098431962323968, 42.56973267306468500 ) ) ;
#547 = ORIENTED_EDGE ( 'NONE', *, *, #274, .F. ) ;
#548 = CARTESIAN_POINT ( 'NONE',  ( -14.20378601443621847, 2.916722112786534371, 81.96106525589978276 ) ) ;
#549 = LINE ( 'NONE', #369, #410 ) ;
#550 = ORIENTED_EDGE ( 'NONE', *, *, #323, .T. ) ;
#551 = DIRECTION ( 'NONE',  ( 1.000000000000000000, 0.000000000000000000, 0.000000000000000000 ) ) ;
#552 = CARTESIAN_POINT ( 'NONE',  ( 18.09236623694767943, 1.389010565875558934, 48.40239248926487647 ) ) ;
#553 = DIRECTION ( 'NONE',  ( 0.000000000000000000, 0.000000000000000000, 1.000000000000000000 ) ) ;
#554 = EDGE_CURVE ( 'NONE', #2311, #2016, #1231, .T. ) ;
#555 = AXIS2_PLACEMENT_3D ( 'NONE', #2134, #1425, #835 ) ;
#556 = CARTESIAN_POINT ( 'NONE',  ( -19.10433011951328908, -0.8473780015490788298, 41.42320976634978535 ) ) ;
#557 = CARTESIAN_POINT ( 'NONE',  ( 14.48193545277915817, 0.7473646221936305345, 39.37129043285882091 ) ) ;
#558 = CARTESIAN_POINT ( 'NONE',  ( 14.47031601902008369, 0.9576606470593660436, 41.44362561272765078 ) ) ;
#559 = CARTESIAN_POINT ( 'NONE',  ( -16.89676437494699002, 0.8488413148623477067, 41.42355113674732792 ) ) ;
#560 = CARTESIAN_POINT ( 'NONE',  ( 16.89138505910102950, 0.8559590420986715742, 41.42365008755335509 ) ) ;
#561 = ORIENTED_EDGE ( 'NONE', *, *, #1930, .T. ) ;
#562 = AXIS2_PLACEMENT_3D ( 'NONE', #1300, #1853, #193 ) ;
#563 = CARTESIAN_POINT ( 'NONE',  ( -14.07483331095716750, 3.486852172852251908, 43.81432214447158202 ) ) ;
#564 = CARTESIAN_POINT ( 'NONE',  ( -14.50000000000000000, -2.305469107485036917E-11, 77.27499999999999147 ) ) ;
#565 = CARTESIAN_POINT ( 'NONE',  ( -14.32673545209009447, -2.374337738679243692, 80.47330944899474048 ) ) ;
#566 = CARTESIAN_POINT ( 'NONE',  ( -18.18373294797318707, -1.388978789583923179, 41.59759453764939252 ) ) ;
#567 = CARTESIAN_POINT ( 'NONE',  ( 13.64298832787784832, 4.915918351455535351, 47.85929795182091340 ) ) ;
#568 = CARTESIAN_POINT ( 'NONE',  ( -16.61093749999999858, 3.778399013509790009E-17, 60.00000000000000000 ) ) ;
#569 = EDGE_CURVE ( 'NONE', #126, #897, #817, .T. ) ;
#570 = CARTESIAN_POINT ( 'NONE',  ( -22.24999999999992539, 0.000000000000000000, 48.67499999999999716 ) ) ;
#571 = CARTESIAN_POINT ( 'NONE',  ( -17.90920246038298203, 1.389113991233730250, 41.59764973548011824 ) ) ;
#572 = CARTESIAN_POINT ( 'NONE',  ( -19.31776887412201660, 0.4485797492959949229, 50.65787030402962898 ) ) ;
#573 = ORIENTED_EDGE ( 'NONE', *, *, #244, .F. ) ;
#574 = EDGE_CURVE ( 'NONE', #1055, #668, #2147, .T. ) ;
#575 = CARTESIAN_POINT ( 'NONE',  ( -14.20330520853287837, 2.921400953066394024, 42.75766111695966032 ) ) ;
#576 = B_SPLINE_CURVE_WITH_KNOTS ( 'NONE', 3,
 ( #2150, #1495, #1602, #2048, #2226, #401, #134, #2331, #683, #1419, #1577, #1045, #287, #993, #1192, #2100, #460, #98, #814, #446, #298, #1178, #311, #110 ),
 .UNSPECIFIED., .F., .F.,
 ( 4, 2, 2, 2, 2, 2, 2, 2, 2, 2, 2, 4 ),
 ( 0.004383983671005200339, 0.004931871072449097067, 0.005205814773171045864, 0.005479758473892994662, 0.006027645875336893125, 0.006301589576058835851, 0.006575533276780778577, 0.007123420678224674438, 0.007671308079668570298, 0.007945251780390519963, 0.008219195481112471363, 0.008767082882556370693 ),
 .UNSPECIFIED. ) ;
#577 = CARTESIAN_POINT ( 'NONE',  ( 18.44943901990631829, -1.317492769307308631, 41.56907739795002499 ) ) ;
#578 = CARTESIAN_POINT ( 'NONE',  ( -16.89566988048670737, -0.8473780015490751660, 48.57679023365022175 ) ) ;
#579 = CARTESIAN_POINT ( 'NONE',  ( -14.41803449512296531, 1.554174994475158167, 83.79436936769826616 ) ) ;
#580 = CARTESIAN_POINT ( 'NONE',  ( -18.00000000000000355, -0.8750000000000018874, 80.65000000000000568 ) ) ;
#581 = CARTESIAN_POINT ( 'NONE',  ( 14.32692393325405611, -2.242723636709015089, 47.92119121431276341 ) ) ;
#582 = CARTESIAN_POINT ( 'NONE',  ( 19.38906249999999787, 4.500981335718804317E-16, 41.32500000000000284 ) ) ;
#583 = CARTESIAN_POINT ( 'NONE',  ( -18.36278821044657050, 1.343978146103880000, 41.57951412968291294 ) ) ;
#584 = EDGE_CURVE ( 'NONE', #1139, #1498, #1630, .T. ) ;
#585 = CARTESIAN_POINT ( 'NONE',  ( -17.81744359015798551, 1.388986685098255958, 50.50239411481172169 ) ) ;
#586 = EDGE_LOOP ( 'NONE', ( #944, #727, #108, #122 ) ) ;
#587 = LINE ( 'NONE', #405, #1117 ) ;
#588 = CARTESIAN_POINT ( 'NONE',  ( 16.61093749999999858, 4.043487692174134753E-20, 48.67499999999999716 ) ) ;
#589 = CARTESIAN_POINT ( 'NONE',  ( -18.36584386783885492, 1.352167343303926073, 39.48798221833594368 ) ) ;
#590 = CARTESIAN_POINT ( 'NONE',  ( -14.42208157041242345, -1.510084711886392705, 83.62100768028651032 ) ) ;
#591 = ORIENTED_EDGE ( 'NONE', *, *, #1559, .F. ) ;
#592 = CARTESIAN_POINT ( 'NONE',  ( -14.09874993544895538, -3.387825813648298379, 81.55821644976803952 ) ) ;
#593 = CYLINDRICAL_SURFACE ( 'NONE', #1829, 5.674999999999999822 ) ;
#594 = CARTESIAN_POINT ( 'NONE',  ( -16.61093750000000213, -0.09213100101190489777, 50.67499999999999716 ) ) ;
#595 = CARTESIAN_POINT ( 'NONE',  ( -15.12809885610217719, 2.375000000000000888, 80.65000000000239311 ) ) ;
#596 = ADVANCED_FACE ( 'NONE', ( #1339 ), #1012, .F. ) ;
#597 = ADVANCED_FACE ( 'NONE', ( #1398 ), #324, .T. ) ;
#598 = EDGE_LOOP ( 'NONE', ( #717, #875, #1840, #691, #1454, #1558, #1929, #1821 ) ) ;
#599 = CARTESIAN_POINT ( 'NONE',  ( -14.11942251742820353, 3.301663002320990081, 43.36813252023344489 ) ) ;
#600 = DIRECTION ( 'NONE',  ( -1.000000000000000000, -6.123233995736766036E-17, -6.123233995736763571E-17 ) ) ;
#601 = CARTESIAN_POINT ( 'NONE',  ( -19.04576486272106806, -0.9187629114667442698, 48.55892377189466913 ) ) ;
#602 = CIRCLE ( 'NONE', #1719, 9.144713687814371994 ) ;
#603 = CARTESIAN_POINT ( 'NONE',  ( -14.47753393376189557, -0.8068526487363563149, 77.38706837518316206 ) ) ;
#604 = EDGE_LOOP ( 'NONE', ( #1291, #2195, #1443, #1947, #2136, #1100 ) ) ;
#605 = CARTESIAN_POINT ( 'NONE',  ( -14.45705535054655577, -1.134957249574248817, 83.96869330579092150 ) ) ;
#606 =( NAMED_UNIT ( * ) SI_UNIT ( $, .STERADIAN. ) SOLID_ANGLE_UNIT ( ) );
#607 = LINE ( 'NONE', #2061, #2059 ) ;
#608 = CARTESIAN_POINT ( 'NONE',  ( -11.50000000000000355, 3.499999999999998224, 80.65000000000000568 ) ) ;
#609 = MECHANICAL_DESIGN_GEOMETRIC_PRESENTATION_REPRESENTATION (  '', ( #1612 ), #1516 ) ;
#610 = ORIENTED_EDGE ( 'NONE', *, *, #146, .T. ) ;
#611 = CARTESIAN_POINT ( 'NONE',  ( -14.14606419015372651, 3.187056683425128600, 43.15464450806704377 ) ) ;
#612 = CARTESIAN_POINT ( 'NONE',  ( 14.50000000000000000, 1.775737858763662015E-15, 60.00000000000000000 ) ) ;
#613 = CARTESIAN_POINT ( 'NONE',  ( -17.90958847414793453, 1.389100227201567339, 39.49763454864072543 ) ) ;
#614 = CARTESIAN_POINT ( 'NONE',  ( -16.61093749999999858, 3.778399013509790009E-17, 60.00000000000000000 ) ) ;
#615 = VERTEX_POINT ( 'NONE', #830 ) ;
#616 = CARTESIAN_POINT ( 'NONE',  ( 14.45304760425656276, -1.187049204469800667, 41.51370998107923782 ) ) ;
#617 = AXIS2_PLACEMENT_3D ( 'NONE', #945, #2053, #2230 ) ;
#618 = CARTESIAN_POINT ( 'NONE',  ( -15.30613904473045750, 1.723632324140336181, 79.00607181043000082 ) ) ;
#619 = CARTESIAN_POINT ( 'NONE',  ( -22.24999999999992539, 0.000000000000000000, 50.67499999999999716 ) ) ;
#620 = CARTESIAN_POINT ( 'NONE',  ( 13.46845947309410363, -5.371599241100541100, 46.84022956036499608 ) ) ;
#621 = ORIENTED_EDGE ( 'NONE', *, *, #1768, .T. ) ;
#622 = CARTESIAN_POINT ( 'NONE',  ( -14.30254056304247889, 2.388187403166082579, 78.43141955066701598 ) ) ;
#623 = CARTESIAN_POINT ( 'NONE',  ( 19.31776887412201305, 0.4485797492959965882, 39.34212969597037812 ) ) ;
#624 = CARTESIAN_POINT ( 'NONE',  ( -11.50000000000000355, -7.041719095097282852E-16, 80.65000000000000568 ) ) ;
#625 = CARTESIAN_POINT ( 'NONE',  ( -17.81713367169617968, 1.379975478176034720, 39.49530839205538513 ) ) ;
#626 = CARTESIAN_POINT ( 'NONE',  ( -14.50000000000000000, -0.1994214426644344285, 84.02500000000001990 ) ) ;
#627 = EDGE_CURVE ( 'NONE', #1764, #2235, #290, .T. ) ;
#628 = CARTESIAN_POINT ( 'NONE',  ( 14.03281779439576482, -3.651358108386561163, 45.48148999673869497 ) ) ;
#629 = CARTESIAN_POINT ( 'NONE',  ( -15.16024444392393100, 2.271618212597267039, 79.93376316085749522 ) ) ;
#630 = CARTESIAN_POINT ( 'NONE',  ( -16.89079632920025631, -0.8553751705596198684, 50.61165695286702260 ) ) ;
#631 = ORIENTED_EDGE ( 'NONE', *, *, #132, .F. ) ;
#632 = CARTESIAN_POINT ( 'NONE',  ( -15.49975315031317180, 0.1662648049554203977, 78.27570905610581065 ) ) ;
#633 = CARTESIAN_POINT ( 'NONE',  ( 16.61093750000000568, 0.09215575730399780396, 39.32500000000000995 ) ) ;
#634 = CARTESIAN_POINT ( 'NONE',  ( -14.07124727947028830, 3.499999999999994227, 61.00000000000000000 ) ) ;
#635 = CARTESIAN_POINT ( 'NONE',  ( -13.93624017520604674, -4.005852145948811227, 60.12106052985657811 ) ) ;
#636 = CARTESIAN_POINT ( 'NONE',  ( -14.26093114074627799, -2.624710836507972544, 82.53641270715259282 ) ) ;
#637 = ORIENTED_EDGE ( 'NONE', *, *, #1257, .T. ) ;
#638 = AXIS2_PLACEMENT_3D ( 'NONE', #839, #1526, #1345 ) ;
#639 = CARTESIAN_POINT ( 'NONE',  ( -14.49993946200902073, -0.1503147000500545671, 83.02454201324621863 ) ) ;
#640 = CARTESIAN_POINT ( 'NONE',  ( -15.50128784936119608, 0.1146279781671766945, 78.27083615177781439 ) ) ;
#641 = CARTESIAN_POINT ( 'NONE',  ( 22.24999999999992539, 0.000000000000000000, 50.67499999999999716 ) ) ;
#642 = ORIENTED_EDGE ( 'NONE', *, *, #834, .T. ) ;
#643 = CARTESIAN_POINT ( 'NONE',  ( -14.48863452416046727, -0.6076723220288312577, 77.33078759753715303 ) ) ;
#644 = CYLINDRICAL_SURFACE ( 'NONE', #120, 3.674999999999997602 ) ;
#645 = PLANE ( 'NONE',  #1742 ) ;
#646 = CARTESIAN_POINT ( 'NONE',  ( -18.70369872913415321, 1.211584288714739666, 48.47035400996698229 ) ) ;
#647 = CARTESIAN_POINT ( 'NONE',  ( -14.49999999999999822, -0.2403717851720770238, 41.32500000000000995 ) ) ;
#648 = ORIENTED_EDGE ( 'NONE', *, *, #1855, .T. ) ;
#649 = CARTESIAN_POINT ( 'NONE',  ( -14.48768320101461704, -0.6319219181428806786, 83.96413641873341760 ) ) ;
#650 = DIRECTION ( 'NONE',  ( 0.000000000000000000, 0.000000000000000000, -1.000000000000000000 ) ) ;
#651 = CARTESIAN_POINT ( 'NONE',  ( -15.50130647338917456, -0.1157504102726258782, 83.02922408225755646 ) ) ;
#652 = AXIS2_PLACEMENT_3D ( 'NONE', #2250, #2073, #920 ) ;
#653 = VERTEX_POINT ( 'NONE', #1593 ) ;
#654 = ADVANCED_FACE ( 'NONE', ( #336 ), #486, .T. ) ;
#655 = EDGE_CURVE ( 'NONE', #1661, #2253, #857, .T. ) ;
#656 = CARTESIAN_POINT ( 'NONE',  ( -14.39245700123726834, 1.771954781095891551, 77.84782050330636594 ) ) ;
#657 =( NAMED_UNIT ( * ) SI_UNIT ( $, .STERADIAN. ) SOLID_ANGLE_UNIT ( ) );
#658 = EDGE_LOOP ( 'NONE', ( #642, #2111, #846, #96, #991, #1229, #2367, #1087 ) ) ;
#659 = CARTESIAN_POINT ( 'NONE',  ( -14.03813956151660669, 3.630908474624590099, 60.48780010336040647 ) ) ;
#660 = CARTESIAN_POINT ( 'NONE',  ( -14.11831405858258570, -3.308726669122449948, 49.61429228891373100 ) ) ;
#661 = CARTESIAN_POINT ( 'NONE',  ( -14.03280617010044651, -3.651396679805665180, 45.48046547933691386 ) ) ;
#662 = VERTEX_POINT ( 'NONE', #113 ) ;
#663 = CARTESIAN_POINT ( 'NONE',  ( -15.21995719934839286, -2.065191951359171885, 81.83316614721854876 ) ) ;
#664 = DIRECTION ( 'NONE',  ( 0.000000000000000000, 0.000000000000000000, 1.000000000000000000 ) ) ;
#665 = APPLICATION_CONTEXT ( 'automotive_design' ) ;
#666 = DIRECTION ( 'NONE',  ( 1.000000000000000000, 0.000000000000000000, 0.000000000000000000 ) ) ;
#667 = CARTESIAN_POINT ( 'NONE',  ( -15.47597969894401970, 0.6070040453737763908, 82.94612087854709159 ) ) ;
#668 = VERTEX_POINT ( 'NONE', #1058 ) ;
#669 = CARTESIAN_POINT ( 'NONE',  ( -15.28892266974863468, 1.796478136440281093, 79.08877672037858986 ) ) ;
#670 = EDGE_CURVE ( 'NONE', #1794, #2352, #2257, .T. ) ;
#671 = CARTESIAN_POINT ( 'NONE',  ( 16.64759327793401766, -0.3650979037778431802, 50.66573593611625625 ) ) ;
#672 = CARTESIAN_POINT ( 'NONE',  ( -13.78212734160572417, -4.511053087119766047, 41.53723967708907594 ) ) ;
#673 = CARTESIAN_POINT ( 'NONE',  ( -14.47031601902008724, -0.9576606470593647114, 41.44362561272766499 ) ) ;
#674 = CARTESIAN_POINT ( 'NONE',  ( -14.34721999924272673, -2.238927759726498046, 81.46142575312067891 ) ) ;
#675 = CARTESIAN_POINT ( 'NONE',  ( -14.30874584620069889, 2.353629241313940135, 39.83277519067985395 ) ) ;
#676 = ADVANCED_FACE ( 'NONE', ( #1580 ), #1790, .F. ) ;
#677 = AXIS2_PLACEMENT_3D ( 'NONE', #2109, #974, #416 ) ;
#678 = CARTESIAN_POINT ( 'NONE',  ( 17.08137293573559745, -1.045858135371664277, 50.57817497041637722 ) ) ;
#679 = CARTESIAN_POINT ( 'NONE',  ( -15.49616834736997895, -0.3003878194427092585, 83.01285263970156336 ) ) ;
#680 = ORIENTED_EDGE ( 'NONE', *, *, #1811, .F. ) ;
#681 = CARTESIAN_POINT ( 'NONE',  ( -14.43636532495503388, 1.486762750350386186, 82.51097303253783366 ) ) ;
#682 = ORIENTED_EDGE ( 'NONE', *, *, #1280, .F. ) ;
#683 = CARTESIAN_POINT ( 'NONE',  ( 17.29839230544202167, -1.212597738487042109, 48.46998560780206589 ) ) ;
#684 = CARTESIAN_POINT ( 'NONE',  ( -17.14529329776992839, 1.109580741585712627, 48.50596280013204620 ) ) ;
#685 = VECTOR ( 'NONE', #1246, 1000.000000000000000 ) ;
#686 = CARTESIAN_POINT ( 'NONE',  ( -14.29628980585988707, -2.428122015645615583, 42.23101887155676337 ) ) ;
#687 = CARTESIAN_POINT ( 'NONE',  ( -16.61093750000000213, -0.1816730781320826382, 39.32500000000000995 ) ) ;
#688 = CARTESIAN_POINT ( 'NONE',  ( -14.49591645672349038, 0.4009803987748960519, 84.00492187280792677 ) ) ;
#689 = PLANE ( 'NONE',  #2132 ) ;
#690 = CARTESIAN_POINT ( 'NONE',  ( 16.79546903870593866, 0.6976860966893465577, 50.63245988072979742 ) ) ;
#691 = ORIENTED_EDGE ( 'NONE', *, *, #1782, .T. ) ;
#692 = CARTESIAN_POINT ( 'NONE',  ( -14.45698293375725640, 1.235524744163093658, 82.68638863311385023 ) ) ;
#693 = VECTOR ( 'NONE', #201, 1000.000000000000000 ) ;
#694 = VERTEX_POINT ( 'NONE', #2153 ) ;
#695 = CARTESIAN_POINT ( 'NONE',  ( 16.61093749999999858, 4.043487692174134753E-20, 48.67499999999999716 ) ) ;
#696 = CARTESIAN_POINT ( 'NONE',  ( -14.50000000000000000, -2.305469107485036917E-11, 77.27499999999999147 ) ) ;
#697 = VECTOR ( 'NONE', #1175, 1000.000000000000000 ) ;
#698 = CARTESIAN_POINT ( 'NONE',  ( -14.02654076873533029, -3.675071981413116085, 45.24129003125657533 ) ) ;
#699 = LINE ( 'NONE', #1081, #1226 ) ;
#700 = CARTESIAN_POINT ( 'NONE',  ( -14.42486982641428916, -1.606677171935777970, 78.89099564130809483 ) ) ;
#701 = EDGE_CURVE ( 'NONE', #1892, #2316, #508, .T. ) ;
#702 = DIRECTION ( 'NONE',  ( 1.000000000000000000, 0.000000000000000000, 0.000000000000000000 ) ) ;
#703 = CARTESIAN_POINT ( 'NONE',  ( -15.48999930095575017, 0.4300005166237023668, 82.99291364934613568 ) ) ;
#704 = ORIENTED_EDGE ( 'NONE', *, *, #2363, .F. ) ;
#705 = CARTESIAN_POINT ( 'NONE',  ( -15.34109566515021328, 1.562818415244490167, 82.44509132603378987 ) ) ;
#706 = ORIENTED_EDGE ( 'NONE', *, *, #2021, .T. ) ;
#707 = FACE_OUTER_BOUND ( 'NONE', #2272, .T. ) ;
#708 = CARTESIAN_POINT ( 'NONE',  ( -19.38906249999999787, 0.1826201211523181545, 48.67500000000001137 ) ) ;
#709 =( LENGTH_UNIT ( ) NAMED_UNIT ( * ) SI_UNIT ( .MILLI., .METRE. ) );
#710 = DIRECTION ( 'NONE',  ( 0.000000000000000000, 0.000000000000000000, 1.000000000000000000 ) ) ;
#711 = CARTESIAN_POINT ( 'NONE',  ( -14.11538943788323586, 3.318710167717839887, 81.78490076152377242 ) ) ;
#712 = CARTESIAN_POINT ( 'NONE',  ( -14.50000000000000000, 0.000000000000000000, 60.00000000000000000 ) ) ;
#713 = CARTESIAN_POINT ( 'NONE',  ( 14.32655139861575400, 2.245173403979149551, 47.91939345724021138 ) ) ;
#714 = ORIENTED_EDGE ( 'NONE', *, *, #1663, .F. ) ;
#715 = AXIS2_PLACEMENT_3D ( 'NONE', #1648, #189, #1123 ) ;
#716 = CARTESIAN_POINT ( 'NONE',  ( -18.00000000000000355, -1.102182119232618108E-15, 80.65000000000000568 ) ) ;
#717 = ORIENTED_EDGE ( 'NONE', *, *, #1189, .F. ) ;
#718 = CIRCLE ( 'NONE', #186, 5.674999999999999822 ) ;
#719 = CARTESIAN_POINT ( 'NONE',  ( -14.47752939578634290, 0.8069340705053758001, 83.91290861688270297 ) ) ;
#720 = PRODUCT_DEFINITION_CONTEXT ( 'detailed design', #952, 'design' ) ;
#721 = CARTESIAN_POINT ( 'NONE',  ( -17.30252082813681724, -1.204643930023807874, 39.45409273836283859 ) ) ;
#722 = CARTESIAN_POINT ( 'NONE',  ( -15.34120266944881550, -1.562269331763229241, 78.85447075277755857 ) ) ;
#723 = CARTESIAN_POINT ( 'NONE',  ( -17.55056098009367815, -1.317492769307309741, 41.56907739795003209 ) ) ;
#724 = CARTESIAN_POINT ( 'NONE',  ( -19.38906249999999787, -1.323271043089639619E-16, 39.32499999999999574 ) ) ;
#725 = MANIFOLD_SOLID_BREP ( 'Fillet1', #2251 ) ;
#726 = DIRECTION ( 'NONE',  ( 1.000000000000000000, 0.000000000000000000, 0.000000000000000000 ) ) ;
#727 = ORIENTED_EDGE ( 'NONE', *, *, #1205, .F. ) ;
#728 = CARTESIAN_POINT ( 'NONE',  ( -19.31689738406092260, 0.4511670093499069445, 41.35181228913268114 ) ) ;
#729 = CARTESIAN_POINT ( 'NONE',  ( -17.63415613216115219, 1.352167343303926073, 50.51201778166404210 ) ) ;
#730 = ADVANCED_FACE ( 'NONE', ( #1728 ), #2117, .T. ) ;
#731 = ORIENTED_EDGE ( 'NONE', *, *, #1782, .F. ) ;
#732 = VECTOR ( 'NONE', #237, 1000.000000000000000 ) ;
#733 = DIRECTION ( 'NONE',  ( -1.000000000000000000, 0.000000000000000000, 0.000000000000000000 ) ) ;
#734 = CARTESIAN_POINT ( 'NONE',  ( 19.04576486272107871, -0.9187629114667428265, 41.44107622810533087 ) ) ;
#735 = CARTESIAN_POINT ( 'NONE',  ( -14.15059281665161528, -3.163999587947001313, 80.63740065277660563 ) ) ;
#736 = CARTESIAN_POINT ( 'NONE',  ( -19.35261950961712785, -0.3651673879560078384, 41.33920989500742849 ) ) ;
#737 = CARTESIAN_POINT ( 'NONE',  ( 14.21727769145371845, 2.854258634424107655, 40.09149412925483347 ) ) ;
#738 = CARTESIAN_POINT ( 'NONE',  ( -14.07124727947028830, -3.500000000000000888, 80.65000000000000568 ) ) ;
#739 = VERTEX_POINT ( 'NONE', #1015 ) ;
#740 = CARTESIAN_POINT ( 'NONE',  ( 14.50000000000000000, 0.000000000000000000, 48.67499999999999716 ) ) ;
#741 = CARTESIAN_POINT ( 'NONE',  ( 22.24999999999992539, 4.500576986866518864E-16, 41.32500000000000284 ) ) ;
#742 = VERTEX_POINT ( 'NONE', #987 ) ;
#743 = CARTESIAN_POINT ( 'NONE',  ( -14.19374244016815823, 2.964920222163669017, 79.47320380430073783 ) ) ;
#744 = DIRECTION ( 'NONE',  ( 1.000000000000000000, 0.000000000000000000, 0.000000000000000000 ) ) ;
#745 = CARTESIAN_POINT ( 'NONE',  ( -19.34447222061626803, 0.3607325388313142311, 39.33577552746525186 ) ) ;
#746 = ADVANCED_FACE ( 'NONE', ( #466 ), #454, .T. ) ;
#747 = CARTESIAN_POINT ( 'NONE',  ( -17.14711565908469382, -1.111351500047682572, 41.49453602929410323 ) ) ;
#748 = CARTESIAN_POINT ( 'NONE',  ( 13.85932619459881643, 4.271133579817798065, 48.75481747480854722 ) ) ;
#749 = CARTESIAN_POINT ( 'NONE',  ( 14.45300539062720802, 1.187470842979593488, 41.51389018362634431 ) ) ;
#750 = FACE_BOUND ( 'NONE', #1674, .T. ) ;
#751 = CARTESIAN_POINT ( 'NONE',  ( 13.97026697196371714, -3.885843866196396768, 49.13997397881966833 ) ) ;
#752 = CARTESIAN_POINT ( 'NONE',  ( -18.44807038057552262, 1.317975444195707890, 50.51995068001990319 ) ) ;
#753 = EDGE_LOOP ( 'NONE', ( #1168, #458 ) ) ;
#754 = VECTOR ( 'NONE', #5, 1000.000000000000000 ) ;
#755 = CYLINDRICAL_SURFACE ( 'NONE', #617, 1.389062499999999645 ) ;
#756 = CARTESIAN_POINT ( 'NONE',  ( 18.45118649114774811, 1.316847088511930997, 48.43116814936179537 ) ) ;
#757 = CARTESIAN_POINT ( 'NONE',  ( -18.18397735847511498, -1.379840297942727112, 48.40617658618448615 ) ) ;
#758 = DIRECTION ( 'NONE',  ( 0.000000000000000000, 0.000000000000000000, 1.000000000000000000 ) ) ;
#759 = CARTESIAN_POINT ( 'NONE',  ( 14.38765297754681249, 1.835098100569770407, 50.38313108826219633 ) ) ;
#760 = EDGE_CURVE ( 'NONE', #1468, #1059, #439, .T. ) ;
#761 = CARTESIAN_POINT ( 'NONE',  ( -15.42395069866351776, -1.100584659018654543, 78.52968915126780303 ) ) ;
#762 = DIRECTION ( 'NONE',  ( 0.000000000000000000, 0.000000000000000000, 1.000000000000000000 ) ) ;
#763 = CARTESIAN_POINT ( 'NONE',  ( 13.57605699831384172, -5.095477472243127970, 47.52545360593472168 ) ) ;
#764 = CARTESIAN_POINT ( 'NONE',  ( 16.78823877607631587, 0.7030166508437518669, 41.38887918163455737 ) ) ;
#765 = ORIENTED_EDGE ( 'NONE', *, *, #1690, .T. ) ;
#766 = DIRECTION ( 'NONE',  ( 0.000000000000000000, 0.000000000000000000, -1.000000000000000000 ) ) ;
#767 = CARTESIAN_POINT ( 'NONE',  ( 16.75252183761253733, 0.6176430720759332749, 48.62370968421178929 ) ) ;
#768 = CARTESIAN_POINT ( 'NONE',  ( -14.49639801662549665, -0.3734339038502351715, 39.33418387262801730 ) ) ;
#769 = CARTESIAN_POINT ( 'NONE',  ( 13.85702753974252310, 4.278679617544121072, 41.25353338675836312 ) ) ;
#770 = CARTESIAN_POINT ( 'NONE',  ( 14.05712648662134612, -3.556625679702479115, 45.95637985503699952 ) ) ;
#771 = CARTESIAN_POINT ( 'NONE',  ( 16.61093749999999858, 2.204364238465235428E-15, 39.32499999999999574 ) ) ;
#772 = AXIS2_PLACEMENT_3D ( 'NONE', #939, #1493, #2222 ) ;
#773 = CYLINDRICAL_SURFACE ( 'NONE', #1262, 3.674999999999997602 ) ;
#774 = CARTESIAN_POINT ( 'NONE',  ( -17.55021930487046333, 1.317421874526087056, 41.56904652970800385 ) ) ;
#775 = CARTESIAN_POINT ( 'NONE',  ( -18.85370579658152579, 1.110777502179796317, 50.56676653553594747 ) ) ;
#776 = EDGE_LOOP ( 'NONE', ( #2158, #1465, #444, #1023, #812, #2330, #1017, #1972 ) ) ;
#777 = CARTESIAN_POINT ( 'NONE',  ( -14.07515364629342258, 3.485535995652913499, 46.18906955567009476 ) ) ;
#778 = ADVANCED_FACE ( 'NONE', ( #1716 ), #593, .T. ) ;
#779 = CARTESIAN_POINT ( 'NONE',  ( 19.38906249999999787, 0.000000000000000000, 48.67499999999999716 ) ) ;
#780 = CARTESIAN_POINT ( 'NONE',  ( -19.24771793559359878, 0.6172335476848692659, 39.35803465806014856 ) ) ;
#781 = CARTESIAN_POINT ( 'NONE',  ( -14.46696735512697529, -0.9964510853162412696, 77.44064167527839970 ) ) ;
#782 = VERTEX_POINT ( 'NONE', #232 ) ;
#783 = CARTESIAN_POINT ( 'NONE',  ( -14.15523638916175209, -3.144425300381662680, 82.20405635347105999 ) ) ;
#784 = AXIS2_PLACEMENT_3D ( 'NONE', #53, #40, #1522 ) ;
#785 = CARTESIAN_POINT ( 'NONE',  ( -14.42874566449858698, 1.481746755203561250, 50.49080176503399997 ) ) ;
#786 = DIRECTION ( 'NONE',  ( 0.000000000000000000, 0.000000000000000000, 1.000000000000000000 ) ) ;
#787 = FACE_OUTER_BOUND ( 'NONE', #1720, .T. ) ;
#788 = CYLINDRICAL_SURFACE ( 'NONE', #638, 1.389062499999999645 ) ;
#789 = EDGE_LOOP ( 'NONE', ( #1832, #404, #479, #2106, #1786, #1233, #1513, #2131 ) ) ;
#790 = CARTESIAN_POINT ( 'NONE',  ( -14.50000000000000000, 0.000000000000000000, 0.000000000000000000 ) ) ;
#791 = FACE_OUTER_BOUND ( 'NONE', #753, .T. ) ;
#792 = CARTESIAN_POINT ( 'NONE',  ( -19.20336644468155285, -0.6996591924220817438, 48.60859492633473167 ) ) ;
#793 = CARTESIAN_POINT ( 'NONE',  ( -14.36118796081636972, -2.007635642869595394, 78.03722202154756360 ) ) ;
#794 = VERTEX_POINT ( 'NONE', #1159 ) ;
#795 = CARTESIAN_POINT ( 'NONE',  ( -14.50000000000000000, 0.000000000000000000, 84.15000000000000568 ) ) ;
#796 = CARTESIAN_POINT ( 'NONE',  ( -17.90883419849726010, -1.389093014597761577, 50.50236727216494614 ) ) ;
#797 = CARTESIAN_POINT ( 'NONE',  ( 13.42050456969683836, -5.490571655541621965, 43.51731340473054388 ) ) ;
#798 = DIRECTION ( 'NONE',  ( -1.000000000000000000, 0.000000000000000000, 0.000000000000000000 ) ) ;
#799 = COLOUR_RGB ( '',0.7921568627450980005, 0.8196078431372548767, 0.9333333333333333481 ) ;
#800 = ORIENTED_EDGE ( 'NONE', *, *, #132, .T. ) ;
#801 = CARTESIAN_POINT ( 'NONE',  ( -14.02658630894737435, 3.674898165753877066, 45.24235439892704846 ) ) ;
#802 = EDGE_CURVE ( 'NONE', #615, #1819, #2060, .T. ) ;
#803 = CARTESIAN_POINT ( 'NONE',  ( 19.10398381427479819, 0.8478681878976577213, 39.38818302744151367 ) ) ;
#804 = CARTESIAN_POINT ( 'NONE',  ( -18.00000000000000355, -2.375000000000003553, 80.65000000000000568 ) ) ;
#805 = CARTESIAN_POINT ( 'NONE',  ( -16.79555640052606691, -0.6977894424966831766, 48.60895660087305004 ) ) ;
#806 = CARTESIAN_POINT ( 'NONE',  ( -14.30082392372625044, -2.397853014462774102, 82.85466319609065522 ) ) ;
#807 = ORIENTED_EDGE ( 'NONE', *, *, #584, .T. ) ;
#808 = CARTESIAN_POINT ( 'NONE',  ( -14.41788119119663669, -1.555403267215967666, 83.79365613459809481 ) ) ;
#809 = DIRECTION ( 'NONE',  ( 0.000000000000000000, 0.000000000000000000, 1.000000000000000000 ) ) ;
#810 = CARTESIAN_POINT ( 'NONE',  ( -18.69747917186316855, -1.204643930023807874, 50.54590726163714010 ) ) ;
#811 = B_SPLINE_CURVE_WITH_KNOTS ( 'NONE', 3,
 ( #1153, #239, #768, #969, #2233, #1712, #2282, #124, #1762, #816, #1556, #1915, #1020, #856, #672, #1046, #2140, #2320, #474, #2308, #1010, #462, #313, #1420, #2116, #1579, #1385, #1208, #1220, #868, #1603, #1962, #1375, #1788, #660, #1937, #495, #264, #1750, #289, #135, #2295 ),
 .UNSPECIFIED., .F., .F.,
 ( 4, 2, 2, 2, 2, 2, 2, 2, 2, 2, 2, 2, 2, 2, 2, 2, 2, 2, 2, 2, 4 ),
 ( 0.01792371306133682882, 0.01848373097995973519, 0.01904374889858264502, 0.02016378473582845776, 0.02072380265445136413, 0.02128382057307426703, 0.02240385641032007630, 0.02352389224756588210, 0.02408391016618878500, 0.02464392808481168443, 0.02576396392205750757, 0.02688399975930333072, 0.02800403559654915386, 0.02912407143379497354, 0.03024410727104080016, 0.03136414310828661983, 0.03192416102690952967, 0.03248417894553244645, 0.03360421478277825225, 0.03472425062002407192, 0.03584428645726987772 ),
 .UNSPECIFIED. ) ;
#812 = ORIENTED_EDGE ( 'NONE', *, *, #2080, .T. ) ;
#813 = CARTESIAN_POINT ( 'NONE',  ( -14.23794287562674832, 2.745814689353351934, 78.96957386242992527 ) ) ;
#814 = CARTESIAN_POINT ( 'NONE',  ( 19.10433011951329263, -0.8473780015490740558, 48.57679023365022175 ) ) ;
#815 = CARTESIAN_POINT ( 'NONE',  ( 18.69747917186316855, -1.204643930023806098, 39.45409273836283859 ) ) ;
#816 = CARTESIAN_POINT ( 'NONE',  ( -14.21727769145371845, -2.854258634424101437, 40.09149412925483347 ) ) ;
#817 = LINE ( 'NONE', #436, #378 ) ;
#818 = ORIENTED_EDGE ( 'NONE', *, *, #1083, .T. ) ;
#819 = EDGE_CURVE ( 'NONE', #84, #978, #1914, .T. ) ;
#820 = CARTESIAN_POINT ( 'NONE',  ( -14.16379653826669482, -3.104800814620938709, 81.30114658810630601 ) ) ;
#821 = CARTESIAN_POINT ( 'NONE',  ( -15.47420575813549526, 0.6541667319691163440, 78.35952789676549912 ) ) ;
#822 = CARTESIAN_POINT ( 'NONE',  ( -16.65582816944030853, -0.3619819105238651358, 50.66415272938269254 ) ) ;
#823 = ADVANCED_FACE ( 'NONE', ( #1185, #2108 ), #1919, .F. ) ;
#824 = CARTESIAN_POINT ( 'NONE',  ( -16.65552777938372131, 0.3607325388313142311, 50.66422447253474104 ) ) ;
#825 = VERTEX_POINT ( 'NONE', #771 ) ;
#826 = CARTESIAN_POINT ( 'NONE',  ( -14.47718923315410677, 0.8361230483297749094, 77.38805766215624260 ) ) ;
#827 = CARTESIAN_POINT ( 'NONE',  ( 16.61093749999999858, 2.204364238465235428E-15, 39.32499999999999574 ) ) ;
#828 = FACE_BOUND ( 'NONE', #432, .T. ) ;
#829 = CARTESIAN_POINT ( 'NONE',  ( -18.85527575275656176, 1.109253955645609135, 48.50608961018469500 ) ) ;
#830 = CARTESIAN_POINT ( 'NONE',  ( -14.07124727947028830, -3.500000000000000888, 61.00000000000000000 ) ) ;
#831 = VERTEX_POINT ( 'NONE', #1330 ) ;
#832 = VECTOR ( 'NONE', #950, 1000.000000000000000 ) ;
#833 = CARTESIAN_POINT ( 'NONE',  ( -14.48050279088193548, -0.8491584119283340781, 82.87397964707626841 ) ) ;
#834 = EDGE_CURVE ( 'NONE', #1842, #955, #2110, .T. ) ;
#835 = DIRECTION ( 'NONE',  ( -1.000000000000000000, 0.000000000000000000, 0.000000000000000000 ) ) ;
#836 = AXIS2_PLACEMENT_3D ( 'NONE', #2142, #498, #870 ) ;
#837 = ADVANCED_FACE ( 'NONE', ( #1391, #1754 ), #689, .T. ) ;
#838 = CARTESIAN_POINT ( 'NONE',  ( -11.50000000000000000, 3.499999999999994671, 60.41421356237309936 ) ) ;
#839 = CARTESIAN_POINT ( 'NONE',  ( -18.00000000000000000, -1.323271043089639619E-16, 60.00000000000000000 ) ) ;
#840 = ORIENTED_EDGE ( 'NONE', *, *, #1095, .F. ) ;
#841 = CARTESIAN_POINT ( 'NONE',  ( -14.49976907617197064, 0.2210277459224861407, 77.27600760515421996 ) ) ;
#842 = CARTESIAN_POINT ( 'NONE',  ( 19.24816268314495460, 0.6163022906720723171, 39.35793551479505226 ) ) ;
#843 = LINE ( 'NONE', #804, #2120 ) ;
#844 = CARTESIAN_POINT ( 'NONE',  ( -14.07124727947028830, -3.500000000000000888, 61.00000000000000000 ) ) ;
#845 = CARTESIAN_POINT ( 'NONE',  ( 0.000000000000000000, 0.000000000000000000, 60.00000000000000000 ) ) ;
#846 = ORIENTED_EDGE ( 'NONE', *, *, #1690, .F. ) ;
#847 = CARTESIAN_POINT ( 'NONE',  ( -15.24236134401577125, -1.982724521766510595, 81.96652363199967795 ) ) ;
#848 = CARTESIAN_POINT ( 'NONE',  ( -13.46507743551529579, 5.381971182402301324, 43.16140996793546947 ) ) ;
#849 = ADVANCED_FACE ( 'NONE', ( #1225 ), #1607, .F. ) ;
#850 = CARTESIAN_POINT ( 'NONE',  ( 18.85427090012797180, 1.110084235501111793, 50.56687675586591979 ) ) ;
#851 = ORIENTED_EDGE ( 'NONE', *, *, #173, .T. ) ;
#852 = CARTESIAN_POINT ( 'NONE',  ( -15.21986996970152006, 2.065497894661633360, 79.46747790345425244 ) ) ;
#853 = CARTESIAN_POINT ( 'NONE',  ( 17.30014286833683457, 1.213424186009620653, 39.45578695444653761 ) ) ;
#854 = ORIENTED_EDGE ( 'NONE', *, *, #1156, .T. ) ;
#855 = CARTESIAN_POINT ( 'NONE',  ( 16.88935731190067102, -0.8536794613561522471, 50.61193169388850066 ) ) ;
#856 = CARTESIAN_POINT ( 'NONE',  ( -13.85702753974252666, -4.278679617544118408, 41.25353338675836312 ) ) ;
#857 = LINE ( 'NONE', #509, #2338 ) ;
#858 = CARTESIAN_POINT ( 'NONE',  ( -14.38850984948454581, -1.933655764567689062, 82.04076392692363129 ) ) ;
#859 =( BOUNDED_CURVE ( )  B_SPLINE_CURVE ( 3, ( #1774, #123, #2319, #494 ),
 .UNSPECIFIED., .F., .F. ) 
 B_SPLINE_CURVE_WITH_KNOTS ( ( 4, 4 ),
 ( 1.570796326794896558, 3.141592653589793116 ),
 .UNSPECIFIED. ) 
 CURVE ( )  GEOMETRIC_REPRESENTATION_ITEM ( )  RATIONAL_B_SPLINE_CURVE ( ( 1.000000000000000000, 0.8047378541243649375, 0.8047378541243649375, 1.000000000000000000 ) ) 
 REPRESENTATION_ITEM ( '' )  );
#860 = CARTESIAN_POINT ( 'NONE',  ( -14.00894853494371617, 3.751339968731059127, 40.72587433625736963 ) ) ;
#861 = CARTESIAN_POINT ( 'NONE',  ( 19.10418919068933619, 0.8476338371945852934, 50.61185618992455204 ) ) ;
#862 = ORIENTED_EDGE ( 'NONE', *, *, #1559, .T. ) ;
#863 = CARTESIAN_POINT ( 'NONE',  ( -14.34057888243257395, 2.284285081073814450, 81.32244676677673567 ) ) ;
#864 = VECTOR ( 'NONE', #650, 1000.000000000000000 ) ;
#865 = CARTESIAN_POINT ( 'NONE',  ( 0.000000000000000000, 0.000000000000000000, 0.000000000000000000 ) ) ;
#866 = EDGE_LOOP ( 'NONE', ( #1145, #296 ) ) ;
#867 = CARTESIAN_POINT ( 'NONE',  ( 14.42830193846873499, -1.487069489860672888, 39.51035404862905409 ) ) ;
#868 = CARTESIAN_POINT ( 'NONE',  ( -13.78440536278923290, -4.504170572602223643, 48.47192820610807473 ) ) ;
#869 = CARTESIAN_POINT ( 'NONE',  ( -14.23456514979744192, -2.767098431962323968, 42.56973267306468500 ) ) ;
#870 = DIRECTION ( 'NONE',  ( 1.000000000000000000, 0.000000000000000000, 0.000000000000000000 ) ) ;
#871 = CARTESIAN_POINT ( 'NONE',  ( -15.48801424390889991, 0.4550627239068920082, 82.98628818752962388 ) ) ;
#872 = CARTESIAN_POINT ( 'NONE',  ( -14.49999999999999467, 0.3733357174514587706, 39.32499999999998863 ) ) ;
#873 = CIRCLE ( 'NONE', #2152, 12.50000000000000000 ) ;
#874 = CARTESIAN_POINT ( 'NONE',  ( 17.55192961942447738, 1.317975444195710999, 50.51995068001990319 ) ) ;
#875 = ORIENTED_EDGE ( 'NONE', *, *, #2025, .F. ) ;
#876 = CARTESIAN_POINT ( 'NONE',  ( -15.24463437370713237, 1.973365921185964655, 81.98056454557284667 ) ) ;
#877 = DIRECTION ( 'NONE',  ( -1.000000000000000000, -0.000000000000000000, -0.000000000000000000 ) ) ;
#878 = CARTESIAN_POINT ( 'NONE',  ( 0.000000000000000000, 0.000000000000000000, 0.000000000000000000 ) ) ;
#879 = EDGE_CURVE ( 'NONE', #1210, #739, #1900, .T. ) ;
#880 = CARTESIAN_POINT ( 'NONE',  ( -14.45264611200255089, -1.191808046740283844, 48.48462644161310919 ) ) ;
#881 = EDGE_LOOP ( 'NONE', ( #637, #1346, #528, #1823 ) ) ;
#882 = CARTESIAN_POINT ( 'NONE',  ( -15.47598454988340322, -0.6069427970698776376, 78.35386293068444274 ) ) ;
#883 = CARTESIAN_POINT ( 'NONE',  ( -14.50000000000000000, 0.000000000000000000, 84.15000000000000568 ) ) ;
#884 = CARTESIAN_POINT ( 'NONE',  ( -15.22405115219482319, -2.050629694220615473, 81.86174660915608570 ) ) ;
#885 = ORIENTED_EDGE ( 'NONE', *, *, #701, .F. ) ;
#886 = CARTESIAN_POINT ( 'NONE',  ( -14.49153142323192434, 0.5557180525510168057, 82.95967887778192562 ) ) ;
#887 = AXIS2_PLACEMENT_3D ( 'NONE', #931, #1796, #1320 ) ;
#888 = LINE ( 'NONE', #1995, #2344 ) ;
#889 = DIRECTION ( 'NONE',  ( 1.000000000000000000, 6.123233995736766036E-17, 6.123233995736763571E-17 ) ) ;
#890 = VECTOR ( 'NONE', #1009, 1000.000000000000000 ) ;
#891 = CARTESIAN_POINT ( 'NONE',  ( -18.85408562082582051, -1.110196927587217663, 39.43314961391575935 ) ) ;
#892 = CARTESIAN_POINT ( 'NONE',  ( -14.46643296833073045, -1.006039704735810725, 77.44335105425963661 ) ) ;
#893 = B_SPLINE_CURVE_WITH_KNOTS ( 'NONE', 3,
 ( #1019, #2307, #1545, #659, #483, #1396, #1899, #250, #981, #2269 ),
 .UNSPECIFIED., .F., .F.,
 ( 4, 2, 2, 2, 4 ),
 ( 0.000000000000000000, 0.0003988412775519830636, 0.0007976825551039661271, 0.001196523832655949082, 0.001595365110207932254 ),
 .UNSPECIFIED. ) ;
#894 = CYLINDRICAL_SURFACE ( 'NONE', #1404, 3.674999999999997602 ) ;
#895 = CARTESIAN_POINT ( 'NONE',  ( 17.81627711397227287, -1.389001238553295714, 50.50239044082482565 ) ) ;
#896 = CARTESIAN_POINT ( 'NONE',  ( 14.02657857272063602, 3.674927693010618945, 44.75652228254894283 ) ) ;
#897 = VERTEX_POINT ( 'NONE', #2299 ) ;
#898 = PRODUCT_DEFINITION ( 'UNKNOWN', '', #1276, #720 ) ;
#899 = CARTESIAN_POINT ( 'NONE',  ( -15.44792491641482002, 0.9041736188111368921, 82.85158675585716992 ) ) ;
#900 = ORIENTED_EDGE ( 'NONE', *, *, #2051, .F. ) ;
#901 = CARTESIAN_POINT ( 'NONE',  ( -14.16222292503459812, 3.111585847181159714, 80.04500679621882853 ) ) ;
#902 = ORIENTED_EDGE ( 'NONE', *, *, #2080, .F. ) ;
#903 = CARTESIAN_POINT ( 'NONE',  ( -14.22119147196646693, -2.831793143211166708, 79.14116275318522753 ) ) ;
#904 = CARTESIAN_POINT ( 'NONE',  ( -17.29839230544201811, -1.212597738487041887, 41.53001439219793411 ) ) ;
#905 = CARTESIAN_POINT ( 'NONE',  ( 14.18450281279776171, 3.012368393379263320, 40.18698578633886598 ) ) ;
#906 = CARTESIAN_POINT ( 'NONE',  ( 14.47028502913530446, 0.9576269239006695022, 48.55624495115236527 ) ) ;
#907 = ORIENTED_EDGE ( 'NONE', *, *, #79, .F. ) ;
#908 = CARTESIAN_POINT ( 'NONE',  ( -14.40172916441656170, 1.822930825183370462, 82.18324262348811260 ) ) ;
#909 = CARTESIAN_POINT ( 'NONE',  ( -14.50000000000000000, 2.378730885826980773E-16, 84.02500000000000568 ) ) ;
#910 = ORIENTED_EDGE ( 'NONE', *, *, #1441, .F. ) ;
#911 = CARTESIAN_POINT ( 'NONE',  ( 18.00000000000000000, 2.204364238465235428E-15, 60.00000000000000000 ) ) ;
#912 = CARTESIAN_POINT ( 'NONE',  ( -11.50000000000000355, 3.499999999999998224, 80.65000000000000568 ) ) ;
#913 = CARTESIAN_POINT ( 'NONE',  ( -14.32812911117306598, -2.230181820294119266, 78.25095314951046532 ) ) ;
#914 = AXIS2_PLACEMENT_3D ( 'NONE', #1739, #252, #959 ) ;
#915 = CARTESIAN_POINT ( 'NONE',  ( -18.36775595313175202, -1.351695728863291368, 41.58180047314305483 ) ) ;
#916 = DIRECTION ( 'NONE',  ( -1.000000000000000000, 0.000000000000000000, 0.000000000000000000 ) ) ;
#917 = CARTESIAN_POINT ( 'NONE',  ( -15.12809885610217897, -2.375000000000003997, 80.38989929278278623 ) ) ;
#918 = EDGE_CURVE ( 'NONE', #1358, #825, #1942, .T. ) ;
#919 = ORIENTED_EDGE ( 'NONE', *, *, #1205, .T. ) ;
#920 = DIRECTION ( 'NONE',  ( -1.000000000000000000, 0.000000000000000000, 0.000000000000000000 ) ) ;
#921 = CARTESIAN_POINT ( 'NONE',  ( 16.62012428603090086, 0.1837041990903321431, 41.32850023142809448 ) ) ;
#922 = ORIENTED_EDGE ( 'NONE', *, *, #2286, .T. ) ;
#923 = EDGE_CURVE ( 'NONE', #955, #1042, #2156, .T. ) ;
#924 = VECTOR ( 'NONE', #516, 1000.000000000000000 ) ;
#925 = CARTESIAN_POINT ( 'NONE',  ( -14.17946256528221838, 3.032276055957460859, 81.61076647324863131 ) ) ;
#926 = CARTESIAN_POINT ( 'NONE',  ( 19.38906250000000853, -0.1816730781320825827, 39.32500000000000995 ) ) ;
#927 = CARTESIAN_POINT ( 'NONE',  ( -14.35713080030344813, -2.170010530604279175, 79.66854706647018247 ) ) ;
#928 = CARTESIAN_POINT ( 'NONE',  ( -16.61093749999999858, 4.500981335845022062E-16, 41.32500000000000284 ) ) ;
#929 = CARTESIAN_POINT ( 'NONE',  ( 13.42093410805097875, 5.489534066509099475, 46.48742983244817140 ) ) ;
#930 = CARTESIAN_POINT ( 'NONE',  ( 14.38358165726978655, 1.844846145283230543, 48.18750756428056548 ) ) ;
#931 = CARTESIAN_POINT ( 'NONE',  ( 0.000000000000000000, 0.000000000000000000, 60.00000000000000000 ) ) ;
#932 = CARTESIAN_POINT ( 'NONE',  ( 14.11674778641229722, -3.315446117936277304, 49.60951502708051208 ) ) ;
#933 = CARTESIAN_POINT ( 'NONE',  ( -19.04676969040701451, 0.9176351391164766502, 50.60070027600000486 ) ) ;
#934 = EDGE_LOOP ( 'NONE', ( #19, #342, #966, #2304 ) ) ;
#935 = CARTESIAN_POINT ( 'NONE',  ( -14.50000000000000000, 4.500534960100871328E-16, 41.32500000000000284 ) ) ;
#936 = CARTESIAN_POINT ( 'NONE',  ( -22.24999999999992539, 0.000000000000000000, 45.00000000000000000 ) ) ;
#937 = CARTESIAN_POINT ( 'NONE',  ( -16.65582777518519464, 0.3619601185788615116, 39.33584714133096583 ) ) ;
#938 = CARTESIAN_POINT ( 'NONE',  ( -14.07698725997379618, 3.477155326721476758, 81.11119436109380842 ) ) ;
#939 = CARTESIAN_POINT ( 'NONE',  ( 0.000000000000000000, 0.000000000000000000, 55.99999999999999289 ) ) ;
#940 = CARTESIAN_POINT ( 'NONE',  ( 14.50000000000000000, 0.000000000000000000, 50.67499999999999716 ) ) ;
#941 = CARTESIAN_POINT ( 'NONE',  ( 0.000000000000000000, 0.000000000000000000, 55.99999999999999289 ) ) ;
#942 = CARTESIAN_POINT ( 'NONE',  ( -16.95374312290117302, 0.9181245866685443513, 41.44092102271601163 ) ) ;
#943 = CARTESIAN_POINT ( 'NONE',  ( -18.70099456893858658, 1.213024351531100109, 50.54430843730862222 ) ) ;
#944 = ORIENTED_EDGE ( 'NONE', *, *, #377, .F. ) ;
#945 = CARTESIAN_POINT ( 'NONE',  ( 18.00000000000000000, 2.204364238465235428E-15, 60.00000000000000000 ) ) ;
#946 = CARTESIAN_POINT ( 'NONE',  ( 16.95374312290117658, 0.9181245866685471269, 48.55907897728398837 ) ) ;
#947 = CARTESIAN_POINT ( 'NONE',  ( 16.61093749999999858, -1.104932226394104163E-21, 50.67499999999999716 ) ) ;
#948 = DIRECTION ( 'NONE',  ( -1.000000000000000000, 0.000000000000000000, 0.000000000000000000 ) ) ;
#949 = LINE ( 'NONE', #1169, #2369 ) ;
#950 = DIRECTION ( 'NONE',  ( 0.000000000000000000, 0.000000000000000000, 1.000000000000000000 ) ) ;
#951 = CARTESIAN_POINT ( 'NONE',  ( -18.09236623694767943, 1.389010565875556047, 41.59760751073513063 ) ) ;
#952 = APPLICATION_CONTEXT ( 'automotive_design' ) ;
#953 = ADVANCED_FACE ( 'NONE', ( #1977, #326 ), #1802, .F. ) ;
#954 = CARTESIAN_POINT ( 'NONE',  ( 18.44978069512954377, 1.317421874526090164, 41.56904652970801095 ) ) ;
#955 = VERTEX_POINT ( 'NONE', #1026 ) ;
#956 = CARTESIAN_POINT ( 'NONE',  ( -14.20363331851422650, 2.919876596610847308, 47.24460943588552198 ) ) ;
#957 = CYLINDRICAL_SURFACE ( 'NONE', #2372, 0.8750000000000008882 ) ;
#958 = CARTESIAN_POINT ( 'NONE',  ( -17.63224404686823732, -1.351695728863291812, 48.41819952685695228 ) ) ;
#959 = DIRECTION ( 'NONE',  ( 1.000000000000000000, 0.000000000000000000, 0.000000000000000000 ) ) ;
#960 = ORIENTED_EDGE ( 'NONE', *, *, #802, .F. ) ;
#961 = CARTESIAN_POINT ( 'NONE',  ( 14.14606419015372651, -3.187056683425128600, 43.15464450806704377 ) ) ;
#962 = CARTESIAN_POINT ( 'NONE',  ( -15.25042886261562458, 1.952918688720597817, 79.28635896346210643 ) ) ;
#963 = DIRECTION ( 'NONE',  ( -1.000000000000000000, -0.000000000000000000, -0.000000000000000000 ) ) ;
#964 = CARTESIAN_POINT ( 'NONE',  ( -15.19293415207523168, 2.162093565040371868, 81.66716665854220025 ) ) ;
#965 = DIRECTION ( 'NONE',  ( -1.000000000000000000, -6.123233995736766036E-17, -6.123233995736763571E-17 ) ) ;
#966 = ORIENTED_EDGE ( 'NONE', *, *, #1600, .T. ) ;
#967 = CARTESIAN_POINT ( 'NONE',  ( -14.03281779439576304, 3.651358108386561163, 45.48148999673869497 ) ) ;
#968 = CARTESIAN_POINT ( 'NONE',  ( 16.61093749999999858, 2.204364238465235428E-15, 39.32499999999999574 ) ) ;
#969 = CARTESIAN_POINT ( 'NONE',  ( -14.48193545277915817, -0.7473646221936272038, 39.37129043285881380 ) ) ;
#970 = CARTESIAN_POINT ( 'NONE',  ( -14.46861792422550685, -0.9708396966965728847, 83.86829381024992358 ) ) ;
#971 = EDGE_LOOP ( 'NONE', ( #482, #2291, #910, #1854 ) ) ;
#972 = CARTESIAN_POINT ( 'NONE',  ( 14.45292857278388077, -1.188593642394268457, 48.48580574193901072 ) ) ;
#973 = CARTESIAN_POINT ( 'NONE',  ( -15.33486037695739945, 1.594387259202217022, 78.88061965419218780 ) ) ;
#974 = DIRECTION ( 'NONE',  ( 1.000000000000000000, 0.000000000000000000, 0.000000000000000000 ) ) ;
#975 = CARTESIAN_POINT ( 'NONE',  ( 13.46507743551529757, -5.381971182402301324, 43.16140996793547657 ) ) ;
#976 = EDGE_CURVE ( 'NONE', #2138, #897, #1135, .T. ) ;
#977 = CYLINDRICAL_SURFACE ( 'NONE', #1140, 12.50000000000000000 ) ;
#978 = VERTEX_POINT ( 'NONE', #2045 ) ;
#979 = CARTESIAN_POINT ( 'NONE',  ( -14.29584103621974833, 2.430707147960692538, 47.76663133471149791 ) ) ;
#980 = VECTOR ( 'NONE', #2177, 1000.000000000000000 ) ;
#981 = CARTESIAN_POINT ( 'NONE',  ( -13.82586321689267450, 4.371917195248988364, 60.00000000000000711 ) ) ;
#982 = CARTESIAN_POINT ( 'NONE',  ( -17.14629420341847421, 1.110777502179796317, 39.43323346446404543 ) ) ;
#983 = CARTESIAN_POINT ( 'NONE',  ( -14.19369840357341772, -2.965125792601693178, 81.82602755786183479 ) ) ;
#984 = ORIENTED_EDGE ( 'NONE', *, *, #1789, .F. ) ;
#985 = CARTESIAN_POINT ( 'NONE',  ( 14.20363331851422473, -2.919876596610848196, 47.24460943588550776 ) ) ;
#986 = B_SPLINE_CURVE_WITH_KNOTS ( 'NONE', 3,
 ( #2050, #214, #921, #32, #8, #764, #560, #2027, #380, #1497, #203, #1322, #403, #1138, #1875, #223, #954, #44, #1249, #1461, #1331, #988, #1705, #1729, #1003, #1343 ),
 .UNSPECIFIED., .F., .F.,
 ( 4, 2, 2, 2, 2, 2, 2, 2, 2, 2, 2, 2, 4 ),
 ( 0.000000000000000000, 0.0002739989794378294664, 0.0005479979588756589328, 0.001095995917751313746, 0.001643993876626968775, 0.001917992856064792712, 0.002191991835502616649, 0.002465990814940440586, 0.002739989794378264957, 0.003287987753253913265, 0.003561986732691733298, 0.003835985712129553332, 0.004383983671005201206 ),
 .UNSPECIFIED. ) ;
#987 = CARTESIAN_POINT ( 'NONE',  ( -14.07124727947028830, 3.499999999999999112, 61.00000000000000000 ) ) ;
#988 = CARTESIAN_POINT ( 'NONE',  ( 19.20391347448345698, 0.6987508627261361793, 41.39122385272817439 ) ) ;
#989 = AXIS2_PLACEMENT_3D ( 'NONE', #279, #2078, #1751 ) ;
#990 = LINE ( 'NONE', #1769, #2351 ) ;
#991 = ORIENTED_EDGE ( 'NONE', *, *, #68, .T. ) ;
#992 = CARTESIAN_POINT ( 'NONE',  ( -14.48769737346046149, 0.6314913632088496875, 77.33579326135568976 ) ) ;
#993 = CARTESIAN_POINT ( 'NONE',  ( 18.18373294797319062, -1.388978789583922069, 48.40240546235060037 ) ) ;
#994 = ADVANCED_FACE ( 'NONE', ( #1451 ), #894, .F. ) ;
#995 = CARTESIAN_POINT ( 'NONE',  ( 18.91862706426440610, -1.045858135371664277, 39.42182502958362278 ) ) ;
#996 = CARTESIAN_POINT ( 'NONE',  ( -16.61093749999999858, 0.09270830022802048487, 48.67500000000001137 ) ) ;
#997 = CARTESIAN_POINT ( 'NONE',  ( -19.38906249999999787, -1.104938537281345932E-21, 50.67499999999999716 ) ) ;
#998 = ORIENTED_EDGE ( 'NONE', *, *, #1213, .T. ) ;
#999 = ADVANCED_FACE ( 'NONE', ( #374, #1481 ), #1635, .F. ) ;
#1000 = CARTESIAN_POINT ( 'NONE',  ( -14.31493530350955190, -2.314995775851199866, 83.28484971236041190 ) ) ;
#1001 = AXIS2_PLACEMENT_3D ( 'NONE', #716, #1254, #2159 ) ;
#1002 = CARTESIAN_POINT ( 'NONE',  ( -18.00000000000000355, -1.102182119232618108E-15, 80.65000000000000568 ) ) ;
#1003 = CARTESIAN_POINT ( 'NONE',  ( 19.38906249999999076, 0.1826201211523186541, 41.32499999999998153 ) ) ;
#1004 = CARTESIAN_POINT ( 'NONE',  ( -11.50000000000000355, -7.041719095097282852E-16, 80.65000000000000568 ) ) ;
#1005 = AXIS2_PLACEMENT_3D ( 'NONE', #2314, #666, #1402 ) ;
#1006 = ORIENTED_EDGE ( 'NONE', *, *, #1981, .F. ) ;
#1007 = B_SPLINE_CURVE_WITH_KNOTS ( 'NONE', 3,
 ( #1844, #926, #238, #2088, #1913, #995, #447, #815, #262, #2103, #111, #1180, #1350, #1722, #1736, #1219, #74, #87, #2294, #1567, #1555, #1362, #1193, #968 ),
 .UNSPECIFIED., .F., .F.,
 ( 4, 2, 2, 2, 2, 2, 2, 2, 2, 2, 2, 4 ),
 ( 0.004359457501935059230, 0.004904243301639944763, 0.005449029101344830296, 0.005721422001197274364, 0.005993814901049718431, 0.006538600700754607434, 0.006810993600607055838, 0.007083386500459505110, 0.007628172300164394112, 0.008172958099869283982, 0.008445350999721726315, 0.008717743899574172117 ),
 .UNSPECIFIED. ) ;
#1008 = CARTESIAN_POINT ( 'NONE',  ( 17.63415613216115219, 1.352167343303930291, 39.48798221833595790 ) ) ;
#1009 = DIRECTION ( 'NONE',  ( -8.400597946618919477E-17, -1.890134537989256790E-16, 1.000000000000000000 ) ) ;
#1010 = CARTESIAN_POINT ( 'NONE',  ( -13.42049088469771156, -5.490604790255711798, 43.51745640336037013 ) ) ;
#1011 = ADVANCED_FACE ( 'NONE', ( #13 ), #1110, .F. ) ;
#1012 = CYLINDRICAL_SURFACE ( 'NONE', #75, 1.000000000000000000 ) ;
#1013 = ORIENTED_EDGE ( 'NONE', *, *, #501, .F. ) ;
#1014 = CARTESIAN_POINT ( 'NONE',  ( -14.44584444030195769, -1.377460672828642485, 82.59358179663601618 ) ) ;
#1015 = CARTESIAN_POINT ( 'NONE',  ( 22.24999999999992539, 0.000000000000000000, 48.67499999999999716 ) ) ;
#1016 = CARTESIAN_POINT ( 'NONE',  ( -15.30562456124343207, -1.725796438053565751, 82.29142104487240772 ) ) ;
#1017 = ORIENTED_EDGE ( 'NONE', *, *, #2288, .F. ) ;
#1018 = CARTESIAN_POINT ( 'NONE',  ( -15.14045570042765831, 2.336032505893171241, 80.19430592035701011 ) ) ;
#1019 = CARTESIAN_POINT ( 'NONE',  ( -14.07124727947028830, 3.499999999999999112, 61.00000000000000000 ) ) ;
#1020 = CARTESIAN_POINT ( 'NONE',  ( -14.00805796692342575, -3.754813377797022511, 40.72864332423078082 ) ) ;
#1021 = EDGE_CURVE ( 'NONE', #2006, #171, #1711, .T. ) ;
#1022 = DIRECTION ( 'NONE',  ( 0.000000000000000000, 0.000000000000000000, -1.000000000000000000 ) ) ;
#1023 = ORIENTED_EDGE ( 'NONE', *, *, #333, .F. ) ;
#1024 = EDGE_CURVE ( 'NONE', #1301, #782, #1969, .T. ) ;
#1025 = CARTESIAN_POINT ( 'NONE',  ( -14.39277037466257880, -1.769204195782989153, 83.45396774728779121 ) ) ;
#1026 = CARTESIAN_POINT ( 'NONE',  ( -14.50000000000000000, 6.950746759283382367E-16, 39.32499999999999574 ) ) ;
#1027 = VECTOR ( 'NONE', #60, 1000.000000000000000 ) ;
#1028 = CARTESIAN_POINT ( 'NONE',  ( -11.50000000000000355, 3.499999999999998224, 80.65000000000000568 ) ) ;
#1029 = ORIENTED_EDGE ( 'NONE', *, *, #407, .T. ) ;
#1030 = ADVANCED_FACE ( 'NONE', ( #1306 ), #2034, .F. ) ;
#1031 = CARTESIAN_POINT ( 'NONE',  ( -15.50157117178009436, 0.01122528917711445272, 78.26990938701348455 ) ) ;
#1032 = CARTESIAN_POINT ( 'NONE',  ( 22.24999999999992539, 0.000000000000000000, 45.00000000000000000 ) ) ;
#1033 = ORIENTED_EDGE ( 'NONE', *, *, #1663, .T. ) ;
#1034 = CARTESIAN_POINT ( 'NONE',  ( 16.61093749999999858, -1.104932226394104163E-21, 50.67499999999999716 ) ) ;
#1035 = CARTESIAN_POINT ( 'NONE',  ( -16.89138505910102594, 0.8559590420986685766, 48.57634991244665201 ) ) ;
#1036 = CARTESIAN_POINT ( 'NONE',  ( -14.50000000000000000, 0.000000000000000000, 48.67499999999999716 ) ) ;
#1037 = FACE_OUTER_BOUND ( 'NONE', #604, .T. ) ;
#1038 = CARTESIAN_POINT ( 'NONE',  ( -13.64211208964258226, 4.918301659608484755, 42.14496804443968614 ) ) ;
#1039 = FACE_OUTER_BOUND ( 'NONE', #1075, .T. ) ;
#1040 = CIRCLE ( 'NONE', #1001, 2.375000000000002220 ) ;
#1041 = CYLINDRICAL_SURFACE ( 'NONE', #106, 5.674999999999999822 ) ;
#1042 = VERTEX_POINT ( 'NONE', #2221 ) ;
#1043 = B_SPLINE_CURVE_WITH_KNOTS ( 'NONE', 3,
 ( #373, #1108, #1845, #745, #1479, #780, #2270, #1546, #227, #61, #1517, #589, #1326, #613, #625, #1901, #1351, #2243, #982, #1890, #2055, #398, #409, #1131, #937, #1316, #251, #1143 ),
 .UNSPECIFIED., .F., .F.,
 ( 4, 2, 2, 2, 2, 2, 2, 2, 2, 2, 2, 2, 2, 4 ),
 ( 0.000000000000000000, 0.0002724660938709399551, 0.0005449321877418799101, 0.0008173982816128198652, 0.001089864375483759820, 0.001634796563225639730, 0.002179728750967519640, 0.002452194844838459595, 0.002724660938709399117, 0.003269593126451279461, 0.003542059220322224186, 0.003814525314193168912, 0.004086991408064112770, 0.004359457501935057495 ),
 .UNSPECIFIED. ) ;
#1044 = CARTESIAN_POINT ( 'NONE',  ( -14.49544152733229652, 0.4327968312851701582, 78.31010859853603279 ) ) ;
#1045 = CARTESIAN_POINT ( 'NONE',  ( 17.81602264152488146, -1.379840297942725114, 48.40617658618448615 ) ) ;
#1046 = CARTESIAN_POINT ( 'NONE',  ( -13.67679038450443763, -4.817370992781152772, 41.99463268133571603 ) ) ;
#1047 = CARTESIAN_POINT ( 'NONE',  ( -14.32675413608936665, -2.243806417240851836, 42.07963764865056078 ) ) ;
#1048 = CARTESIAN_POINT ( 'NONE',  ( -15.12809885610217719, 2.375000000000000888, 80.65000000000239311 ) ) ;
#1049 = CARTESIAN_POINT ( 'NONE',  ( -15.48683376711776916, -0.4753537799603705927, 82.98217007163978565 ) ) ;
#1050 = CARTESIAN_POINT ( 'NONE',  ( -14.08064407842591059, 3.465125152553310883, 49.49806450894711674 ) ) ;
#1051 = CARTESIAN_POINT ( 'NONE',  ( 16.61093750000000213, 0.09086094752648346540, 50.67500000000000426 ) ) ;
#1052 = ORIENTED_EDGE ( 'NONE', *, *, #834, .F. ) ;
#1053 = EDGE_CURVE ( 'NONE', #2074, #2327, #107, .T. ) ;
#1054 = CARTESIAN_POINT ( 'NONE',  ( -14.16466660733164673, 3.100489163706148688, 81.32417239578252577 ) ) ;
#1055 = VERTEX_POINT ( 'NONE', #1885 ) ;
#1056 = CARTESIAN_POINT ( 'NONE',  ( 14.38668637254817106, -1.841838322131550187, 39.61948999279680805 ) ) ;
#1057 = CARTESIAN_POINT ( 'NONE',  ( -14.48024032787242987, 0.7814088490922221908, 77.37314868528802947 ) ) ;
#1058 = CARTESIAN_POINT ( 'NONE',  ( -9.144713687814371994, 1.119904434690085842E-15, 60.00000000000000000 ) ) ;
#1059 = VERTEX_POINT ( 'NONE', #235 ) ;
#1060 = CARTESIAN_POINT ( 'NONE',  ( -14.37684267097181845, -2.024833184356199300, 81.90474399188920529 ) ) ;
#1061 = CARTESIAN_POINT ( 'NONE',  ( -14.28017145401416244, 2.520806678571883896, 39.91220092170610201 ) ) ;
#1062 = VECTOR ( 'NONE', #442, 1000.000000000000000 ) ;
#1063 = CARTESIAN_POINT ( 'NONE',  ( 17.63548924065900536, -1.352807386680893620, 50.51187237015660259 ) ) ;
#1064 = CARTESIAN_POINT ( 'NONE',  ( 18.36584386783885492, 1.352167343303929181, 50.51201778166404921 ) ) ;
#1065 = ORIENTED_EDGE ( 'NONE', *, *, #89, .T. ) ;
#1066 = CARTESIAN_POINT ( 'NONE',  ( -10.50000000000000000, 4.499999999999995559, 60.00000000000000000 ) ) ;
#1067 = CARTESIAN_POINT ( 'NONE',  ( 19.38906249999999787, 6.949859535848314762E-16, 39.32499999999999574 ) ) ;
#1068 = DIRECTION ( 'NONE',  ( 0.000000000000000000, 0.000000000000000000, 1.000000000000000000 ) ) ;
#1069 = CARTESIAN_POINT ( 'NONE',  ( -14.49385576093417072, -0.4840902096016130862, 48.65097030211750706 ) ) ;
#1070 = CARTESIAN_POINT ( 'NONE',  ( -19.10920367079975435, -0.8553751705596194244, 39.38834304713302004 ) ) ;
#1071 = CARTESIAN_POINT ( 'NONE',  ( -14.17528143806575613, -3.052226923201897701, 79.75911160582371906 ) ) ;
#1072 = CARTESIAN_POINT ( 'NONE',  ( -14.34331667671024313, 2.134470623222981978, 83.43319352218928486 ) ) ;
#1073 = FACE_OUTER_BOUND ( 'NONE', #971, .T. ) ;
#1074 =( GEOMETRIC_REPRESENTATION_CONTEXT ( 3 ) GLOBAL_UNCERTAINTY_ASSIGNED_CONTEXT ( ( #1643 ) ) GLOBAL_UNIT_ASSIGNED_CONTEXT ( ( #1960, #1206, #657 ) ) REPRESENTATION_CONTEXT ( 'NONE', 'WORKASPACE' ) );
#1075 = EDGE_LOOP ( 'NONE', ( #900, #1649, #1183, #1548 ) ) ;
#1076 = CYLINDRICAL_SURFACE ( 'NONE', #1735, 14.50000000000000000 ) ;
#1077 = AXIS2_PLACEMENT_3D ( 'NONE', #1662, #7, #1125 ) ;
#1078 = DIRECTION ( 'NONE',  ( 0.000000000000000000, 0.000000000000000000, 1.000000000000000000 ) ) ;
#1079 = CARTESIAN_POINT ( 'NONE',  ( 14.18531825820510583, -3.008558384887292547, 40.18457826359669127 ) ) ;
#1080 = CARTESIAN_POINT ( 'NONE',  ( -14.30103690604192579, 2.396624310770889110, 78.44367805068428368 ) ) ;
#1081 = CARTESIAN_POINT ( 'NONE',  ( -10.50000000000000000, -6.429395695523604153E-16, 60.00000000000000000 ) ) ;
#1082 = CARTESIAN_POINT ( 'NONE',  ( -15.18303963953561109, -2.195134867164756809, 79.73022163450499988 ) ) ;
#1083 = EDGE_CURVE ( 'NONE', #794, #1116, #331, .T. ) ;
#1084 = DIRECTION ( 'NONE',  ( 0.000000000000000000, 0.2555806506836970637, 0.9667877383356172638 ) ) ;
#1085 = CARTESIAN_POINT ( 'NONE',  ( -10.50000000000000000, -6.429395695523604153E-16, 61.00000000000000000 ) ) ;
#1086 = CARTESIAN_POINT ( 'NONE',  ( -14.07124727947028830, -3.500000000000000444, 80.88202379138149922 ) ) ;
#1087 = ORIENTED_EDGE ( 'NONE', *, *, #204, .F. ) ;
#1088 = CARTESIAN_POINT ( 'NONE',  ( -19.38906249999999787, -1.323271043089639619E-16, 41.32500000000000284 ) ) ;
#1089 = CARTESIAN_POINT ( 'NONE',  ( 0.000000000000000000, 0.000000000000000000, 60.00000000000000000 ) ) ;
#1090 = ORIENTED_EDGE ( 'NONE', *, *, #1083, .F. ) ;
#1091 = CARTESIAN_POINT ( 'NONE',  ( -14.43981627307623405, 1.332125077244564304, 77.58309839242005523 ) ) ;
#1092 = VECTOR ( 'NONE', #1250, 1000.000000000000000 ) ;
#1093 = CYLINDRICAL_SURFACE ( 'NONE', #1265, 1.389062499999999645 ) ;
#1094 = LINE ( 'NONE', #2199, #1908 ) ;
#1095 = EDGE_CURVE ( 'NONE', #662, #2148, #1946, .T. ) ;
#1096 = ADVANCED_FACE ( 'NONE', ( #57 ), #788, .F. ) ;
#1097 = CARTESIAN_POINT ( 'NONE',  ( -19.04622893412296136, -0.9181592098348467790, 41.44092962710382722 ) ) ;
#1098 = CARTESIAN_POINT ( 'NONE',  ( 13.46488052616506614, 5.382416660746588200, 43.16336510881631483 ) ) ;
#1099 = CARTESIAN_POINT ( 'NONE',  ( 14.40933491004719258, 1.634152229491661723, 48.30039002978611506 ) ) ;
#1100 = ORIENTED_EDGE ( 'NONE', *, *, #1499, .F. ) ;
#1101 = CARTESIAN_POINT ( 'NONE',  ( -14.46627103197245212, 1.008924913402812873, 83.85582752871464152 ) ) ;
#1102 = B_SPLINE_CURVE_WITH_KNOTS ( 'NONE', 3,
 ( #234, #1524, #222, #1321, #379, #1851, #964, #1510, #402, #595 ),
 .UNSPECIFIED., .F., .F.,
 ( 4, 2, 2, 2, 4 ),
 ( 0.0006125788126960741899, 0.001398023604668241016, 0.002183468396640408059, 0.002968913188612574451, 0.003754357980584741711 ),
 .UNSPECIFIED. ) ;
#1103 = CARTESIAN_POINT ( 'NONE',  ( -17.30014286833683812, 1.213424186009616434, 50.54421304555345529 ) ) ;
#1104 = ORIENTED_EDGE ( 'NONE', *, *, #1868, .T. ) ;
#1105 = ADVANCED_FACE ( 'NONE', ( #1369, #1574 ), #2303, .T. ) ;
#1106 = CARTESIAN_POINT ( 'NONE',  ( -14.20850910895746111, 2.894088171826956657, 79.28645808155405916 ) ) ;
#1107 = CARTESIAN_POINT ( 'NONE',  ( -11.50000000000000355, -7.041719095097282852E-16, 80.65000000000000568 ) ) ;
#1108 = CARTESIAN_POINT ( 'NONE',  ( -19.38906249999999787, 0.09215575730399543086, 39.32500000000000995 ) ) ;
#1109 = CIRCLE ( 'NONE', #989, 3.674999999999997602 ) ;
#1110 = CYLINDRICAL_SURFACE ( 'NONE', #362, 1.389062499999999645 ) ;
#1111 = CARTESIAN_POINT ( 'NONE',  ( 13.54782646406753166, 5.168389717596469701, 42.64885651535427513 ) ) ;
#1112 = CARTESIAN_POINT ( 'NONE',  ( -18.00000000000000355, 2.375000000000000888, 80.65000000000000568 ) ) ;
#1113 = VECTOR ( 'NONE', #1327, 1000.000000000000000 ) ;
#1114 = CARTESIAN_POINT ( 'NONE',  ( -18.85470670223007161, 1.109580741585712405, 41.49403719986796091 ) ) ;
#1115 = DIRECTION ( 'NONE',  ( -1.000000000000000000, 0.000000000000000000, 0.000000000000000000 ) ) ;
#1116 = VERTEX_POINT ( 'NONE', #431 ) ;
#1117 = VECTOR ( 'NONE', #2075, 1000.000000000000000 ) ;
#1118 = CARTESIAN_POINT ( 'NONE',  ( -14.40973821893243034, 1.630679406436707612, 41.69785091443737457 ) ) ;
#1119 = CARTESIAN_POINT ( 'NONE',  ( 17.81626705202681649, -1.388978789583921625, 41.59759453764939252 ) ) ;
#1120 = CARTESIAN_POINT ( 'NONE',  ( -15.20196329845401628, -2.130173898030350621, 79.58822564059526883 ) ) ;
#1121 = CARTESIAN_POINT ( 'NONE',  ( -16.79663355531845070, -0.6996591924220814107, 41.39140507366528254 ) ) ;
#1122 = CARTESIAN_POINT ( 'NONE',  ( 13.57839191220493369, 5.087829351966604463, 42.47928205319247041 ) ) ;
#1123 = DIRECTION ( 'NONE',  ( 0.000000000000000000, 0.000000000000000000, -1.000000000000000000 ) ) ;
#1124 = CARTESIAN_POINT ( 'NONE',  ( 14.50000000000000000, 1.775737858763662015E-15, 0.000000000000000000 ) ) ;
#1125 = DIRECTION ( 'NONE',  ( 0.000000000000000000, 1.000000000000000000, 0.000000000000000000 ) ) ;
#1126 = LINE ( 'NONE', #741, #24 ) ;
#1127 = ADVANCED_FACE ( 'NONE', ( #1162 ), #977, .F. ) ;
#1128 = ORIENTED_EDGE ( 'NONE', *, *, #1430, .T. ) ;
#1129 = CARTESIAN_POINT ( 'NONE',  ( -11.50000000000000355, 0.8750000000000002220, 80.65000000000000568 ) ) ;
#1130 = CARTESIAN_POINT ( 'NONE',  ( 18.85470670223007517, 1.109580741585714847, 48.50596280013206041 ) ) ;
#1131 = CARTESIAN_POINT ( 'NONE',  ( -16.68223112587798695, 0.4485797492959950894, 39.34212969597039944 ) ) ;
#1132 = CARTESIAN_POINT ( 'NONE',  ( 12.50000000000000000, 1.530808498934191521E-15, 55.99999999999999289 ) ) ;
#1133 = EDGE_CURVE ( 'NONE', #2014, #524, #448, .T. ) ;
#1134 = CARTESIAN_POINT ( 'NONE',  ( 14.38341208582921560, -1.846000703540388699, 41.81329968354187088 ) ) ;
#1135 = B_SPLINE_CURVE_WITH_KNOTS ( 'NONE', 3,
 ( #883, #2167, #1767, #116, #1668, #579, #1815, #1072, #544, #387, #363, #163, #1836, #711, #1859, #938, #187, #349 ),
 .UNSPECIFIED., .F., .F.,
 ( 4, 2, 2, 2, 2, 2, 2, 2, 4 ),
 ( 0.005487877751326877829, 0.006173879318587675510, 0.006859880885848473192, 0.007545882453109270874, 0.008231884020370068555, 0.008917885587630866237, 0.009603887154891663919, 0.01028988872215246160, 0.01097589028941325928 ),
 .UNSPECIFIED. ) ;
#1136 = LINE ( 'NONE', #2263, #832 ) ;
#1137 = CARTESIAN_POINT ( 'NONE',  ( -18.45118649114774811, 1.316847088511927666, 41.56883185063821884 ) ) ;
#1138 = CARTESIAN_POINT ( 'NONE',  ( 18.09079753961702153, 1.389113991233733136, 41.59764973548011824 ) ) ;
#1139 = VERTEX_POINT ( 'NONE', #909 ) ;
#1140 = AXIS2_PLACEMENT_3D ( 'NONE', #69, #457, #798 ) ;
#1141 = CARTESIAN_POINT ( 'NONE',  ( -14.49385539586656613, 0.4835049798951759903, 48.65096441373452052 ) ) ;
#1142 = CARTESIAN_POINT ( 'NONE',  ( 18.18397735847511143, -1.379840297942725558, 41.59382341381548542 ) ) ;
#1143 = CARTESIAN_POINT ( 'NONE',  ( -16.61093749999999858, 6.949859535785205890E-16, 39.32499999999999574 ) ) ;
#1144 = CARTESIAN_POINT ( 'NONE',  ( -14.32179097544812763, -2.270862549347027581, 83.00373371547289025 ) ) ;
#1145 = ORIENTED_EDGE ( 'NONE', *, *, #2353, .T. ) ;
#1146 = LINE ( 'NONE', #1341, #2096 ) ;
#1147 = CARTESIAN_POINT ( 'NONE',  ( -15.41483154525135646, 1.153643030531553482, 78.56620569602966953 ) ) ;
#1148 = CARTESIAN_POINT ( 'NONE',  ( -16.61093749999999858, 4.500981335845022062E-16, 41.32500000000000284 ) ) ;
#1149 = CARTESIAN_POINT ( 'NONE',  ( -16.61093750000000213, 0.1826201211523180989, 41.32500000000000284 ) ) ;
#1150 = ORIENTED_EDGE ( 'NONE', *, *, #304, .T. ) ;
#1151 = CARTESIAN_POINT ( 'NONE',  ( -14.14575103389729982, 3.188511639187896929, 46.84318864630438384 ) ) ;
#1152 = CARTESIAN_POINT ( 'NONE',  ( 18.36278821044656695, 1.343978146103882887, 48.42048587031709417 ) ) ;
#1153 = CARTESIAN_POINT ( 'NONE',  ( -14.50000000000000000, 6.950746759283382367E-16, 39.32499999999999574 ) ) ;
#1154 = CARTESIAN_POINT ( 'NONE',  ( 0.000000000000000000, 0.000000000000000000, 60.00000000000000000 ) ) ;
#1155 = EDGE_LOOP ( 'NONE', ( #253, #182, #1903, #1610, #91 ) ) ;
#1156 = EDGE_CURVE ( 'NONE', #2316, #1892, #549, .T. ) ;
#1157 = B_SPLINE_CURVE_WITH_KNOTS ( 'NONE', 3,
 ( #1870, #1723, #208, #1677, #792, #2077, #601, #2044, #22, #2258, #435, #757, #1503, #36, #958, #1531, #76, #1166, #578, #805, #1698, #2220, #1363, #1879 ),
 .UNSPECIFIED., .F., .F.,
 ( 4, 2, 2, 2, 2, 2, 2, 2, 2, 2, 2, 4 ),
 ( 0.004383983671005198604, 0.004931871072449097067, 0.005205814773171046732, 0.005479758473892995529, 0.006027645875336894860, 0.006301589576058837586, 0.006575533276780781179, 0.007123420678224677907, 0.007671308079668574635, 0.007945251780390525168, 0.008219195481112474833, 0.008767082882556379367 ),
 .UNSPECIFIED. ) ;
#1158 = CARTESIAN_POINT ( 'NONE',  ( 14.23435563870054565, -2.768127114676193656, 47.42900359372916341 ) ) ;
#1159 = CARTESIAN_POINT ( 'NONE',  ( -11.50000000000000355, 0.8750000000000002220, 80.65000000000000568 ) ) ;
#1160 = CARTESIAN_POINT ( 'NONE',  ( -18.84753275094054104, -1.104233865360643385, 50.56676943329016183 ) ) ;
#1161 = CARTESIAN_POINT ( 'NONE',  ( -18.00000000000000355, 0.8749999999999995559, 80.65000000000000568 ) ) ;
#1162 = FACE_OUTER_BOUND ( 'NONE', #1416, .T. ) ;
#1163 = ORIENTED_EDGE ( 'NONE', *, *, #1768, .F. ) ;
#1164 = DIRECTION ( 'NONE',  ( 1.000000000000000000, 0.000000000000000000, 0.000000000000000000 ) ) ;
#1165 = DIRECTION ( 'NONE',  ( 1.000000000000000000, 0.000000000000000000, -0.000000000000000000 ) ) ;
#1166 = CARTESIAN_POINT ( 'NONE',  ( -16.95377106587703508, -0.9181592098348474451, 48.55907037289618700 ) ) ;
#1167 = CARTESIAN_POINT ( 'NONE',  ( -14.49580229199382941, -0.3985288123533095583, 84.00455042819652363 ) ) ;
#1168 = ORIENTED_EDGE ( 'NONE', *, *, #1868, .F. ) ;
#1169 = CARTESIAN_POINT ( 'NONE',  ( 22.24999999999992539, 4.500576986866518864E-16, 41.32500000000000284 ) ) ;
#1170 = AXIS2_PLACEMENT_3D ( 'NONE', #1645, #198, #1295 ) ;
#1171 = CARTESIAN_POINT ( 'NONE',  ( -15.13490536544715681, 2.353803161900750229, 80.28550694303665125 ) ) ;
#1172 = CARTESIAN_POINT ( 'NONE',  ( 22.24999999999992539, 6.949870585161229716E-16, 39.32499999999999574 ) ) ;
#1173 = ADVANCED_FACE ( 'NONE', ( #18 ), #1651, .T. ) ;
#1174 = CARTESIAN_POINT ( 'NONE',  ( -16.62001697560136648, 0.1827029527734810865, 50.67275827714183123 ) ) ;
#1175 = DIRECTION ( 'NONE',  ( -0.000000000000000000, -0.000000000000000000, -1.000000000000000000 ) ) ;
#1176 = ORIENTED_EDGE ( 'NONE', *, *, #879, .F. ) ;
#1177 = CARTESIAN_POINT ( 'NONE',  ( -14.16365210634982930, 3.105455776479208563, 80.00243472878744910 ) ) ;
#1178 = CARTESIAN_POINT ( 'NONE',  ( 19.35261950961712785, -0.3651673879560063951, 48.66079010499257151 ) ) ;
#1179 = EDGE_CURVE ( 'NONE', #1533, #126, #452, .T. ) ;
#1180 = CARTESIAN_POINT ( 'NONE',  ( 17.90883419849726721, -1.389093014597760023, 39.49763272783505386 ) ) ;
#1181 = CARTESIAN_POINT ( 'NONE',  ( -17.63721178955343305, 1.343978146103879778, 48.42048587031709417 ) ) ;
#1182 = CARTESIAN_POINT ( 'NONE',  ( -14.38431723043516897, -1.835268502129515866, 83.40387163505955925 ) ) ;
#1183 = ORIENTED_EDGE ( 'NONE', *, *, #1608, .T. ) ;
#1184 = CARTESIAN_POINT ( 'NONE',  ( 14.07483331095716750, -3.486852172852251908, 43.81432214447158202 ) ) ;
#1185 = FACE_OUTER_BOUND ( 'NONE', #1865, .T. ) ;
#1186 = CARTESIAN_POINT ( 'NONE',  ( -17.64008763452802953, -1.344702458434691827, 50.51341396470343881 ) ) ;
#1187 = DIRECTION ( 'NONE',  ( 0.000000000000000000, -1.000000000000000000, 0.000000000000000000 ) ) ;
#1188 = ORIENTED_EDGE ( 'NONE', *, *, #1253, .F. ) ;
#1189 = EDGE_CURVE ( 'NONE', #1892, #1301, #1126, .T. ) ;
#1190 = EDGE_CURVE ( 'NONE', #653, #476, #2328, .T. ) ;
#1191 = CARTESIAN_POINT ( 'NONE',  ( -14.50146980576753108, 0.01492258300910237132, 77.26776597000680624 ) ) ;
#1192 = CARTESIAN_POINT ( 'NONE',  ( 18.36775595313176623, -1.351695728863290258, 48.41819952685695938 ) ) ;
#1193 = CARTESIAN_POINT ( 'NONE',  ( 16.61093749999999858, -0.09213100101190285773, 39.32499999999999574 ) ) ;
#1194 = CARTESIAN_POINT ( 'NONE',  ( -16.78823877607632298, 0.7030166508437490913, 48.61112081836542131 ) ) ;
#1195 = CARTESIAN_POINT ( 'NONE',  ( -14.41975974681941608, -1.533498246159002543, 77.69252351641610232 ) ) ;
#1196 = ORIENTED_EDGE ( 'NONE', *, *, #430, .F. ) ;
#1197 = CARTESIAN_POINT ( 'NONE',  ( -15.50155783081375205, -0.008053802285676694636, 83.03004796600586701 ) ) ;
#1198 = VECTOR ( 'NONE', #1491, 1000.000000000000000 ) ;
#1199 = DIRECTION ( 'NONE',  ( -6.123233995736766036E-17, 1.000000000000000000, -0.000000000000000000 ) ) ;
#1200 = CARTESIAN_POINT ( 'NONE',  ( 17.29900543106140631, 1.213024351531102552, 50.54430843730862222 ) ) ;
#1201 = DIRECTION ( 'NONE',  ( 0.000000000000000000, 0.000000000000000000, -1.000000000000000000 ) ) ;
#1202 = CIRCLE ( 'NONE', #1432, 12.50000000000000000 ) ;
#1203 = ORIENTED_EDGE ( 'NONE', *, *, #151, .T. ) ;
#1204 = CARTESIAN_POINT ( 'NONE',  ( -15.24189676104817082, 1.984517664915069535, 79.33605880604200422 ) ) ;
#1205 = EDGE_CURVE ( 'NONE', #1358, #2266, #986, .T. ) ;
#1206 =( NAMED_UNIT ( * ) PLANE_ANGLE_UNIT ( ) SI_UNIT ( $, .RADIAN. ) );
#1207 = CARTESIAN_POINT ( 'NONE',  ( 0.000000000000000000, 0.000000000000000000, 0.000000000000000000 ) ) ;
#1208 = CARTESIAN_POINT ( 'NONE',  ( -13.57668158332684705, -5.093832973971920808, 47.52894512539215555 ) ) ;
#1209 = CARTESIAN_POINT ( 'NONE',  ( 16.61093749999999858, 2.204364238465235428E-15, 60.00000000000000000 ) ) ;
#1210 = VERTEX_POINT ( 'NONE', #256 ) ;
#1211 = CARTESIAN_POINT ( 'NONE',  ( -14.32574573337000423, -2.246705304825773908, 83.03157337302374685 ) ) ;
#1212 = CARTESIAN_POINT ( 'NONE',  ( -14.48541913307558993, 0.7482680231191216613, 39.36194330423546717 ) ) ;
#1213 = EDGE_CURVE ( 'NONE', #782, #1794, #1356, .T. ) ;
#1214 = CARTESIAN_POINT ( 'NONE',  ( 16.95323030959298194, 0.9176351391164788707, 50.60070027600000486 ) ) ;
#1215 = EDGE_LOOP ( 'NONE', ( #1917, #394 ) ) ;
#1216 = CARTESIAN_POINT ( 'NONE',  ( -14.15628868902359017, 3.138417320708993596, 80.21992750720548315 ) ) ;
#1217 = APPLICATION_PROTOCOL_DEFINITION ( 'draft international standard', 'automotive_design', 1998, #665 ) ;
#1218 = ORIENTED_EDGE ( 'NONE', *, *, #525, .T. ) ;
#1219 = CARTESIAN_POINT ( 'NONE',  ( 17.30009918128163804, -1.213484009339147240, 39.45579803462514690 ) ) ;
#1220 = CARTESIAN_POINT ( 'NONE',  ( -13.64298832787785010, -4.915918351455538016, 47.85929795182092761 ) ) ;
#1221 = CARTESIAN_POINT ( 'NONE',  ( -14.40933491004719258, -1.634152229491661723, 48.30039002978611506 ) ) ;
#1222 = ORIENTED_EDGE ( 'NONE', *, *, #1190, .T. ) ;
#1223 = CARTESIAN_POINT ( 'NONE',  ( -15.16492836710592584, -2.256057479028020563, 81.40822900420965880 ) ) ;
#1224 = B_SPLINE_CURVE_WITH_KNOTS ( 'NONE', 3,
 ( #46, #1489, #1141, #71, #1877, #2218, #2207, #225, #979, #1898, #956, #1151, #1696, #777, #1514, #967, #801, #2254, #59, #2241, #563, #599, #611, #575, #1335, #1314, #1302, #2042, #1118, #2065, #1856, #1887, #216, #935 ),
 .UNSPECIFIED., .F., .F.,
 ( 4, 2, 2, 2, 2, 2, 2, 2, 2, 2, 2, 2, 2, 2, 2, 2, 4 ),
 ( 0.000000000000000000, 0.0007210591662628924739, 0.001442118332525784948, 0.002163177498788677530, 0.002884236665051569896, 0.003605295831314462261, 0.004326354997577355060, 0.005047414163840246992, 0.005768473330103139791, 0.006489532496366032591, 0.007210591662628924522, 0.007931650828891816454, 0.008652709995154710121, 0.009373769161417602053, 0.01009482832768049398, 0.01081588749394338765, 0.01153694666020627958 ),
 .UNSPECIFIED. ) ;
#1225 = FACE_OUTER_BOUND ( 'NONE', #1685, .T. ) ;
#1226 = VECTOR ( 'NONE', #2370, 1000.000000000000000 ) ;
#1227 = CARTESIAN_POINT ( 'NONE',  ( 19.34417183055968792, -0.3619819105238631929, 50.66415272938270675 ) ) ;
#1228 = DIRECTION ( 'NONE',  ( -6.123233995736764803E-17, 1.000000000000000000, -1.890134537989256790E-16 ) ) ;
#1229 = ORIENTED_EDGE ( 'NONE', *, *, #420, .F. ) ;
#1230 = CARTESIAN_POINT ( 'NONE',  ( -14.15057623130165787, 3.164074121765160896, 80.66370313551217919 ) ) ;
#1231 = CIRCLE ( 'NONE', #914, 14.50000000000000000 ) ;
#1232 = CARTESIAN_POINT ( 'NONE',  ( -18.00000000000000355, -2.375000000000003553, 80.65000000000000568 ) ) ;
#1233 = ORIENTED_EDGE ( 'NONE', *, *, #1480, .T. ) ;
#1234 = CARTESIAN_POINT ( 'NONE',  ( -14.07124727947029186, -3.499999999999994671, 60.73004237064337474 ) ) ;
#1235 = DIRECTION ( 'NONE',  ( -1.000000000000000000, -0.000000000000000000, -0.000000000000000000 ) ) ;
#1236 = CARTESIAN_POINT ( 'NONE',  ( -19.38906249999999787, -1.323271043089639619E-16, 39.32499999999999574 ) ) ;
#1237 = CARTESIAN_POINT ( 'NONE',  ( -15.42730403005482742, -1.063679706101614331, 82.77911645054359724 ) ) ;
#1238 = EDGE_CURVE ( 'NONE', #2006, #1139, #1656, .T. ) ;
#1239 = CARTESIAN_POINT ( 'NONE',  ( -13.46845947309410363, 5.371599241100540212, 46.84022956036500318 ) ) ;
#1240 = VECTOR ( 'NONE', #1874, 1000.000000000000000 ) ;
#1241 = CARTESIAN_POINT ( 'NONE',  ( 17.81713367169618323, 1.379975478176037607, 50.50469160794461487 ) ) ;
#1242 = EDGE_LOOP ( 'NONE', ( #1940, #259, #131, #2278, #1279, #984 ) ) ;
#1243 = CARTESIAN_POINT ( 'NONE',  ( -14.48124193049724262, 0.8337296932504734137, 82.88001765061956405 ) ) ;
#1244 = CARTESIAN_POINT ( 'NONE',  ( 14.48541913307558993, -0.7482680231191171094, 39.36194330423547427 ) ) ;
#1245 = CARTESIAN_POINT ( 'NONE',  ( -14.36386676519685146, 1.987302441184442880, 78.01964544947738034 ) ) ;
#1246 = DIRECTION ( 'NONE',  ( 0.000000000000000000, 0.000000000000000000, -1.000000000000000000 ) ) ;
#1247 = CARTESIAN_POINT ( 'NONE',  ( -19.21269746546857959, -0.7011753212026433646, 39.36598107619457920 ) ) ;
#1248 = CARTESIAN_POINT ( 'NONE',  ( -14.50145732577983182, -0.01070649779130863725, 84.03217342506060561 ) ) ;
#1249 = CARTESIAN_POINT ( 'NONE',  ( 18.85527575275656176, 1.109253955645611578, 41.49391038981531210 ) ) ;
#1250 = DIRECTION ( 'NONE',  ( -1.000000000000000000, -0.000000000000000000, -0.000000000000000000 ) ) ;
#1251 = CARTESIAN_POINT ( 'NONE',  ( -11.50000000000000178, 3.499999999999994227, 61.00000000000000000 ) ) ;
#1252 = ORIENTED_EDGE ( 'NONE', *, *, #1930, .F. ) ;
#1253 = EDGE_CURVE ( 'NONE', #739, #2327, #607, .T. ) ;
#1254 = DIRECTION ( 'NONE',  ( 1.000000000000000000, 6.123233995736766036E-17, 6.123233995736763571E-17 ) ) ;
#1255 = LINE ( 'NONE', #1269, #1390 ) ;
#1256 = DIRECTION ( 'NONE',  ( 0.000000000000000000, 1.000000000000000000, 0.000000000000000000 ) ) ;
#1257 = EDGE_CURVE ( 'NONE', #524, #2014, #2276, .T. ) ;
#1258 = CARTESIAN_POINT ( 'NONE',  ( -22.24999999999992539, 0.000000000000000000, 45.00000000000000000 ) ) ;
#1259 = CARTESIAN_POINT ( 'NONE',  ( -17.15246724905946252, -1.104233865360643607, 39.43323056670984528 ) ) ;
#1260 = CARTESIAN_POINT ( 'NONE',  ( 22.24999999999992539, 6.949870585161229716E-16, 39.32499999999999574 ) ) ;
#1261 = CARTESIAN_POINT ( 'NONE',  ( -14.08255236869884541, 3.468490932700436513, 40.49316786771696997 ) ) ;
#1262 = AXIS2_PLACEMENT_3D ( 'NONE', #1883, #963, #786 ) ;
#1263 = CARTESIAN_POINT ( 'NONE',  ( 19.31711629363362803, -0.4504399340410398245, 50.65771832385073026 ) ) ;
#1264 = CARTESIAN_POINT ( 'NONE',  ( 14.03301720428385302, 3.650587699306959699, 44.51382832476430451 ) ) ;
#1265 = AXIS2_PLACEMENT_3D ( 'NONE', #1834, #1965, #184 ) ;
#1266 = ORIENTED_EDGE ( 'NONE', *, *, #1430, .F. ) ;
#1267 = CARTESIAN_POINT ( 'NONE',  ( -14.47752939578634113, 0.8069340705053756890, 83.91290861688270297 ) ) ;
#1268 = EDGE_CURVE ( 'NONE', #487, #1570, #221, .T. ) ;
#1269 = CARTESIAN_POINT ( 'NONE',  ( -14.50000000000000000, 0.000000000000000000, 60.00000000000000000 ) ) ;
#1270 = CARTESIAN_POINT ( 'NONE',  ( -14.22200840623565732, 2.826674273452208119, 82.16652048826988164 ) ) ;
#1271 = CARTESIAN_POINT ( 'NONE',  ( -18.09116580150273279, -1.389093014597761577, 39.49763272783505386 ) ) ;
#1272 = CARTESIAN_POINT ( 'NONE',  ( -15.12649576965802467, -2.380071209351648509, 80.64113379266301251 ) ) ;
#1273 = CARTESIAN_POINT ( 'NONE',  ( -15.47597969894401970, 0.8625846960574705680, 83.91290861688270297 ) ) ;
#1274 = FACE_OUTER_BOUND ( 'NONE', #2339, .T. ) ;
#1275 = CARTESIAN_POINT ( 'NONE',  ( 14.20330066300033245, 2.921420918627676944, 42.75769617088516128 ) ) ;
#1276 = PRODUCT_DEFINITION_FORMATION_WITH_SPECIFIED_SOURCE ( 'ANY', '', #2244, .NOT_KNOWN. ) ;
#1277 = ORIENTED_EDGE ( 'NONE', *, *, #1855, .F. ) ;
#1278 = DIRECTION ( 'NONE',  ( -0.000000000000000000, -0.000000000000000000, -1.000000000000000000 ) ) ;
#1279 = ORIENTED_EDGE ( 'NONE', *, *, #1021, .F. ) ;
#1280 = EDGE_CURVE ( 'NONE', #1405, #2074, #1692, .T. ) ;
#1281 = CARTESIAN_POINT ( 'NONE',  ( -18.00000000000000355, -1.102182119232618108E-15, 80.65000000000000568 ) ) ;
#1282 = CARTESIAN_POINT ( 'NONE',  ( -17.81627711397227287, -1.389001238553297490, 39.49760955917520988 ) ) ;
#1283 = CARTESIAN_POINT ( 'NONE',  ( -14.45115889859100555, -1.203639639808825379, 77.52207152957235792 ) ) ;
#1284 = CARTESIAN_POINT ( 'NONE',  ( -17.90908447093429956, -1.389104138204052541, 41.59764571285394652 ) ) ;
#1285 = CARTESIAN_POINT ( 'NONE',  ( 14.08203868006794224, 3.470463967232837899, 40.49479395748909383 ) ) ;
#1286 = CARTESIAN_POINT ( 'NONE',  ( 14.50000000000000000, 4.500619013672084734E-16, 41.32500000000000284 ) ) ;
#1287 = EDGE_CURVE ( 'NONE', #1405, #1661, #1566, .T. ) ;
#1288 = ORIENTED_EDGE ( 'NONE', *, *, #23, .T. ) ;
#1289 = CARTESIAN_POINT ( 'NONE',  ( -19.10861494089897050, 0.8559590420986686876, 41.42365008755334088 ) ) ;
#1290 = DIRECTION ( 'NONE',  ( -1.000000000000000000, -6.123233995736766036E-17, -6.123233995736763571E-17 ) ) ;
#1291 = ORIENTED_EDGE ( 'NONE', *, *, #1839, .F. ) ;
#1292 = CARTESIAN_POINT ( 'NONE',  ( -14.42011468593505263, 1.530020926415688542, 83.60943065742485203 ) ) ;
#1293 = CARTESIAN_POINT ( 'NONE',  ( 16.61093749999999858, 0.1826201211523186818, 48.67500000000001137 ) ) ;
#1294 = CARTESIAN_POINT ( 'NONE',  ( -14.15227403685646124, -3.156573345302348788, 80.41705433211446064 ) ) ;
#1295 = DIRECTION ( 'NONE',  ( 6.123233995736766036E-17, -1.000000000000000000, 0.000000000000000000 ) ) ;
#1296 = CARTESIAN_POINT ( 'NONE',  ( 13.67679038450443763, 4.817370992781153660, 41.99463268133570892 ) ) ;
#1297 = CARTESIAN_POINT ( 'NONE',  ( 14.02654076873533029, 3.675071981413116085, 45.24129003125657533 ) ) ;
#1298 = CIRCLE ( 'NONE', #254, 12.50000000000000000 ) ;
#1299 = CARTESIAN_POINT ( 'NONE',  ( 14.38641385570467612, -1.844299905487847058, 50.37980559672889314 ) ) ;
#1300 = CARTESIAN_POINT ( 'NONE',  ( 0.000000000000000000, 0.000000000000000000, 0.000000000000000000 ) ) ;
#1301 = VERTEX_POINT ( 'NONE', #1148 ) ;
#1302 = CARTESIAN_POINT ( 'NONE',  ( -14.32682366584312383, 2.243297901770243463, 42.07931651350251911 ) ) ;
#1303 = CARTESIAN_POINT ( 'NONE',  ( 19.24703728716205120, -0.6186008312700091993, 41.37644387819977254 ) ) ;
#1304 = CARTESIAN_POINT ( 'NONE',  ( -15.24478232134029909, -1.972827930574755140, 79.31847621783037994 ) ) ;
#1305 = AXIS2_PLACEMENT_3D ( 'NONE', #1812, #1235, #1422 ) ;
#1306 = FACE_OUTER_BOUND ( 'NONE', #1958, .T. ) ;
#1307 = CARTESIAN_POINT ( 'NONE',  ( 14.08276305223239611, 3.456522502092633342, 49.50469132468077760 ) ) ;
#1308 = CARTESIAN_POINT ( 'NONE',  ( 14.23426437434109992, 2.768583654281383311, 47.42846088010064420 ) ) ;
#1309 = EDGE_CURVE ( 'NONE', #1934, #668, #1136, .T. ) ;
#1310 = CARTESIAN_POINT ( 'NONE',  ( -18.00000000000000355, -1.102182119232618108E-15, 80.65000000000000568 ) ) ;
#1311 = CARTESIAN_POINT ( 'NONE',  ( 14.48517161414903676, -0.7510514003676911354, 50.63741068784798216 ) ) ;
#1312 = CARTESIAN_POINT ( 'NONE',  ( -18.18286632830382032, 1.379975478176034720, 50.50469160794461487 ) ) ;
#1313 = VERTEX_POINT ( 'NONE', #619 ) ;
#1314 = CARTESIAN_POINT ( 'NONE',  ( -14.29635319167587326, 2.427802440496458214, 42.23064439948467452 ) ) ;
#1315 = CARTESIAN_POINT ( 'NONE',  ( 17.63224404686824087, -1.351695728863290480, 41.58180047314306194 ) ) ;
#1316 = CARTESIAN_POINT ( 'NONE',  ( -16.62003816513012566, 0.1830831278621431191, 39.32724729059141566 ) ) ;
#1317 = DIRECTION ( 'NONE',  ( 0.000000000000000000, 0.000000000000000000, -1.000000000000000000 ) ) ;
#1318 = FACE_OUTER_BOUND ( 'NONE', #229, .T. ) ;
#1319 = CARTESIAN_POINT ( 'NONE',  ( 14.40945658581741107, -1.633236075457556336, 48.30092963255793137 ) ) ;
#1320 = DIRECTION ( 'NONE',  ( -1.000000000000000000, 0.000000000000000000, 0.000000000000000000 ) ) ;
#1321 = CARTESIAN_POINT ( 'NONE',  ( -15.34952994554451955, 1.531866122771829541, 82.48360633485054905 ) ) ;
#1322 = CARTESIAN_POINT ( 'NONE',  ( 17.81691922157671826, 1.379990569321319471, 41.59388390173968730 ) ) ;
#1323 = EDGE_LOOP ( 'NONE', ( #1370, #854 ) ) ;
#1324 = CARTESIAN_POINT ( 'NONE',  ( 0.000000000000000000, 0.000000000000000000, 55.99999999999999289 ) ) ;
#1325 = FACE_OUTER_BOUND ( 'NONE', #291, .T. ) ;
#1326 = CARTESIAN_POINT ( 'NONE',  ( -18.18255640984201094, 1.388986685098255736, 39.49760588518828541 ) ) ;
#1327 = DIRECTION ( 'NONE',  ( 0.000000000000000000, 0.000000000000000000, -1.000000000000000000 ) ) ;
#1328 = ORIENTED_EDGE ( 'NONE', *, *, #1179, .T. ) ;
#1329 = CARTESIAN_POINT ( 'NONE',  ( -14.23094816212654834, -2.783321179782261900, 82.78430174896705296 ) ) ;
#1330 = CARTESIAN_POINT ( 'NONE',  ( -16.61093749999999858, 0.000000000000000000, 48.67499999999999716 ) ) ;
#1331 = CARTESIAN_POINT ( 'NONE',  ( 19.10323562505300643, 0.8488413148623498161, 41.42355113674732081 ) ) ;
#1332 = CARTESIAN_POINT ( 'NONE',  ( -16.61093749999999858, 4.500981335845022062E-16, 41.32500000000000284 ) ) ;
#1333 = ORIENTED_EDGE ( 'NONE', *, *, #1455, .F. ) ;
#1334 = AXIS2_PLACEMENT_3D ( 'NONE', #2003, #15, #1659 ) ;
#1335 = CARTESIAN_POINT ( 'NONE',  ( -14.23434813520482578, 2.768261627269452685, 42.57095024851821563 ) ) ;
#1336 = ADVANCED_FACE ( 'NONE', ( #42 ), #773, .F. ) ;
#1337 = DIRECTION ( 'NONE',  ( 0.000000000000000000, -1.000000000000000000, 0.000000000000000000 ) ) ;
#1338 = CARTESIAN_POINT ( 'NONE',  ( 18.00000000000000000, 2.204364238465235428E-15, 60.00000000000000000 ) ) ;
#1339 = FACE_OUTER_BOUND ( 'NONE', #51, .T. ) ;
#1340 = ORIENTED_EDGE ( 'NONE', *, *, #1287, .T. ) ;
#1341 = CARTESIAN_POINT ( 'NONE',  ( -11.50000000000000000, 4.499999999999995559, 60.00000000000000000 ) ) ;
#1342 = CARTESIAN_POINT ( 'NONE',  ( 22.24999999999992539, 0.000000000000000000, 45.00000000000000000 ) ) ;
#1343 = CARTESIAN_POINT ( 'NONE',  ( 19.38906249999999787, 4.500981335718804317E-16, 41.32500000000000284 ) ) ;
#1344 = CYLINDRICAL_SURFACE ( 'NONE', #652, 1.389062499999999645 ) ;
#1345 = DIRECTION ( 'NONE',  ( -1.000000000000000000, 0.000000000000000000, 0.000000000000000000 ) ) ;
#1346 = ORIENTED_EDGE ( 'NONE', *, *, #1525, .T. ) ;
#1347 = LINE ( 'NONE', #34, #270 ) ;
#1348 = ADVANCED_FACE ( 'NONE', ( #1523 ), #2249, .T. ) ;
#1349 = AXIS2_PLACEMENT_3D ( 'NONE', #878, #1068, #551 ) ;
#1350 = CARTESIAN_POINT ( 'NONE',  ( 17.81844618071322017, -1.380144855890972799, 39.49535119878981249 ) ) ;
#1351 = CARTESIAN_POINT ( 'NONE',  ( -17.55192961942447738, 1.317975444195707890, 39.48004931998011102 ) ) ;
#1352 = DIRECTION ( 'NONE',  ( -1.000000000000000000, -0.000000000000000000, -0.000000000000000000 ) ) ;
#1353 = EDGE_CURVE ( 'NONE', #248, #171, #1623, .T. ) ;
#1354 = CARTESIAN_POINT ( 'NONE',  ( 14.50000000000000000, 4.500619013672084734E-16, 41.32500000000000284 ) ) ;
#1355 = CARTESIAN_POINT ( 'NONE',  ( -15.49813112388297931, -0.2481896087380699445, 78.28104197838362666 ) ) ;
#1356 = LINE ( 'NONE', #1873, #1373 ) ;
#1357 = CARTESIAN_POINT ( 'NONE',  ( 13.40519349783380854, -5.527420408754272430, 46.29934729694996065 ) ) ;
#1358 = VERTEX_POINT ( 'NONE', #2337 ) ;
#1359 = CARTESIAN_POINT ( 'NONE',  ( -14.25854858189646812, 2.638161853983731486, 78.78282040793067154 ) ) ;
#1360 = CARTESIAN_POINT ( 'NONE',  ( 19.38906249999999432, 0.09086094752648406214, 39.32500000000000284 ) ) ;
#1361 = B_SPLINE_CURVE_WITH_KNOTS ( 'NONE', 3,
 ( #1397, #2332, #112, #635, #2129, #2104, #1234, #844 ),
 .UNSPECIFIED., .F., .F.,
 ( 4, 2, 2, 4 ),
 ( 0.000000000000000000, 0.0003988427142124525266, 0.0007976854284249050532, 0.001595370856849807287 ),
 .UNSPECIFIED. ) ;
#1362 = CARTESIAN_POINT ( 'NONE',  ( 16.62001454839406023, -0.1829452567645349081, 39.32724158117523672 ) ) ;
#1363 = CARTESIAN_POINT ( 'NONE',  ( -16.61093749999999858, -0.1853791930481876737, 48.67500000000001137 ) ) ;
#1364 = CARTESIAN_POINT ( 'NONE',  ( -14.19194621591786643, -2.973928908524138492, 79.49946199094139843 ) ) ;
#1365 = ORIENTED_EDGE ( 'NONE', *, *, #23, .F. ) ;
#1366 = CARTESIAN_POINT ( 'NONE',  ( 14.40973821893242857, -1.630679406436707168, 41.69785091443737457 ) ) ;
#1367 = CARTESIAN_POINT ( 'NONE',  ( -15.17913957158340743, 2.209345737603207738, 79.76013859478037205 ) ) ;
#1368 = CARTESIAN_POINT ( 'NONE',  ( -16.68288370636637552, -0.4504399340410423780, 50.65771832385074447 ) ) ;
#1369 = FACE_OUTER_BOUND ( 'NONE', #1627, .T. ) ;
#1370 = ORIENTED_EDGE ( 'NONE', *, *, #701, .T. ) ;
#1371 = CARTESIAN_POINT ( 'NONE',  ( -15.48684891653529050, 0.4750299016580618594, 78.31778044254930649 ) ) ;
#1372 = FACE_OUTER_BOUND ( 'NONE', #2260, .T. ) ;
#1373 = VECTOR ( 'NONE', #1895, 1000.000000000000000 ) ;
#1374 = LINE ( 'NONE', #2115, #277 ) ;
#1375 = CARTESIAN_POINT ( 'NONE',  ( -14.00952196694803575, -3.742333129265113190, 49.27021480580683033 ) ) ;
#1376 = CARTESIAN_POINT ( 'NONE',  ( -14.20815950736050759, -2.895820937682471286, 82.00956866968682846 ) ) ;
#1377 = ORIENTED_EDGE ( 'NONE', *, *, #2288, .T. ) ;
#1378 = CARTESIAN_POINT ( 'NONE',  ( -15.49976161259240648, -0.1661009126833334071, 83.02431862772894533 ) ) ;
#1379 = CARTESIAN_POINT ( 'NONE',  ( -15.22424887062776833, 2.049891559402841068, 79.43714943069892342 ) ) ;
#1380 = DIRECTION ( 'NONE',  ( -1.000000000000000000, -0.000000000000000000, -0.000000000000000000 ) ) ;
#1381 = ORIENTED_EDGE ( 'NONE', *, *, #89, .F. ) ;
#1382 = CARTESIAN_POINT ( 'NONE',  ( -15.38504024335627030, 1.332926394004569026, 78.67809590885934767 ) ) ;
#1383 = DIRECTION ( 'NONE',  ( 0.000000000000000000, 0.000000000000000000, 1.000000000000000000 ) ) ;
#1384 = CARTESIAN_POINT ( 'NONE',  ( -11.50000000000000000, -3.499999999999996003, 60.00000000000000000 ) ) ;
#1385 = CARTESIAN_POINT ( 'NONE',  ( -13.46615338697581521, -5.379231370763838171, 46.84568894284995366 ) ) ;
#1386 = AXIS2_PLACEMENT_3D ( 'NONE', #865, #1078, #2172 ) ;
#1387 = CARTESIAN_POINT ( 'NONE',  ( -14.11926473409369720, -3.302319152948934189, 46.63029959319736406 ) ) ;
#1388 = ORIENTED_EDGE ( 'NONE', *, *, #2126, .F. ) ;
#1389 = CARTESIAN_POINT ( 'NONE',  ( -15.36216413729257901, -1.456192255473911956, 82.53268129770749795 ) ) ;
#1390 = VECTOR ( 'NONE', #343, 1000.000000000000000 ) ;
#1391 = FACE_OUTER_BOUND ( 'NONE', #2176, .T. ) ;
#1392 = CARTESIAN_POINT ( 'NONE',  ( -15.13489111776042684, -2.353852083064892131, 81.01449730305857599 ) ) ;
#1393 = VECTOR ( 'NONE', #1658, 1000.000000000000000 ) ;
#1394 = ORIENTED_EDGE ( 'NONE', *, *, #1480, .F. ) ;
#1395 = CARTESIAN_POINT ( 'NONE',  ( -14.32569494705644431, 2.380886428969579693, 80.66017144219289037 ) ) ;
#1396 = CARTESIAN_POINT ( 'NONE',  ( -13.96761031221606508, 3.894255580484831114, 60.19369184618799551 ) ) ;
#1397 = CARTESIAN_POINT ( 'NONE',  ( -13.78404875209022329, -4.499999999999996447, 60.00000000000000000 ) ) ;
#1398 = FACE_OUTER_BOUND ( 'NONE', #789, .T. ) ;
#1399 = ORIENTED_EDGE ( 'NONE', *, *, #2286, .F. ) ;
#1400 = CARTESIAN_POINT ( 'NONE',  ( -14.49153142323192434, 0.5557180525510168057, 82.95967887778192562 ) ) ;
#1401 = CARTESIAN_POINT ( 'NONE',  ( -13.35949376183755888, 5.637397133191355714, 44.24867436679249266 ) ) ;
#1402 = DIRECTION ( 'NONE',  ( 0.000000000000000000, 0.000000000000000000, -1.000000000000000000 ) ) ;
#1403 = CARTESIAN_POINT ( 'NONE',  ( 19.38906249999999787, 0.000000000000000000, 50.67499999999999716 ) ) ;
#1404 = AXIS2_PLACEMENT_3D ( 'NONE', #2360, #2373, #2179 ) ;
#1405 = VERTEX_POINT ( 'NONE', #467 ) ;
#1406 = CARTESIAN_POINT ( 'NONE',  ( -14.37679551968326663, 2.025178828365919781, 79.39593276386764842 ) ) ;
#1407 = EDGE_LOOP ( 'NONE', ( #9, #1128, #1429, #2064 ) ) ;
#1408 = CARTESIAN_POINT ( 'NONE',  ( 16.78643290923010412, -0.6996823117905129896, 50.63420844837229851 ) ) ;
#1409 = CARTESIAN_POINT ( 'NONE',  ( -18.18379498995068388, 1.379870081049752617, 48.40616458077759887 ) ) ;
#1410 = ADVANCED_FACE ( 'NONE', ( #1793 ), #1041, .T. ) ;
#1411 = CARTESIAN_POINT ( 'NONE',  ( -14.11975744325784987, -3.300241626005595119, 43.36517704979231524 ) ) ;
#1412 = CARTESIAN_POINT ( 'NONE',  ( -14.48481400282487641, -0.6762247737897416622, 77.35015791077451297 ) ) ;
#1413 = CARTESIAN_POINT ( 'NONE',  ( 0.000000000000000000, 0.000000000000000000, 60.00000000000000000 ) ) ;
#1414 = CARTESIAN_POINT ( 'NONE',  ( 18.69990081871836551, -1.213484009339147240, 50.54420196537485310 ) ) ;
#1415 = CARTESIAN_POINT ( 'NONE',  ( 16.68223112587799051, 0.4485797492959966992, 50.65787030402961477 ) ) ;
#1416 = EDGE_LOOP ( 'NONE', ( #354, #280, #714, #168 ) ) ;
#1417 = CARTESIAN_POINT ( 'NONE',  ( -14.45128459994583459, 1.201982926323323708, 83.77857065318978869 ) ) ;
#1418 = PRESENTATION_LAYER_ASSIGNMENT (  '', '', ( #1612 ) ) ;
#1419 = CARTESIAN_POINT ( 'NONE',  ( 17.55056098009367815, -1.317492769307309075, 48.43092260204998922 ) ) ;
#1420 = CARTESIAN_POINT ( 'NONE',  ( -13.34341977829659953, -5.674781817469785494, 45.37739500622736699 ) ) ;
#1421 = AXIS2_PLACEMENT_3D ( 'NONE', #1505, #450, #101 ) ;
#1422 = DIRECTION ( 'NONE',  ( 0.000000000000000000, 0.000000000000000000, 1.000000000000000000 ) ) ;
#1423 = LINE ( 'NONE', #1478, #2063 ) ;
#1424 = CARTESIAN_POINT ( 'NONE',  ( -14.49159554468538680, -0.5720533885135014041, 82.96031205613378745 ) ) ;
#1425 = DIRECTION ( 'NONE',  ( 0.000000000000000000, 0.000000000000000000, -1.000000000000000000 ) ) ;
#1426 = CARTESIAN_POINT ( 'NONE',  ( 17.15246724905945896, -1.104233865360639610, 50.56676943329016893 ) ) ;
#1427 = VECTOR ( 'NONE', #1993, 1000.000000000000000 ) ;
#1428 = FACE_OUTER_BOUND ( 'NONE', #934, .T. ) ;
#1429 = ORIENTED_EDGE ( 'NONE', *, *, #627, .T. ) ;
#1430 = EDGE_CURVE ( 'NONE', #2074, #1764, #1738, .T. ) ;
#1431 = LINE ( 'NONE', #1971, #1427 ) ;
#1432 = AXIS2_PLACEMENT_3D ( 'NONE', #434, #276, #2128 ) ;
#1433 = DIRECTION ( 'NONE',  ( -1.000000000000000000, -0.000000000000000000, -0.000000000000000000 ) ) ;
#1434 = CARTESIAN_POINT ( 'NONE',  ( -14.45286227349464703, 1.181288996894836796, 83.78666445130123464 ) ) ;
#1435 = CARTESIAN_POINT ( 'NONE',  ( -14.05689050464581946, -3.557551975910285158, 45.95255904217382437 ) ) ;
#1436 = CARTESIAN_POINT ( 'NONE',  ( -18.44856036660377541, -1.317769220475680791, 39.48000156249895554 ) ) ;
#1437 = CARTESIAN_POINT ( 'NONE',  ( -15.46411772968137299, -0.7567816790213843792, 78.39347016116593636 ) ) ;
#1438 = DIRECTION ( 'NONE',  ( -6.123233995736766036E-17, 1.000000000000000000, 0.000000000000000000 ) ) ;
#1439 = CARTESIAN_POINT ( 'NONE',  ( 18.18155381928676917, -1.380144855890973243, 50.50464880121019462 ) ) ;
#1440 = CARTESIAN_POINT ( 'NONE',  ( -15.12809885610217897, -2.375000000000003553, 80.65000000000000568 ) ) ;
#1441 = EDGE_CURVE ( 'NONE', #2085, #1059, #366, .T. ) ;
#1442 = ADVANCED_FACE ( 'NONE', ( #1428 ), #152, .F. ) ;
#1443 = ORIENTED_EDGE ( 'NONE', *, *, #1238, .F. ) ;
#1444 = CARTESIAN_POINT ( 'NONE',  ( -14.41581802259605460, 1.571171627543984650, 83.58565176661979024 ) ) ;
#1445 = VERTEX_POINT ( 'NONE', #940 ) ;
#1446 = DIRECTION ( 'NONE',  ( -1.000000000000000000, -6.123233995736766036E-17, -6.123233995736763571E-17 ) ) ;
#1447 = CARTESIAN_POINT ( 'NONE',  ( -19.20391347448345343, 0.6987508627261334038, 48.60877614727182561 ) ) ;
#1448 = SURFACE_SIDE_STYLE ('',( #1997 ) ) ;
#1449 = CARTESIAN_POINT ( 'NONE',  ( -17.08137293573559035, -1.045858135371665609, 39.42182502958362278 ) ) ;
#1450 = CARTESIAN_POINT ( 'NONE',  ( 0.000000000000000000, 0.000000000000000000, 55.99999999999999289 ) ) ;
#1451 = FACE_OUTER_BOUND ( 'NONE', #598, .T. ) ;
#1452 = CIRCLE ( 'NONE', #715, 5.674999999999999822 ) ;
#1453 = CARTESIAN_POINT ( 'NONE',  ( 14.45264611200255089, 1.191808046740283844, 48.48462644161312340 ) ) ;
#1454 = ORIENTED_EDGE ( 'NONE', *, *, #1811, .T. ) ;
#1455 = EDGE_CURVE ( 'NONE', #1563, #2217, #1852, .T. ) ;
#1456 = CARTESIAN_POINT ( 'NONE',  ( -15.18335746308087941, 2.194060438787495126, 81.57260147602531219 ) ) ;
#1457 = ORIENTED_EDGE ( 'NONE', *, *, #1189, .T. ) ;
#1458 = DIRECTION ( 'NONE',  ( 0.05380273318528527859, -0.9653942347949376890, 0.2551847121723594958 ) ) ;
#1459 = CARTESIAN_POINT ( 'NONE',  ( -16.88935731190066747, -0.8536794613561536904, 39.38806830611149223 ) ) ;
#1460 = CARTESIAN_POINT ( 'NONE',  ( -14.32570495718414350, -2.380822072721830107, 80.64066154640715922 ) ) ;
#1461 = CARTESIAN_POINT ( 'NONE',  ( 19.04625687709882342, 0.9181245866685470158, 41.44092102271601163 ) ) ;
#1462 = CARTESIAN_POINT ( 'NONE',  ( -16.64792815419279037, -0.3667339268985227996, 41.33940782768726052 ) ) ;
#1463 = CARTESIAN_POINT ( 'NONE',  ( 14.11831405858258570, 3.308726669122449948, 49.61429228891373100 ) ) ;
#1464 = CARTESIAN_POINT ( 'NONE',  ( 14.11975744325784810, 3.300241626005595119, 43.36517704979231524 ) ) ;
#1465 = ORIENTED_EDGE ( 'NONE', *, *, #1287, .F. ) ;
#1466 = CARTESIAN_POINT ( 'NONE',  ( -19.21176122392367702, 0.7030166508437488693, 41.38887918163455737 ) ) ;
#1467 = CARTESIAN_POINT ( 'NONE',  ( -19.34417222481481247, 0.3619601185788613451, 50.66415285866904128 ) ) ;
#1468 = VERTEX_POINT ( 'NONE', #2036 ) ;
#1469 = CARTESIAN_POINT ( 'NONE',  ( -14.50000000000031264, 0.1964772398930673680, 77.27499999999847091 ) ) ;
#1470 = DIRECTION ( 'NONE',  ( 0.000000000000000000, 0.000000000000000000, -1.000000000000000000 ) ) ;
#1471 = CARTESIAN_POINT ( 'NONE',  ( -19.38906249999999787, -1.323271043089639619E-16, 60.00000000000000000 ) ) ;
#1472 = CARTESIAN_POINT ( 'NONE',  ( -19.38906250000000142, -0.1853791930481872019, 41.32500000000001705 ) ) ;
#1473 = CARTESIAN_POINT ( 'NONE',  ( 14.00805796692342575, 3.754813377797026508, 40.72864332423078082 ) ) ;
#1474 = CARTESIAN_POINT ( 'NONE',  ( 14.05717541437093665, 3.556428232885227469, 44.04345848366647687 ) ) ;
#1475 = CARTESIAN_POINT ( 'NONE',  ( 14.50000000000000178, -0.3790501684434459673, 50.67500000000001847 ) ) ;
#1476 = ORIENTED_EDGE ( 'NONE', *, *, #1588, .T. ) ;
#1477 = CARTESIAN_POINT ( 'NONE',  ( -14.19204628415023173, 2.973454695093221023, 81.80196044302570613 ) ) ;
#1478 = CARTESIAN_POINT ( 'NONE',  ( -19.38906249999999787, -1.323271043089639619E-16, 60.00000000000000000 ) ) ;
#1479 = CARTESIAN_POINT ( 'NONE',  ( -19.31758627963883157, 0.4491588748951856891, 39.34217298981833721 ) ) ;
#1480 = EDGE_CURVE ( 'NONE', #1313, #1570, #1452, .T. ) ;
#1481 = FACE_BOUND ( 'NONE', #2240, .T. ) ;
#1482 = CARTESIAN_POINT ( 'NONE',  ( 14.22044643191126667, 2.850747163126361450, 49.92075478010134049 ) ) ;
#1483 = LINE ( 'NONE', #568, #754 ) ;
#1484 = AXIS2_PLACEMENT_3D ( 'NONE', #2022, #758, #1492 ) ;
#1485 = PLANE ( 'NONE',  #346 ) ;
#1486 = CARTESIAN_POINT ( 'NONE',  ( 13.85837259861421877, -4.274117008174281196, 48.75122875755072727 ) ) ;
#1487 = DIRECTION ( 'NONE',  ( -1.000000000000000000, -0.000000000000000000, -0.000000000000000000 ) ) ;
#1488 = VERTEX_POINT ( 'NONE', #1112 ) ;
#1489 = CARTESIAN_POINT ( 'NONE',  ( -14.50000000000000000, 0.2438874933874814188, 48.67499999999999716 ) ) ;
#1490 = CARTESIAN_POINT ( 'NONE',  ( 17.14482230051521228, -1.109338759977161359, 41.49393589178118447 ) ) ;
#1491 = DIRECTION ( 'NONE',  ( -1.000000000000000000, -0.000000000000000000, -0.000000000000000000 ) ) ;
#1492 = DIRECTION ( 'NONE',  ( 1.000000000000000000, 0.000000000000000000, 0.000000000000000000 ) ) ;
#1493 = DIRECTION ( 'NONE',  ( 0.000000000000000000, 0.000000000000000000, 1.000000000000000000 ) ) ;
#1494 = CARTESIAN_POINT ( 'NONE',  ( 14.29584103621974478, -2.430707147960693870, 47.76663133471149791 ) ) ;
#1495 = CARTESIAN_POINT ( 'NONE',  ( 16.61093749999999858, -0.1825832779282618723, 48.67499999999999716 ) ) ;
#1496 = CARTESIAN_POINT ( 'NONE',  ( -18.18308077842327108, 1.379990569321316585, 41.59388390173968730 ) ) ;
#1497 = CARTESIAN_POINT ( 'NONE',  ( 17.54881350885224833, 1.316847088511930775, 41.56883185063821884 ) ) ;
#1498 = VERTEX_POINT ( 'NONE', #339 ) ;
#1499 = EDGE_CURVE ( 'NONE', #978, #248, #2161, .T. ) ;
#1500 = AXIS2_PLACEMENT_3D ( 'NONE', #911, #1653, #733 ) ;
#1501 = CARTESIAN_POINT ( 'NONE',  ( -9.144713687814371994, 1.119904434690085842E-15, 55.99999999999999289 ) ) ;
#1502 = CARTESIAN_POINT ( 'NONE',  ( 19.38906249999999787, 0.09270830022802059589, 48.67500000000001137 ) ) ;
#1503 = CARTESIAN_POINT ( 'NONE',  ( -18.09091552906570044, -1.389104138204052319, 48.40235428714604637 ) ) ;
#1504 = CIRCLE ( 'NONE', #772, 9.144713687814371994 ) ;
#1505 = CARTESIAN_POINT ( 'NONE',  ( -11.50000000000000355, -7.041719095097282852E-16, 80.65000000000000568 ) ) ;
#1506 = ORIENTED_EDGE ( 'NONE', *, *, #2029, .T. ) ;
#1507 = LINE ( 'NONE', #414, #2020 ) ;
#1508 = DIRECTION ( 'NONE',  ( 1.000000000000000000, 6.123233995736767268E-17, 6.123233995736764803E-17 ) ) ;
#1509 = CARTESIAN_POINT ( 'NONE',  ( -19.21356709076989233, -0.6996823117905132117, 50.63420844837227008 ) ) ;
#1510 = CARTESIAN_POINT ( 'NONE',  ( -15.14215616470715453, 2.331829883776442625, 81.17138851959552426 ) ) ;
#1511 = ADVANCED_FACE ( 'NONE', ( #1073 ), #537, .F. ) ;
#1512 = CARTESIAN_POINT ( 'NONE',  ( -19.24816268314495815, 0.6163022906720712069, 50.64206448520495485 ) ) ;
#1513 = ORIENTED_EDGE ( 'NONE', *, *, #1268, .F. ) ;
#1514 = CARTESIAN_POINT ( 'NONE',  ( -14.05712648662134789, 3.556625679702480003, 45.95637985503699952 ) ) ;
#1515 = CARTESIAN_POINT ( 'NONE',  ( 18.09091552906570399, -1.389104138204050320, 41.59764571285394652 ) ) ;
#1516 =( GEOMETRIC_REPRESENTATION_CONTEXT ( 3 ) GLOBAL_UNCERTAINTY_ASSIGNED_CONTEXT ( ( #170 ) ) GLOBAL_UNIT_ASSIGNED_CONTEXT ( ( #709, #158, #606 ) ) REPRESENTATION_CONTEXT ( 'NONE', 'WORKASPACE' ) );
#1517 = CARTESIAN_POINT ( 'NONE',  ( -18.69985713166315833, 1.213424186009615990, 39.45578695444655182 ) ) ;
#1518 =( BOUNDED_SURFACE ( )  B_SPLINE_SURFACE ( 3, 2, ( 
 ( #97, #119, #2267 ),
 ( #643, #2317, #85 ),
 ( #273, #1959, #480 ),
 ( #1191, #109, #1031 ),
 ( #841, #309, #632 ),
 ( #992, #1044, #1371 ),
 ( #826, #1758, #2099 ),
 ( #1785, #1564, #459 ),
 ( #2292, #2305, #2137 ),
 ( #656, #133, #1382 ),
 ( #2279, #2113, #1923 ),
 ( #1747, #1589, #1935 ),
 ( #622, #1732, #669 ),
 ( #1359, #471, #1204 ),
 ( #813, #1406, #852 ),
 ( #2086, #2125, #297 ),
 ( #1553, #445, #1945 ),
 ( #1177, #286, #1018 ),
 ( #1216, #492, #1772 ),
 ( #1230, #1395, #1542 ),
 ( #1911, #260, #2015 ),
 ( #1054, #1625, #368 ),
 ( #143, #863, #2171 ),
 ( #548, #2354, #1456 ),
 ( #1982, #332, #2005 ),
 ( #1795, #1650, #876 ),
 ( #167, #908, #1611 ),
 ( #2340, #2329, #320 ),
 ( #1806, #681, #705 ),
 ( #1841, #692, #2378 ),
 ( #1444, #1601, #2183 ),
 ( #1417, #1243, #899 ),
 ( #1101, #1639, #527 ),
 ( #1267, #886, #341 ) ),
 .UNSPECIFIED., .F., .F., .F. ) 
 B_SPLINE_SURFACE_WITH_KNOTS ( ( 4, 2, 2, 2, 2, 2, 2, 2, 2, 2, 2, 2, 2, 2, 2, 2, 4 ),
 ( 3, 3 ),
 ( 0.01057862561006027435, 0.01123978971068904237, 0.01190095381131780865, 0.01256211791194657493, 0.01322328201257534294, 0.01388444611320411096, 0.01454561021383287724, 0.01520677431446164352, 0.01586793841509041153, 0.01652910251571917954, 0.01719026661634794756, 0.01785143071697671557, 0.01851259481760548012, 0.01917375891823424466, 0.01983492301886301268, 0.02049608711949178069, 0.02115725122012054871 ),
 ( 0.000000000000000000, 1.000000000000000000 ),
 .UNSPECIFIED. ) 
 GEOMETRIC_REPRESENTATION_ITEM ( )  RATIONAL_B_SPLINE_SURFACE ( (
 ( 1.000000000000000000, 0.7121166873880887538, 1.000000000000000000),
 ( 1.000000000000000000, 0.7096383665230683313, 1.000000000000000000),
 ( 1.000000000000000000, 0.7080053602737219620, 1.000000000000000000),
 ( 1.000000000000000000, 0.7067778313221131370, 1.000000000000000000),
 ( 1.000000000000000000, 0.7071600643116511264, 1.000000000000000000),
 ( 1.000000000000000000, 0.7098571551484471609, 1.000000000000000000),
 ( 1.000000000000000000, 0.7122012929110699275, 1.000000000000000000),
 ( 1.000000000000000000, 0.7183313767827590457, 1.000000000000000000),
 ( 1.000000000000000000, 0.7221260385889330946, 1.000000000000000000),
 ( 1.000000000000000000, 0.7307247215205544544, 1.000000000000000000),
 ( 1.000000000000000000, 0.7354070982903854192, 1.000000000000000000),
 ( 1.000000000000000000, 0.7448941625375632425, 1.000000000000000000),
 ( 1.000000000000000000, 0.7497610015288799223, 1.000000000000000000),
 ( 1.000000000000000000, 0.7588572190858179356, 1.000000000000000000),
 ( 1.000000000000000000, 0.7630651209081246167, 1.000000000000000000),
 ( 1.000000000000000000, 0.7703777782286024278, 1.000000000000000000),
 ( 1.000000000000000000, 0.7734892135130321256, 1.000000000000000000),
 ( 1.000000000000000000, 0.7780119438589209180, 1.000000000000000000),
 ( 1.000000000000000000, 0.7794703368769825280, 1.000000000000000000),
 ( 1.000000000000000000, 0.7806023770437090503, 1.000000000000000000),
 ( 1.000000000000000000, 0.7802496343272626866, 1.000000000000000000),
 ( 1.000000000000000000, 0.7778072334925529852, 1.000000000000000000),
 ( 1.000000000000000000, 0.7757040268664464611, 1.000000000000000000),
 ( 1.000000000000000000, 0.7699818936485743892, 1.000000000000000000),
 ( 1.000000000000000000, 0.7664288379861369238, 1.000000000000000000),
 ( 1.000000000000000000, 0.7583279707084985555, 1.000000000000000000),
 ( 1.000000000000000000, 0.7537272196014787040, 1.000000000000000000),
 ( 1.000000000000000000, 0.7443265434950351311, 1.000000000000000000),
 ( 1.000000000000000000, 0.7395055536119200523, 1.000000000000000000),
 ( 1.000000000000000000, 0.7301632258508453654, 1.000000000000000000),
 ( 1.000000000000000000, 0.7256748840592653904, 1.000000000000000000),
 ( 1.000000000000000000, 0.7179290835255368597, 1.000000000000000000),
 ( 1.000000000000000000, 0.7146183671395992532, 1.000000000000000000),
 ( 1.000000000000000000, 0.7121176950088936586, 1.000000000000000000) ) ) 
 REPRESENTATION_ITEM ( '' )  SURFACE ( )  );
#1519 = DIRECTION ( 'NONE',  ( 0.000000000000000000, 0.000000000000000000, 1.000000000000000000 ) ) ;
#1520 = ORIENTED_EDGE ( 'NONE', *, *, #175, .T. ) ;
#1521 = CARTESIAN_POINT ( 'NONE',  ( -14.34257784817805970, -2.139531958114014643, 83.42943308404557001 ) ) ;
#1522 = DIRECTION ( 'NONE',  ( 0.000000000000000000, 0.000000000000000000, -1.000000000000000000 ) ) ;
#1523 = FACE_OUTER_BOUND ( 'NONE', #1897, .T. ) ;
#1524 = CARTESIAN_POINT ( 'NONE',  ( -15.45580831576195457, 0.8616764676014547764, 82.87879550731700817 ) ) ;
#1525 = EDGE_CURVE ( 'NONE', #2014, #831, #1483, .T. ) ;
#1526 = DIRECTION ( 'NONE',  ( 0.000000000000000000, 0.000000000000000000, -1.000000000000000000 ) ) ;
#1527 = EDGE_CURVE ( 'NONE', #1819, #2138, #1990, .T. ) ;
#1528 = ORIENTED_EDGE ( 'NONE', *, *, #2101, .F. ) ;
#1529 = DIRECTION ( 'NONE',  ( 0.000000000000000000, 0.000000000000000000, 1.000000000000000000 ) ) ;
#1530 = DIRECTION ( 'NONE',  ( 0.000000000000000000, 0.000000000000000000, 1.000000000000000000 ) ) ;
#1531 = CARTESIAN_POINT ( 'NONE',  ( -17.29781069795926740, -1.212128693081171438, 48.47014601713554072 ) ) ;
#1532 = DIRECTION ( 'NONE',  ( 1.000000000000000000, 6.123233995736766036E-17, 0.000000000000000000 ) ) ;
#1533 = VERTEX_POINT ( 'NONE', #39 ) ;
#1534 = EDGE_CURVE ( 'NONE', #2148, #2085, #1146, .T. ) ;
#1535 = CARTESIAN_POINT ( 'NONE',  ( 14.05712995327422732, -3.556609152178178856, 44.04390733082136933 ) ) ;
#1536 = DIRECTION ( 'NONE',  ( -0.000000000000000000, -0.000000000000000000, 1.000000000000000000 ) ) ;
#1537 = B_SPLINE_CURVE_WITH_KNOTS ( 'NONE', 3,
 ( #17, #1475, #1311, #2204, #1299, #202, #2026, #932, #1863, #1672, #751, #1486, #1684, #31, #763, #1539, #620, #1718, #1357, #441, #1896, #67, #247, #797, #975, #2264, #2084, #144, #1809, #2342, #1983, #1079, #1862, #321, #517, #1056, #867, #1244, #212, #334 ),
 .UNSPECIFIED., .F., .F.,
 ( 4, 2, 2, 2, 2, 2, 2, 2, 2, 2, 2, 2, 2, 2, 2, 2, 2, 2, 2, 4 ),
 ( 0.000000000000000000, 0.001120232066333575003, 0.002240464132667150006, 0.003360696199000723708, 0.003920812232167510993, 0.004480928265334297410, 0.005601160331667856367, 0.006721392398001415323, 0.007281508431168194802, 0.007841624464334975148, 0.008961856530668511553, 0.01008208859700204969, 0.01120232066333558957, 0.01232255272966912771, 0.01344278479600266758, 0.01456301686233620572, 0.01512313289550297653, 0.01568324892866974560, 0.01680348099500328721, 0.01792371306133683229 ),
 .UNSPECIFIED. ) ;
#1538 = CARTESIAN_POINT ( 'NONE',  ( -14.47752939578634290, 0.8069340705053758001, 83.91290861688270297 ) ) ;
#1539 = CARTESIAN_POINT ( 'NONE',  ( 13.49350465525949083, -5.308590744386992633, 47.01458052831729617 ) ) ;
#1540 = DIRECTION ( 'NONE',  ( 1.000000000000000000, 0.000000000000000000, 0.000000000000000000 ) ) ;
#1541 = ORIENTED_EDGE ( 'NONE', *, *, #879, .T. ) ;
#1542 = CARTESIAN_POINT ( 'NONE',  ( -15.12647804048980937, 2.380127277765134330, 80.65964294715234928 ) ) ;
#1543 = CARTESIAN_POINT ( 'NONE',  ( 16.95424982756874854, 0.9187186695164574202, 39.39948433512511627 ) ) ;
#1544 = AXIS2_PLACEMENT_3D ( 'NONE', #169, #1458, #183 ) ;
#1545 = CARTESIAN_POINT ( 'NONE',  ( -14.06453443691736638, 3.527283625182972671, 60.73262074171735492 ) ) ;
#1546 = CARTESIAN_POINT ( 'NONE',  ( -19.10418919068934329, 0.8476338371945845163, 39.38814381007543375 ) ) ;
#1547 = CARTESIAN_POINT ( 'NONE',  ( -14.24189917254400761, -2.725047421387236213, 82.36618393260580717 ) ) ;
#1548 = ORIENTED_EDGE ( 'NONE', *, *, #1190, .F. ) ;
#1549 = CARTESIAN_POINT ( 'NONE',  ( 14.50000000000000000, 0.000000000000000000, 48.67499999999999716 ) ) ;
#1550 = DIRECTION ( 'NONE',  ( -1.000000000000000000, -0.000000000000000000, -0.000000000000000000 ) ) ;
#1551 = CARTESIAN_POINT ( 'NONE',  ( -17.81844618071323083, -1.380144855890975020, 50.50464880121019462 ) ) ;
#1552 = ORIENTED_EDGE ( 'NONE', *, *, #1024, .T. ) ;
#1553 = CARTESIAN_POINT ( 'NONE',  ( -14.18631463361750278, 3.000228938828821246, 79.57599038140554626 ) ) ;
#1554 = CARTESIAN_POINT ( 'NONE',  ( 18.44807038057552973, 1.317975444195711221, 39.48004931998011102 ) ) ;
#1555 = CARTESIAN_POINT ( 'NONE',  ( 16.65582816944030853, -0.3619819105238619161, 39.33584727061729325 ) ) ;
#1556 = CARTESIAN_POINT ( 'NONE',  ( -14.18450281279775815, -3.012368393379259768, 40.18698578633885887 ) ) ;
#1557 = CARTESIAN_POINT ( 'NONE',  ( -14.50000000000000000, 2.378730885826980773E-16, 84.02500000000000568 ) ) ;
#1558 = ORIENTED_EDGE ( 'NONE', *, *, #670, .F. ) ;
#1559 = EDGE_CURVE ( 'NONE', #2217, #1563, #37, .T. ) ;
#1560 = CARTESIAN_POINT ( 'NONE',  ( -14.15626761951075174, -3.138511994559275653, 81.07862020389849533 ) ) ;
#1561 = CARTESIAN_POINT ( 'NONE',  ( -15.38903643806013832, 1.310653387417587634, 78.66129055956179172 ) ) ;
#1562 = CARTESIAN_POINT ( 'NONE',  ( -16.62001454839405667, -0.1829452567645377115, 50.67275841882477039 ) ) ;
#1563 = VERTEX_POINT ( 'NONE', #1354 ) ;
#1564 = CARTESIAN_POINT ( 'NONE',  ( -14.48041667890145412, 0.8508588774487746420, 78.42669525723381696 ) ) ;
#1565 = CARTESIAN_POINT ( 'NONE',  ( 18.09041152585206902, 1.389100227201570004, 39.49763454864072543 ) ) ;
#1566 = CIRCLE ( 'NONE', #677, 5.674999999999999822 ) ;
#1567 = CARTESIAN_POINT ( 'NONE',  ( 16.68288370636637197, -0.4504399340410384367, 39.34228167614925553 ) ) ;
#1568 = CARTESIAN_POINT ( 'NONE',  ( -19.04625687709883053, 0.9181245866685443513, 48.55907897728398837 ) ) ;
#1569 = CARTESIAN_POINT ( 'NONE',  ( -14.47028502913530446, -0.9576269239006689471, 48.55624495115235817 ) ) ;
#1570 = VERTEX_POINT ( 'NONE', #1904 ) ;
#1571 = CARTESIAN_POINT ( 'NONE',  ( -14.44964104832694218, -1.223215691916292203, 83.76924410161234391 ) ) ;
#1572 = CARTESIAN_POINT ( 'NONE',  ( -14.00746193735195178, 3.750018674594094659, 49.26345359886826714 ) ) ;
#1573 = DIRECTION ( 'NONE',  ( 0.000000000000000000, 1.890134537989256790E-16, 1.000000000000000000 ) ) ;
#1574 = FACE_BOUND ( 'NONE', #2041, .T. ) ;
#1575 = ORIENTED_EDGE ( 'NONE', *, *, #760, .F. ) ;
#1576 = FACE_OUTER_BOUND ( 'NONE', #1242, .T. ) ;
#1577 = CARTESIAN_POINT ( 'NONE',  ( 17.63724508500541788, -1.343955277494539358, 48.42049446662215217 ) ) ;
#1578 = LINE ( 'NONE', #1384, #890 ) ;
#1579 = CARTESIAN_POINT ( 'NONE',  ( -13.42093410805098053, -5.489534066509102139, 46.48742983244818561 ) ) ;
#1580 = FACE_OUTER_BOUND ( 'NONE', #1778, .T. ) ;
#1581 = EDGE_LOOP ( 'NONE', ( #885, #1457, #1552, #998, #464, #680, #1828, #2193 ) ) ;
#1582 = CARTESIAN_POINT ( 'NONE',  ( -14.49999999999978861, -0.1352768698604829012, 77.27500000000105729 ) ) ;
#1583 = CARTESIAN_POINT ( 'NONE',  ( -13.85926400204793119, 4.271298624217119588, 41.24544146227234620 ) ) ;
#1584 = DIRECTION ( 'NONE',  ( 0.000000000000000000, 0.000000000000000000, -1.000000000000000000 ) ) ;
#1585 =( BOUNDED_SURFACE ( )  B_SPLINE_SURFACE ( 3, 2, ( 
 ( #2143, #1400, #2119 ),
 ( #499, #138, #871 ),
 ( #688, #281, #1606 ),
 ( #1248, #1779, #1197 ),
 ( #465, #639, #1378 ),
 ( #649, #315, #1049 ),
 ( #1791, #1424, #103 ),
 ( #1571, #833, #1941 ),
 ( #2154, #2298, #1237 ),
 ( #1025, #2107, #511 ),
 ( #292, #1014, #1389 ),
 ( #1211, #1976, #325 ),
 ( #1765, #127, #115 ),
 ( #1801, #858, #847 ),
 ( #2312, #1060, #663 ),
 ( #2133, #1595, #488 ),
 ( #2324, #674, #1223 ),
 ( #820, #1953, #303 ),
 ( #1560, #2285, #2209 ),
 ( #735, #1460, #1272 ),
 ( #1294, #565, #197 ),
 ( #2347, #348, #1835 ),
 ( #1071, #1999, #1814 ),
 ( #1987, #927, #1082 ),
 ( #903, #534, #1120 ),
 ( #1644, #1633, #1304 ),
 ( #337, #185, #1618 ),
 ( #913, #700, #385 ),
 ( #2371, #1824, #722 ),
 ( #160, #1667, #172 ),
 ( #2188, #543, #148 ),
 ( #1283, #2359, #2033 ),
 ( #892, #1655, #1437 ),
 ( #2, #2166, #882 ) ),
 .UNSPECIFIED., .F., .F., .F. ) 
 B_SPLINE_SURFACE_WITH_KNOTS ( ( 4, 2, 2, 2, 2, 2, 2, 2, 2, 2, 2, 2, 2, 2, 2, 2, 4 ),
 ( 3, 3 ),
 ( 0.000000000000000000, 0.0006611641006287672555, 0.001322328201257534511, 0.001983492301886301875, 0.002644656402515069022, 0.003305820503143836603, 0.003966984603772603750, 0.004628148704401370897, 0.005289312805030138044, 0.005950476905658905191, 0.006611641006287673206, 0.007272805106916440353, 0.007933969207545207500, 0.008595133308173973780, 0.009256297408802741794, 0.009917461509431509808, 0.01057862561006027609 ),
 ( 0.000000000000000000, 1.000000000000000000 ),
 .UNSPECIFIED. ) 
 GEOMETRIC_REPRESENTATION_ITEM ( )  RATIONAL_B_SPLINE_SURFACE ( (
 ( 1.000000000000000000, 0.7121176950088936586, 1.000000000000000000),
 ( 1.000000000000000000, 0.7096170275308615327, 1.000000000000000000),
 ( 1.000000000000000000, 0.7080209523982917696, 1.000000000000000000),
 ( 1.000000000000000000, 0.7067806348069013422, 1.000000000000000000),
 ( 1.000000000000000000, 0.7071582972491385899, 1.000000000000000000),
 ( 1.000000000000000000, 0.7098603198769481981, 1.000000000000000000),
 ( 1.000000000000000000, 0.7121511853982148699, 1.000000000000000000),
 ( 1.000000000000000000, 0.7182854813951492501, 1.000000000000000000),
 ( 1.000000000000000000, 0.7221573908527806340, 1.000000000000000000),
 ( 1.000000000000000000, 0.7306569483471937465, 1.000000000000000000),
 ( 1.000000000000000000, 0.7353144117840180183, 1.000000000000000000),
 ( 1.000000000000000000, 0.7449084698077579336, 1.000000000000000000),
 ( 1.000000000000000000, 0.7497271119031715392, 1.000000000000000000),
 ( 1.000000000000000000, 0.7587678154649976081, 1.000000000000000000),
 ( 1.000000000000000000, 0.7630486093753096055, 1.000000000000000000),
 ( 1.000000000000000000, 0.7704001039296549669, 1.000000000000000000),
 ( 1.000000000000000000, 0.7734429205777735294, 1.000000000000000000),
 ( 1.000000000000000000, 0.7779832584122086114, 1.000000000000000000),
 ( 1.000000000000000000, 0.7794745126407828240, 1.000000000000000000),
 ( 1.000000000000000000, 0.7805990899080724743, 1.000000000000000000),
 ( 1.000000000000000000, 0.7802671036050036202, 1.000000000000000000),
 ( 1.000000000000000000, 0.7778206664917933777, 1.000000000000000000),
 ( 1.000000000000000000, 0.7756976460969127185, 1.000000000000000000),
 ( 1.000000000000000000, 0.7700416370384557396, 1.000000000000000000),
 ( 1.000000000000000000, 0.7664719532737571672, 1.000000000000000000),
 ( 1.000000000000000000, 0.7582997844693619705, 1.000000000000000000),
 ( 1.000000000000000000, 0.7537886534835998020, 1.000000000000000000),
 ( 1.000000000000000000, 0.7444069193116047423, 1.000000000000000000),
 ( 1.000000000000000000, 0.7394842258831316739, 1.000000000000000000),
 ( 1.000000000000000000, 0.7301701507059911167, 1.000000000000000000),
 ( 1.000000000000000000, 0.7257561327009127705, 1.000000000000000000),
 ( 1.000000000000000000, 0.7179568959383915150, 1.000000000000000000),
 ( 1.000000000000000000, 0.7145710705567062115, 1.000000000000000000),
 ( 1.000000000000000000, 0.7121166873880887538, 1.000000000000000000) ) ) 
 REPRESENTATION_ITEM ( '' )  SURFACE ( )  );
#1586 = CARTESIAN_POINT ( 'NONE',  ( 17.63869395382377192, 1.344332680325448282, 50.51350448114011726 ) ) ;
#1587 = ORIENTED_EDGE ( 'NONE', *, *, #323, .F. ) ;
#1588 = EDGE_CURVE ( 'NONE', #1358, #1563, #949, .T. ) ;
#1589 = CARTESIAN_POINT ( 'NONE',  ( -14.42370566070121640, 1.619038153908753053, 78.90283388738734516 ) ) ;
#1590 = CARTESIAN_POINT ( 'NONE',  ( 18.70099456893859369, 1.213024351531102774, 39.45569156269138489 ) ) ;
#1591 = DIRECTION ( 'NONE',  ( 0.000000000000000000, -1.000000000000000000, 0.000000000000000000 ) ) ;
#1592 = CARTESIAN_POINT ( 'NONE',  ( -17.81691922157671826, 1.379990569321317029, 48.40611609826028428 ) ) ;
#1593 = CARTESIAN_POINT ( 'NONE',  ( 12.50000000000000000, 1.530808498934191521E-15, 0.000000000000000000 ) ) ;
#1594 = CARTESIAN_POINT ( 'NONE',  ( -17.38214002723796980, -1.247440982781003127, 39.46368209393040161 ) ) ;
#1595 = CARTESIAN_POINT ( 'NONE',  ( -14.35616978319717596, -2.177491567934313643, 81.61434456748969524 ) ) ;
#1596 = CARTESIAN_POINT ( 'NONE',  ( -14.18531825820510051, 3.008558384887295212, 40.18457826359671259 ) ) ;
#1597 = CARTESIAN_POINT ( 'NONE',  ( 18.69985713166315833, 1.213424186009619321, 50.54421304555344818 ) ) ;
#1598 = AXIS2_PLACEMENT_3D ( 'NONE', #65, #1905, #2287 ) ;
#1599 = ORIENTED_EDGE ( 'NONE', *, *, #819, .T. ) ;
#1600 = EDGE_CURVE ( 'NONE', #668, #1055, #602, .T. ) ;
#1601 = CARTESIAN_POINT ( 'NONE',  ( -14.46617933354649388, 1.102747253970089769, 82.76045743070478977 ) ) ;
#1602 = CARTESIAN_POINT ( 'NONE',  ( 16.64792815419279393, -0.3667339268985219114, 48.66059217231273948 ) ) ;
#1603 = CARTESIAN_POINT ( 'NONE',  ( -13.85932619459882353, -4.271133579817793624, 48.75481747480854722 ) ) ;
#1604 = CARTESIAN_POINT ( 'NONE',  ( -14.20324215960855518, -2.921758934929960194, 47.24210622001989179 ) ) ;
#1605 = CARTESIAN_POINT ( 'NONE',  ( -19.31711629363362093, -0.4504399340410424335, 39.34228167614926264 ) ) ;
#1606 = CARTESIAN_POINT ( 'NONE',  ( -15.49563483324152457, 0.3016314876998946182, 83.01087094730904425 ) ) ;
#1607 = CYLINDRICAL_SURFACE ( 'NONE', #555, 1.389062499999999645 ) ;
#1608 = EDGE_CURVE ( 'NONE', #2069, #476, #1507, .T. ) ;
#1609 = CARTESIAN_POINT ( 'NONE',  ( 16.61093749999999858, -1.104932226394104163E-21, 50.67499999999999716 ) ) ;
#1610 = ORIENTED_EDGE ( 'NONE', *, *, #2155, .T. ) ;
#1611 = CARTESIAN_POINT ( 'NONE',  ( -15.26851123010148115, 1.880929105575867677, 82.10831345674009185 ) ) ;
#1612 = STYLED_ITEM ( 'NONE', ( #532 ), #725 ) ;
#1613 = ORIENTED_EDGE ( 'NONE', *, *, #244, .T. ) ;
#1614 = DIRECTION ( 'NONE',  ( 0.000000000000000000, -1.000000000000000000, 0.000000000000000000 ) ) ;
#1615 = LINE ( 'NONE', #1629, #505 ) ;
#1616 = DIRECTION ( 'NONE',  ( 1.000000000000000000, 0.000000000000000000, 0.000000000000000000 ) ) ;
#1617 = CARTESIAN_POINT ( 'NONE',  ( -18.18155381928677627, -1.380144855890975464, 39.49535119878981249 ) ) ;
#1618 = CARTESIAN_POINT ( 'NONE',  ( -15.26819354381354898, -1.882189842724581341, 79.19334166465652913 ) ) ;
#1619 = EDGE_CURVE ( 'NONE', #1498, #118, #2102, .T. ) ;
#1620 = CARTESIAN_POINT ( 'NONE',  ( -13.42431342843714326, 5.480993337019523182, 46.48298188841965128 ) ) ;
#1621 = VECTOR ( 'NONE', #2039, 1000.000000000000000 ) ;
#1622 = CARTESIAN_POINT ( 'NONE',  ( 16.65582777518519109, 0.3619601185788609565, 50.66415285866904128 ) ) ;
#1623 = B_SPLINE_CURVE_WITH_KNOTS ( 'NONE', 3,
 ( #1440, #2146, #1392, #2350, #1956, #884, #2122, #1016, #2300, #502, #284, #1770, #1968, #679, #651, #307, #703, #667 ),
 .UNSPECIFIED., .F., .F.,
 ( 4, 2, 2, 2, 2, 2, 2, 2, 4 ),
 ( 0.01126490692668770388, 0.01181081016427167410, 0.01235671340185564258, 0.01290261663943961107, 0.01344851987702358129, 0.01399442311460755151, 0.01454032635219151999, 0.01508622958977548847, 0.01563213282735945869 ),
 .UNSPECIFIED. ) ;
#1624 = ORIENTED_EDGE ( 'NONE', *, *, #56, .T. ) ;
#1625 = CARTESIAN_POINT ( 'NONE',  ( -14.33419827629610666, 2.325929015137224720, 81.15950842079286076 ) ) ;
#1626 = CIRCLE ( 'NONE', #1005, 5.674999999999999822 ) ;
#1627 = EDGE_LOOP ( 'NONE', ( #1340, #1808 ) ) ;
#1628 = DIRECTION ( 'NONE',  ( -1.000000000000000000, -0.000000000000000000, -0.000000000000000000 ) ) ;
#1629 = CARTESIAN_POINT ( 'NONE',  ( 22.24999999999992539, 0.000000000000000000, 48.67499999999999716 ) ) ;
#1630 = B_SPLINE_CURVE_WITH_KNOTS ( 'NONE', 3,
 ( #1557, #626, #1167, #240, #970, #2283, #590, #1182, #411, #1144, #806, #636, #1547, #1376, #983, #1880, #1902, #228, #1699, #423, #50, #2271, #1364, #2105, #1713, #463, #2090, #1724, #793, #2245, #1195, #1916, #781, #603 ),
 .UNSPECIFIED., .F., .F.,
 ( 4, 2, 2, 2, 2, 2, 2, 2, 2, 2, 2, 2, 2, 2, 2, 2, 4 ),
 ( 1.357212694622437389E-19, 0.0005977246532803657825, 0.001195449306560731565, 0.001793173959841096914, 0.002390898613121462263, 0.002988623266401827828, 0.003586347919682193394, 0.004184072572962559827, 0.004781797226242924526, 0.005379521879523290091, 0.005977246532803655657, 0.006574971186084021223, 0.007172695839364386788, 0.007770420492644753221, 0.008368145145925119655, 0.008965869799205484353, 0.009563594452485849051 ),
 .UNSPECIFIED. ) ;
#1631 = FILL_AREA_STYLE_COLOUR ( '', #799 ) ;
#1632 = CARTESIAN_POINT ( 'NONE',  ( -22.24999999999992539, 0.000000000000000000, 45.00000000000000000 ) ) ;
#1633 = CARTESIAN_POINT ( 'NONE',  ( -14.38970900970867461, -1.923161043607532594, 79.24402329211683593 ) ) ;
#1634 = ADVANCED_FACE ( 'NONE', ( #1037 ), #1585, .F. ) ;
#1635 = PLANE ( 'NONE',  #1170 ) ;
#1636 = CARTESIAN_POINT ( 'NONE',  ( 19.38906249999999787, 0.000000000000000000, 50.67499999999999716 ) ) ;
#1637 = CARTESIAN_POINT ( 'NONE',  ( 14.07499987742182945, 3.486190398849584149, 43.81226376180787696 ) ) ;
#1638 = ORIENTED_EDGE ( 'NONE', *, *, #2025, .T. ) ;
#1639 = CARTESIAN_POINT ( 'NONE',  ( -14.48718998400428148, 0.6964548858072323601, 82.92609112216969436 ) ) ;
#1640 = ORIENTED_EDGE ( 'NONE', *, *, #802, .T. ) ;
#1641 = EDGE_CURVE ( 'NONE', #524, #1757, #12, .T. ) ;
#1642 = CARTESIAN_POINT ( 'NONE',  ( -14.15089726129508918, 3.162627502062869134, 80.63663026433377468 ) ) ;
#1643 = UNCERTAINTY_MEASURE_WITH_UNIT (LENGTH_MEASURE( 1.000000000000000082E-05 ), #1960, 'distance_accuracy_value', 'NONE');
#1644 = CARTESIAN_POINT ( 'NONE',  ( -14.26124797880885886, -2.622621851352152422, 78.75783462457752648 ) ) ;
#1645 = CARTESIAN_POINT ( 'NONE',  ( -11.50000000000000355, -7.041719095097282852E-16, 80.65000000000000568 ) ) ;
#1646 = AXIS2_PLACEMENT_3D ( 'NONE', #2097, #1540, #1201 ) ;
#1647 = LINE ( 'NONE', #364, #1393 ) ;
#1648 = CARTESIAN_POINT ( 'NONE',  ( -22.24999999999992539, 0.000000000000000000, 45.00000000000000000 ) ) ;
#1649 = ORIENTED_EDGE ( 'NONE', *, *, #230, .T. ) ;
#1650 = CARTESIAN_POINT ( 'NONE',  ( -14.38963038546998874, 1.923764358976879807, 82.05497790320261231 ) ) ;
#1651 = CYLINDRICAL_SURFACE ( 'NONE', #1760, 14.50000000000000000 ) ;
#1652 = ORIENTED_EDGE ( 'NONE', *, *, #2029, .F. ) ;
#1653 = DIRECTION ( 'NONE',  ( 0.000000000000000000, 0.000000000000000000, -1.000000000000000000 ) ) ;
#1654 = CARTESIAN_POINT ( 'NONE',  ( 17.29630127086585034, 1.211584288714742552, 48.47035400996698229 ) ) ;
#1655 = CARTESIAN_POINT ( 'NONE',  ( -14.48725286571469617, -0.6944313189458769520, 78.37342233766756294 ) ) ;
#1656 = B_SPLINE_CURVE_WITH_KNOTS ( 'NONE', 3,
 ( #1538, #1906, #1744, #440, #455, #66 ),
 .UNSPECIFIED., .F., .F.,
 ( 4, 2, 4 ),
 ( 0.01995720322586997525, 0.02036847188586311461, 0.02077974054585625049 ),
 .UNSPECIFIED. ) ;
#1657 = CARTESIAN_POINT ( 'NONE',  ( -18.85517769948478417, -1.109338759977162914, 41.49393589178119157 ) ) ;
#1658 = DIRECTION ( 'NONE',  ( -1.000000000000000000, -0.000000000000000000, -0.000000000000000000 ) ) ;
#1659 = DIRECTION ( 'NONE',  ( 0.000000000000000000, 1.000000000000000000, 0.000000000000000000 ) ) ;
#1660 = VECTOR ( 'NONE', #766, 1000.000000000000000 ) ;
#1661 = VERTEX_POINT ( 'NONE', #1260 ) ;
#1662 = CARTESIAN_POINT ( 'NONE',  ( -18.00000000000000355, -1.102182119232618108E-15, 80.65000000000000568 ) ) ;
#1663 = EDGE_CURVE ( 'NONE', #476, #653, #1298, .T. ) ;
#1664 = ORIENTED_EDGE ( 'NONE', *, *, #760, .T. ) ;
#1665 = CARTESIAN_POINT ( 'NONE',  ( -14.36096325349395286, 2.009348956703854938, 83.26141476121453877 ) ) ;
#1666 = CARTESIAN_POINT ( 'NONE',  ( 19.38906249999999787, 4.500981335718804317E-16, 41.32500000000000284 ) ) ;
#1667 = CARTESIAN_POINT ( 'NONE',  ( -14.45696658558614267, -1.235703485653542488, 78.61375494087209859 ) ) ;
#1668 = CARTESIAN_POINT ( 'NONE',  ( -14.45739441474696108, 1.130895818566401090, 83.97017970620871097 ) ) ;
#1669 = CARTESIAN_POINT ( 'NONE',  ( 14.30816134775324677, 2.357255981213554730, 39.83438765745033550 ) ) ;
#1670 = CARTESIAN_POINT ( 'NONE',  ( -15.22889990095029056, -2.037355605920422974, 79.40256324712737523 ) ) ;
#1671 = CYLINDRICAL_SURFACE ( 'NONE', #41, 0.8750000000000008882 ) ;
#1672 = CARTESIAN_POINT ( 'NONE',  ( 14.00746193735195178, -3.750018674594099544, 49.26345359886826003 ) ) ;
#1673 = CARTESIAN_POINT ( 'NONE',  ( -19.37996183486986723, 0.1830831278621428970, 50.67275270940857723 ) ) ;
#1674 = EDGE_LOOP ( 'NONE', ( #1952, #329 ) ) ;
#1675 = FACE_OUTER_BOUND ( 'NONE', #586, .T. ) ;
#1676 = CARTESIAN_POINT ( 'NONE',  ( 16.79555640052607401, -0.6977894424966821774, 41.39104339912694996 ) ) ;
#1677 = CARTESIAN_POINT ( 'NONE',  ( -19.24703728716204765, -0.6186008312700098655, 48.62355612180022746 ) ) ;
#1678 = EDGE_CURVE ( 'NONE', #1533, #1819, #1094, .T. ) ;
#1679 = CARTESIAN_POINT ( 'NONE',  ( -16.61093749999999858, -0.1825832779282619833, 41.32500000000000995 ) ) ;
#1680 = CARTESIAN_POINT ( 'NONE',  ( 13.46615338697580988, 5.379231370763838171, 46.84568894284994656 ) ) ;
#1681 = CARTESIAN_POINT ( 'NONE',  ( 14.14607944119201477, 3.186987033369562461, 43.15453520895336936 ) ) ;
#1682 = EDGE_CURVE ( 'NONE', #2069, #418, #873, .T. ) ;
#1683 = CARTESIAN_POINT ( 'NONE',  ( 9.144713687814371994, 0.000000000000000000, 55.99999999999999289 ) ) ;
#1684 = CARTESIAN_POINT ( 'NONE',  ( 13.78312464067163567, -4.508131912864150159, 48.46703147169569803 ) ) ;
#1685 = EDGE_LOOP ( 'NONE', ( #540, #2380, #1624, #1381 ) ) ;
#1686 = DIRECTION ( 'NONE',  ( -0.000000000000000000, -0.000000000000000000, -1.000000000000000000 ) ) ;
#1687 = CARTESIAN_POINT ( 'NONE',  ( 19.35207184580720607, -0.3667339268985225775, 41.33940782768726763 ) ) ;
#1688 = CARTESIAN_POINT ( 'NONE',  ( 14.50000000000000000, 6.948994411183992785E-16, 39.32499999999999574 ) ) ;
#1689 = CYLINDRICAL_SURFACE ( 'NONE', #352, 0.9999999999999991118 ) ;
#1690 = EDGE_CURVE ( 'NONE', #487, #1042, #1043, .T. ) ;
#1691 = DIRECTION ( 'NONE',  ( 1.000000000000000000, 0.000000000000000000, 0.000000000000000000 ) ) ;
#1692 = LINE ( 'NONE', #641, #2210 ) ;
#1693 = CARTESIAN_POINT ( 'NONE',  ( -16.79608652551654302, 0.6987508627261334038, 41.39122385272816729 ) ) ;
#1694 = ORIENTED_EDGE ( 'NONE', *, *, #670, .T. ) ;
#1695 = CIRCLE ( 'NONE', #310, 0.8750000000000006661 ) ;
#1696 = CARTESIAN_POINT ( 'NONE',  ( -14.11934267743605353, 3.301980269609751772, 46.63088132134792829 ) ) ;
#1697 = CARTESIAN_POINT ( 'NONE',  ( 19.31689738406092260, 0.4511670093499085543, 48.64818771086731175 ) ) ;
#1698 = CARTESIAN_POINT ( 'NONE',  ( -16.75281011019766098, -0.6183607686540808501, 48.62360753439152461 ) ) ;
#1699 = CARTESIAN_POINT ( 'NONE',  ( -14.15090575430170539, -3.162589212977958919, 80.66364013479558537 ) ) ;
#1700 = ORIENTED_EDGE ( 'NONE', *, *, #574, .F. ) ;
#1701 = EDGE_CURVE ( 'NONE', #1757, #831, #1157, .T. ) ;
#1702 = CARTESIAN_POINT ( 'NONE',  ( 14.47026821585516210, -0.9578698971306397469, 41.44382332813042069 ) ) ;
#1703 = EDGE_CURVE ( 'NONE', #1210, #2266, #218, .T. ) ;
#1704 = CARTESIAN_POINT ( 'NONE',  ( -15.49643002583422913, 0.2951082121554847726, 78.28629364936564627 ) ) ;
#1705 = CARTESIAN_POINT ( 'NONE',  ( 19.24747816238745912, 0.6176430720759296111, 41.37629031578818939 ) ) ;
#1706 = LINE ( 'NONE', #392, #1621 ) ;
#1707 = DIRECTION ( 'NONE',  ( 0.000000000000000000, 0.000000000000000000, 1.000000000000000000 ) ) ;
#1708 = ORIENTED_EDGE ( 'NONE', *, *, #1095, .T. ) ;
#1709 = DIRECTION ( 'NONE',  ( 1.000000000000000000, 6.123233995736767268E-17, 6.123233995736764803E-17 ) ) ;
#1710 = LINE ( 'NONE', #2076, #390 ) ;
#1711 = CIRCLE ( 'NONE', #295, 0.9999999999999941158 ) ;
#1712 = CARTESIAN_POINT ( 'NONE',  ( -14.42825586082452460, -1.487133345579662480, 39.51047743579930227 ) ) ;
#1713 = CARTESIAN_POINT ( 'NONE',  ( -14.23960944900943559, -2.737615038804867673, 78.95684483348378535 ) ) ;
#1714 = ORIENTED_EDGE ( 'NONE', *, *, #2363, .T. ) ;
#1715 = CARTESIAN_POINT ( 'NONE',  ( -14.17897894096779510, -3.036991698136382922, 82.40465158106077581 ) ) ;
#1716 = FACE_OUTER_BOUND ( 'NONE', #2170, .T. ) ;
#1717 = CARTESIAN_POINT ( 'NONE',  ( -18.36451075934100174, -1.352807386680895618, 50.51187237015660259 ) ) ;
#1718 = CARTESIAN_POINT ( 'NONE',  ( 13.42431342843714503, -5.480993337019524958, 46.48298188841964418 ) ) ;
#1719 = AXIS2_PLACEMENT_3D ( 'NONE', #80, #1741, #1691 ) ;
#1720 = EDGE_LOOP ( 'NONE', ( #1013, #266, #1065, #765 ) ) ;
#1721 = CARTESIAN_POINT ( 'NONE',  ( -18.00000000000000355, 2.375000000000000888, 80.65000000000000568 ) ) ;
#1722 = CARTESIAN_POINT ( 'NONE',  ( 17.64008763452802953, -1.344702458434688941, 39.48658603529656830 ) ) ;
#1723 = CARTESIAN_POINT ( 'NONE',  ( -19.38906249999999432, -0.1825832779282627050, 48.67500000000001847 ) ) ;
#1724 = CARTESIAN_POINT ( 'NONE',  ( -14.33983422765413174, -2.153288795197541905, 78.17345316804600941 ) ) ;
#1725 = EDGE_LOOP ( 'NONE', ( #840, #503, #2118, #561, #153, #2206, #1052, #1388, #141, #2365, #451, #381, #2028, #1150 ) ) ;
#1726 = CARTESIAN_POINT ( 'NONE',  ( 14.14575103389729982, -3.188511639187897373, 46.84318864630436963 ) ) ;
#1727 = AXIS2_PLACEMENT_3D ( 'NONE', #62, #1352, #77 ) ;
#1728 = FACE_OUTER_BOUND ( 'NONE', #1961, .T. ) ;
#1729 = CARTESIAN_POINT ( 'NONE',  ( 19.35187026762470808, 0.3670174563443840965, 41.33947509959655520 ) ) ;
#1730 = CARTESIAN_POINT ( 'NONE',  ( 0.000000000000000000, 0.000000000000000000, 60.00000000000000000 ) ) ;
#1731 = VERTEX_POINT ( 'NONE', #1688 ) ;
#1732 = CARTESIAN_POINT ( 'NONE',  ( -14.41176212002308965, 1.732561869803804777, 79.01474503750831957 ) ) ;
#1733 = ADVANCED_FACE ( 'NONE', ( #49 ), #449, .F. ) ;
#1734 = CARTESIAN_POINT ( 'NONE',  ( 16.75228206440639767, 0.6172335476848722635, 39.35803465806012724 ) ) ;
#1735 = AXIS2_PLACEMENT_3D ( 'NONE', #1820, #1278, #355 ) ;
#1736 = CARTESIAN_POINT ( 'NONE',  ( 17.55143963339622815, -1.317769220475679237, 39.48000156249896975 ) ) ;
#1737 = CARTESIAN_POINT ( 'NONE',  ( -18.09079753961701797, 1.389113991233730250, 48.40235026451989597 ) ) ;
#1738 = B_SPLINE_CURVE_WITH_KNOTS ( 'NONE', 3,
 ( #1403, #1755, #1979, #294, #2315, #478, #1943, #861, #140, #850, #1597, #1064, #117, #1783, #1241, #1586, #874, #1200, #317, #1214, #1933, #690, #130, #1415, #1622, #2135, #1051, #1609 ),
 .UNSPECIFIED., .F., .F.,
 ( 4, 2, 2, 2, 2, 2, 2, 2, 2, 2, 2, 2, 2, 4 ),
 ( 0.000000000000000000, 0.0002724660938709446171, 0.0005449321877418891258, 0.0008173982816128338514, 0.001089864375483778252, 0.001634796563225660113, 0.002179728750967542192, 0.002452194844838483014, 0.002724660938709423837, 0.003269593126451295940, 0.003542059220322237197, 0.003814525314193178453, 0.004086991408064119709, 0.004359457501935060098 ),
 .UNSPECIFIED. ) ;
#1739 = CARTESIAN_POINT ( 'NONE',  ( 0.000000000000000000, 0.000000000000000000, 0.000000000000000000 ) ) ;
#1740 = ORIENTED_EDGE ( 'NONE', *, *, #2021, .F. ) ;
#1741 = DIRECTION ( 'NONE',  ( 0.000000000000000000, 0.000000000000000000, 1.000000000000000000 ) ) ;
#1742 = AXIS2_PLACEMENT_3D ( 'NONE', #1207, #1530, #1165 ) ;
#1743 = CARTESIAN_POINT ( 'NONE',  ( -14.48517161414903320, 0.7510514003676906913, 50.63741068784797505 ) ) ;
#1744 = CARTESIAN_POINT ( 'NONE',  ( -14.49049240377986969, 0.5419687740647298746, 83.97806249488019148 ) ) ;
#1745 = CARTESIAN_POINT ( 'NONE',  ( -16.89581080931066026, 0.8476338371945842942, 50.61185618992457336 ) ) ;
#1746 = EDGE_LOOP ( 'NONE', ( #2229, #1980, #2057, #731 ) ) ;
#1747 = CARTESIAN_POINT ( 'NONE',  ( -14.32581182259966646, 2.246156222187750906, 78.26806548666769459 ) ) ;
#1748 = CARTESIAN_POINT ( 'NONE',  ( 18.18286632830382032, 1.379975478176036940, 39.49530839205538513 ) ) ;
#1749 = CARTESIAN_POINT ( 'NONE',  ( -15.12809885610217897, -2.375000000000003553, 80.65000000000000568 ) ) ;
#1750 = CARTESIAN_POINT ( 'NONE',  ( -14.42915672207855238, -1.477261716557723537, 50.49187550833450899 ) ) ;
#1751 = DIRECTION ( 'NONE',  ( 0.000000000000000000, 0.000000000000000000, -1.000000000000000000 ) ) ;
#1752 = ORIENTED_EDGE ( 'NONE', *, *, #1678, .T. ) ;
#1753 = CARTESIAN_POINT ( 'NONE',  ( -14.50000000000000000, -2.305469107485036917E-11, 77.27499999999999147 ) ) ;
#1754 = FACE_BOUND ( 'NONE', #78, .T. ) ;
#1755 = CARTESIAN_POINT ( 'NONE',  ( 19.38906249999999787, 0.09215575730399561127, 50.67499999999999005 ) ) ;
#1756 = ADVANCED_BREP_SHAPE_REPRESENTATION ( 'MotorMount', ( #725, #1386 ), #1074 ) ;
#1757 = VERTEX_POINT ( 'NONE', #422 ) ;
#1758 = CARTESIAN_POINT ( 'NONE',  ( -14.49150796585895407, 0.5746886521795897540, 78.34036486926559917 ) ) ;
#1759 = CARTESIAN_POINT ( 'NONE',  ( 16.65552777938372131, 0.3607325388313166736, 39.33577552746525186 ) ) ;
#1760 = AXIS2_PLACEMENT_3D ( 'NONE', #1089, #393, #1115 ) ;
#1761 = CARTESIAN_POINT ( 'NONE',  ( 9.144713687814371994, 0.000000000000000000, 55.99999999999999289 ) ) ;
#1762 = CARTESIAN_POINT ( 'NONE',  ( -14.27912745764293589, -2.526716516841512661, 39.91512774213111214 ) ) ;
#1763 = CARTESIAN_POINT ( 'NONE',  ( -14.14607944119201477, -3.186987033369562461, 43.15453520895337647 ) ) ;
#1764 = VERTEX_POINT ( 'NONE', #947 ) ;
#1765 = CARTESIAN_POINT ( 'NONE',  ( -14.30270220482462129, -2.387181914696359097, 82.86967070963841309 ) ) ;
#1766 = EDGE_CURVE ( 'NONE', #955, #1842, #811, .T. ) ;
#1767 = CARTESIAN_POINT ( 'NONE',  ( -14.49443848739768548, 0.4599970300097199205, 84.12715838124006495 ) ) ;
#1768 = EDGE_CURVE ( 'NONE', #299, #615, #1361, .T. ) ;
#1769 = CARTESIAN_POINT ( 'NONE',  ( 19.38906249999999787, 2.374475332909297259E-15, 60.00000000000000000 ) ) ;
#1770 = CARTESIAN_POINT ( 'NONE',  ( -15.45712762752295966, -0.8274613555743220994, 82.88359109164900929 ) ) ;
#1771 = ORIENTED_EDGE ( 'NONE', *, *, #395, .F. ) ;
#1772 = CARTESIAN_POINT ( 'NONE',  ( -15.13258446054752326, 2.360827332218617070, 80.34735639401934293 ) ) ;
#1773 = CARTESIAN_POINT ( 'NONE',  ( 18.85370579658152934, 1.110777502179800091, 39.43323346446405253 ) ) ;
#1774 = CARTESIAN_POINT ( 'NONE',  ( -10.50000000000000000, -4.499999999999996447, 60.00000000000000000 ) ) ;
#1775 = CARTESIAN_POINT ( 'NONE',  ( -17.29867330013177806, 1.212550613623794460, 48.46999286804300766 ) ) ;
#1776 = CIRCLE ( 'NONE', #2037, 2.375000000000002220 ) ;
#1777 = CARTESIAN_POINT ( 'NONE',  ( -14.49402207575097457, -0.4800871513370620902, 41.34836625268992805 ) ) ;
#1778 = EDGE_LOOP ( 'NONE', ( #1218, #285, #800, #1476, #591, #1399, #1714, #1188 ) ) ;
#1779 = CARTESIAN_POINT ( 'NONE',  ( -14.50053764838256321, -0.007574292530300541157, 83.02913915028902636 ) ) ;
#1780 = CARTESIAN_POINT ( 'NONE',  ( -13.49350465525949438, 5.308590744386994409, 47.01458052831730328 ) ) ;
#1781 = CARTESIAN_POINT ( 'NONE',  ( 19.10920367079975435, -0.8553751705596180921, 50.61165695286701549 ) ) ;
#1782 = EDGE_CURVE ( 'NONE', #831, #1757, #2302, .T. ) ;
#1783 = CARTESIAN_POINT ( 'NONE',  ( 17.90958847414792743, 1.389100227201570004, 50.50236545135927457 ) ) ;
#1784 = ORIENTED_EDGE ( 'NONE', *, *, #1703, .F. ) ;
#1785 = CARTESIAN_POINT ( 'NONE',  ( -14.44943210117480525, 1.225569989042042840, 77.53186252696319514 ) ) ;
#1786 = ORIENTED_EDGE ( 'NONE', *, *, #420, .T. ) ;
#1787 = FACE_OUTER_BOUND ( 'NONE', #1215, .T. ) ;
#1788 = CARTESIAN_POINT ( 'NONE',  ( -14.08276305223239788, -3.456522502092633786, 49.50469132468079181 ) ) ;
#1789 = EDGE_CURVE ( 'NONE', #118, #2006, #382, .T. ) ;
#1790 = CYLINDRICAL_SURFACE ( 'NONE', #1305, 3.674999999999997602 ) ;
#1791 = CARTESIAN_POINT ( 'NONE',  ( -14.47741497101533525, -0.8323693960413623971, 83.91308735620262382 ) ) ;
#1792 = CARTESIAN_POINT ( 'NONE',  ( -13.85837259861422055, 4.274117008174281196, 48.75122875755074148 ) ) ;
#1793 = FACE_OUTER_BOUND ( 'NONE', #658, .T. ) ;
#1794 = VERTEX_POINT ( 'NONE', #1797 ) ;
#1795 = CARTESIAN_POINT ( 'NONE',  ( -14.26110957627904163, 2.623337039354099787, 82.54080224875016825 ) ) ;
#1796 = DIRECTION ( 'NONE',  ( -0.000000000000000000, -0.000000000000000000, -1.000000000000000000 ) ) ;
#1797 = CARTESIAN_POINT ( 'NONE',  ( -22.24999999999992539, 4.500576986866516892E-16, 41.32500000000000284 ) ) ;
#1798 = VECTOR ( 'NONE', #246, 1000.000000000000000 ) ;
#1799 = CARTESIAN_POINT ( 'NONE',  ( -14.32655139861575400, -2.245173403979149551, 47.91939345724021138 ) ) ;
#1800 = CARTESIAN_POINT ( 'NONE',  ( -16.61093749999999858, 6.949859535785205890E-16, 39.32499999999999574 ) ) ;
#1801 = CARTESIAN_POINT ( 'NONE',  ( -14.25898319187076346, -2.635778099100050120, 82.52084937168180545 ) ) ;
#1802 = PLANE ( 'NONE',  #2203 ) ;
#1803 = CARTESIAN_POINT ( 'NONE',  ( 18.35991236547196692, -1.344702458434689829, 50.51341396470342460 ) ) ;
#1804 = CARTESIAN_POINT ( 'NONE',  ( 0.000000000000000000, 0.000000000000000000, 55.99999999999999289 ) ) ;
#1805 = ORIENTED_EDGE ( 'NONE', *, *, #242, .F. ) ;
#1806 = CARTESIAN_POINT ( 'NONE',  ( -14.35134755665032458, 2.077566756263892866, 83.20091925370540764 ) ) ;
#1807 = PRODUCT_CONTEXT ( 'NONE', #665, 'mechanical' ) ;
#1808 = ORIENTED_EDGE ( 'NONE', *, *, #395, .T. ) ;
#1809 = CARTESIAN_POINT ( 'NONE',  ( 13.85926400204793651, -4.271298624217116036, 41.24544146227235331 ) ) ;
#1810 = CYLINDRICAL_SURFACE ( 'NONE', #1500, 1.389062499999999645 ) ;
#1811 = EDGE_CURVE ( 'NONE', #1757, #2352, #1615, .T. ) ;
#1812 = CARTESIAN_POINT ( 'NONE',  ( 22.24999999999992539, 0.000000000000000000, 45.00000000000000000 ) ) ;
#1813 = CARTESIAN_POINT ( 'NONE',  ( -19.37998545160593267, -0.1829452567645379057, 39.32724158117522251 ) ) ;
#1814 = CARTESIAN_POINT ( 'NONE',  ( -15.15288705513389367, -2.295991900330044189, 80.02307853737974597 ) ) ;
#1815 = CARTESIAN_POINT ( 'NONE',  ( -14.39469994920462526, 1.754796712489562260, 83.68690953457522141 ) ) ;
#1816 = VECTOR ( 'NONE', #877, 1000.000000000000000 ) ;
#1817 = CARTESIAN_POINT ( 'NONE',  ( -15.34989357429196311, -1.529658782035389519, 78.81502079100039282 ) ) ;
#1818 = PRODUCT_RELATED_PRODUCT_CATEGORY ( 'part', '', ( #2244 ) ) ;
#1819 = VERTEX_POINT ( 'NONE', #1822 ) ;
#1820 = CARTESIAN_POINT ( 'NONE',  ( 0.000000000000000000, 0.000000000000000000, 60.00000000000000000 ) ) ;
#1821 = ORIENTED_EDGE ( 'NONE', *, *, #2112, .T. ) ;
#1822 = CARTESIAN_POINT ( 'NONE',  ( -14.07124727947028830, -3.500000000000000888, 80.65000000000000568 ) ) ;
#1823 = ORIENTED_EDGE ( 'NONE', *, *, #1641, .F. ) ;
#1824 = CARTESIAN_POINT ( 'NONE',  ( -14.43641265790515860, -1.486206151570973466, 78.78861983681322556 ) ) ;
#1825 = CARTESIAN_POINT ( 'NONE',  ( -16.75296271283794880, -0.6186008312700099765, 41.37644387819976544 ) ) ;
#1826 = DIRECTION ( 'NONE',  ( -0.000000000000000000, -0.000000000000000000, -1.000000000000000000 ) ) ;
#1827 = CARTESIAN_POINT ( 'NONE',  ( 14.49385576093416539, 0.4840902096016131972, 48.65097030211748574 ) ) ;
#1828 = ORIENTED_EDGE ( 'NONE', *, *, #1701, .T. ) ;
#1829 = AXIS2_PLACEMENT_3D ( 'NONE', #1342, #1550, #809 ) ;
#1830 = CARTESIAN_POINT ( 'NONE',  ( -19.38906250000000853, 0.09270830022802040160, 41.32500000000000995 ) ) ;
#1831 = DIRECTION ( 'NONE',  ( 0.000000000000000000, -1.000000000000000000, 0.000000000000000000 ) ) ;
#1832 = ORIENTED_EDGE ( 'NONE', *, *, #923, .F. ) ;
#1833 = CARTESIAN_POINT ( 'NONE',  ( -14.50000000000000000, 0.000000000000000000, 50.67499999999999716 ) ) ;
#1834 = CARTESIAN_POINT ( 'NONE',  ( -18.00000000000000000, -1.323271043089639619E-16, 60.00000000000000000 ) ) ;
#1835 = CARTESIAN_POINT ( 'NONE',  ( -15.14146799167107105, -2.332528776936117598, 80.17633397651466964 ) ) ;
#1836 = CARTESIAN_POINT ( 'NONE',  ( -14.15539232771834399, 3.143711852061523704, 82.20528541015110591 ) ) ;
#1837 = CARTESIAN_POINT ( 'NONE',  ( 13.97180979477967888, 3.880323081230939053, 49.14519247040593086 ) ) ;
#1838 = CARTESIAN_POINT ( 'NONE',  ( -15.19262373259823740, -2.163134383668941396, 79.63578876131659001 ) ) ;
#1839 = EDGE_CURVE ( 'NONE', #1498, #978, #468, .T. ) ;
#1840 = ORIENTED_EDGE ( 'NONE', *, *, #2255, .T. ) ;
#1841 = CARTESIAN_POINT ( 'NONE',  ( -14.39507950195195285, 1.749041580691800490, 83.46845767766194513 ) ) ;
#1842 = VERTEX_POINT ( 'NONE', #1833 ) ;
#1843 = CARTESIAN_POINT ( 'NONE',  ( -14.16119025036208612, 3.116496015210446835, 81.22561477703332855 ) ) ;
#1844 = CARTESIAN_POINT ( 'NONE',  ( 19.38906249999999787, 6.949859535848314762E-16, 39.32499999999999574 ) ) ;
#1845 = CARTESIAN_POINT ( 'NONE',  ( -19.37998302439863352, 0.1827029527734808645, 39.32724172285816877 ) ) ;
#1846 = DIRECTION ( 'NONE',  ( -1.000000000000000000, 0.000000000000000000, 0.000000000000000000 ) ) ;
#1847 = CARTESIAN_POINT ( 'NONE',  ( 13.42049088469771334, 5.490604790255710910, 43.51745640336037013 ) ) ;
#1848 = CARTESIAN_POINT ( 'NONE',  ( 14.20324215960855518, 2.921758934929960194, 47.24210622001989179 ) ) ;
#1849 = CIRCLE ( 'NONE', #1349, 14.50000000000000000 ) ;
#1850 = LINE ( 'NONE', #2173, #386 ) ;
#1851 = CARTESIAN_POINT ( 'NONE',  ( -15.22856248012781322, 2.038743175712100619, 81.89574218383667414 ) ) ;
#1852 = B_SPLINE_CURVE_WITH_KNOTS ( 'NONE', 3,
 ( #1286, #2362, #523, #558, #749, #2013, #164, #2202, #389, #546, #1275, #1681, #1464, #1637, #1474, #1264, #896, #1297, #1991, #28, #2024, #351, #365, #1848, #1308, #376, #713, #930, #1099, #1453, #906, #1827, #178, #2191 ),
 .UNSPECIFIED., .F., .F.,
 ( 4, 2, 2, 2, 2, 2, 2, 2, 2, 2, 2, 2, 2, 2, 2, 2, 4 ),
 ( 0.01153694666020628132, 0.01225781115734617815, 0.01297867565448607499, 0.01369954015162597183, 0.01442040464876587040, 0.01514126914590576897, 0.01586213364304566581, 0.01658299814018556265, 0.01730386263732545948, 0.01802472713446535979, 0.01874559163160525316, 0.01946645612874515346, 0.02018732062588505030, 0.02090818512302494714, 0.02162904962016484745, 0.02234991411730474428, 0.02307077861444464112 ),
 .UNSPECIFIED. ) ;
#1853 = DIRECTION ( 'NONE',  ( 0.000000000000000000, 0.000000000000000000, 1.000000000000000000 ) ) ;
#1854 = ORIENTED_EDGE ( 'NONE', *, *, #1534, .F. ) ;
#1855 = EDGE_CURVE ( 'NONE', #2377, #1488, #1776, .T. ) ;
#1856 = CARTESIAN_POINT ( 'NONE',  ( -14.47026821585516387, 0.9578698971306408572, 41.44382332813042069 ) ) ;
#1857 = CARTESIAN_POINT ( 'NONE',  ( 18.18308077842327464, 1.379990569321319915, 48.40611609826028428 ) ) ;
#1858 = DIRECTION ( 'NONE',  ( 0.000000000000000000, 0.000000000000000000, -1.000000000000000000 ) ) ;
#1859 = CARTESIAN_POINT ( 'NONE',  ( -14.09908563593276476, 3.386438204699199428, 81.56397247803526795 ) ) ;
#1860 = CARTESIAN_POINT ( 'NONE',  ( 13.64284718188162771, 4.912377755017407921, 42.15244468462849170 ) ) ;
#1861 = CARTESIAN_POINT ( 'NONE',  ( -15.30714159091290760, -1.722699294848148099, 78.99494004431184635 ) ) ;
#1862 = CARTESIAN_POINT ( 'NONE',  ( 14.21847403644504126, -2.848290564832194338, 40.08803434151778333 ) ) ;
#1863 = CARTESIAN_POINT ( 'NONE',  ( 14.08064407842590882, -3.465125152553316656, 49.49806450894709542 ) ) ;
#1864 = CARTESIAN_POINT ( 'NONE',  ( -19.20453096129405779, 0.6976860966893441152, 50.63245988072981163 ) ) ;
#1865 = EDGE_LOOP ( 'NONE', ( #1394, #1881 ) ) ;
#1866 = LINE ( 'NONE', #1721, #83 ) ;
#1867 = EDGE_CURVE ( 'NONE', #2186, #437, #1695, .T. ) ;
#1868 = EDGE_CURVE ( 'NONE', #2016, #2311, #1849, .T. ) ;
#1869 = CARTESIAN_POINT ( 'NONE',  ( 16.95377106587703864, -0.9181592098348454467, 41.44092962710381300 ) ) ;
#1870 = CARTESIAN_POINT ( 'NONE',  ( -19.38906249999999787, 4.043491478706479814E-20, 48.67499999999999716 ) ) ;
#1871 = CYLINDRICAL_SURFACE ( 'NONE', #47, 14.50000000000000000 ) ;
#1872 = CARTESIAN_POINT ( 'NONE',  ( 14.50000000000000000, 4.500619013672084734E-16, 41.32500000000000284 ) ) ;
#1873 = CARTESIAN_POINT ( 'NONE',  ( 22.24999999999992539, 4.500576986866518864E-16, 41.32500000000000284 ) ) ;
#1874 = DIRECTION ( 'NONE',  ( 8.400597946618919477E-17, -1.890134537989256790E-16, -1.000000000000000000 ) ) ;
#1875 = CARTESIAN_POINT ( 'NONE',  ( 18.18379498995068744, 1.379870081049755726, 41.59383541922240823 ) ) ;
#1876 = ORIENTED_EDGE ( 'NONE', *, *, #1455, .T. ) ;
#1877 = CARTESIAN_POINT ( 'NONE',  ( -14.45292857278388077, 1.188593642394268679, 48.48580574193901072 ) ) ;
#1878 = CARTESIAN_POINT ( 'NONE',  ( 19.34403378194438261, 0.3624602209311026391, 48.65817992608750586 ) ) ;
#1879 = CARTESIAN_POINT ( 'NONE',  ( -16.61093749999999858, 0.000000000000000000, 48.67499999999999716 ) ) ;
#1880 = CARTESIAN_POINT ( 'NONE',  ( -14.17071801641180606, -3.073076021984554096, 81.44887944827848969 ) ) ;
#1881 = ORIENTED_EDGE ( 'NONE', *, *, #68, .F. ) ;
#1882 = CARTESIAN_POINT ( 'NONE',  ( 14.47046456840230455, -0.9546080224297890382, 48.55697086570187793 ) ) ;
#1883 = CARTESIAN_POINT ( 'NONE',  ( 22.24999999999992539, 0.000000000000000000, 45.00000000000000000 ) ) ;
#1884 = LINE ( 'NONE', #608, #1240 ) ;
#1885 = CARTESIAN_POINT ( 'NONE',  ( 9.144713687814371994, 0.000000000000000000, 60.00000000000000000 ) ) ;
#1886 = ORIENTED_EDGE ( 'NONE', *, *, #2364, .F. ) ;
#1887 = CARTESIAN_POINT ( 'NONE',  ( -14.49384391647897630, 0.4844228559457255945, 41.34907658831141930 ) ) ;
#1888 = PRODUCT_DEFINITION_SHAPE ( 'NONE', 'NONE',  #898 ) ;
#1889 = CARTESIAN_POINT ( 'NONE',  ( 17.63726227035855132, 1.343965542118470857, 48.42049049311911801 ) ) ;
#1890 = CARTESIAN_POINT ( 'NONE',  ( -16.95323030959297839, 0.9176351391164768723, 39.39929972399998803 ) ) ;
#1891 = FACE_OUTER_BOUND ( 'NONE', #776, .T. ) ;
#1892 = VERTEX_POINT ( 'NONE', #359 ) ;
#1893 = CARTESIAN_POINT ( 'NONE',  ( 14.03292509911576325, -3.650942939461514047, 44.51606043124080969 ) ) ;
#1894 = CARTESIAN_POINT ( 'NONE',  ( -15.12809885610217719, 2.375000000000000888, 80.65000000000239311 ) ) ;
#1895 = DIRECTION ( 'NONE',  ( -1.000000000000000000, -0.000000000000000000, -0.000000000000000000 ) ) ;
#1896 = CARTESIAN_POINT ( 'NONE',  ( 13.34342151313969360, -5.674777738422707607, 45.37782933660248830 ) ) ;
#1897 = EDGE_LOOP ( 'NONE', ( #302, #851, #2098, #515 ) ) ;
#1898 = CARTESIAN_POINT ( 'NONE',  ( -14.23435563870054743, 2.768127114676195433, 47.42900359372917762 ) ) ;
#1899 = CARTESIAN_POINT ( 'NONE',  ( -13.93619927481383947, 4.005964355968559154, 60.12113700482754552 ) ) ;
#1900 = CIRCLE ( 'NONE', #174, 3.674999999999997602 ) ;
#1901 = CARTESIAN_POINT ( 'NONE',  ( -17.63869395382377192, 1.344332680325445173, 39.48649551885987563 ) ) ;
#1902 = CARTESIAN_POINT ( 'NONE',  ( -14.16216316538266717, -3.111857799425872706, 81.25375468247197830 ) ) ;
#1903 = ORIENTED_EDGE ( 'NONE', *, *, #1353, .T. ) ;
#1904 = CARTESIAN_POINT ( 'NONE',  ( -22.24999999999992539, 6.949870585161229716E-16, 39.32499999999999574 ) ) ;
#1905 = DIRECTION ( 'NONE',  ( 6.123233995736766036E-17, -1.000000000000000000, -1.890134537989256790E-16 ) ) ;
#1906 = CARTESIAN_POINT ( 'NONE',  ( -14.48487606989172782, 0.6751244292847559114, 83.95015702453584083 ) ) ;
#1907 = ADVANCED_FACE ( 'NONE', ( #2357 ), #1810, .F. ) ;
#1908 = VECTOR ( 'NONE', #520, 1000.000000000000000 ) ;
#1909 = CARTESIAN_POINT ( 'NONE',  ( -16.68241372036116843, 0.4491588748951858001, 50.65782701018166989 ) ) ;
#1910 = ORIENTED_EDGE ( 'NONE', *, *, #319, .T. ) ;
#1911 = CARTESIAN_POINT ( 'NONE',  ( -14.15236220124107369, 3.156177636952389953, 80.88742049493581021 ) ) ;
#1912 = CARTESIAN_POINT ( 'NONE',  ( 17.14572909987202820, 1.110084235501111571, 39.43312324413407310 ) ) ;
#1913 = CARTESIAN_POINT ( 'NONE',  ( 19.11064268809932543, -0.8536794613561523581, 39.38806830611149223 ) ) ;
#1914 = B_SPLINE_CURVE_WITH_KNOTS ( 'NONE', 3,
 ( #1894, #2262, #1171, #629, #1367, #1379, #962, #618, #973, #1561, #1147, #282, #821, #1704, #640, #1355, #268, #2093 ),
 .UNSPECIFIED., .F., .F.,
 ( 4, 2, 2, 2, 2, 2, 2, 2, 4 ),
 ( 0.003754357980584741277, 0.004300634504230987920, 0.004846911027877235864, 0.005393187551523482073, 0.005939464075169730017, 0.006485740598815976227, 0.007032017122462224171, 0.007578293646108470380, 0.008124570169754718324 ),
 .UNSPECIFIED. ) ;
#1915 = CARTESIAN_POINT ( 'NONE',  ( -14.08203868006794579, -3.470463967232837454, 40.49479395748907962 ) ) ;
#1916 = CARTESIAN_POINT ( 'NONE',  ( -14.45278483715623352, -1.182412143811585103, 77.51372187342596476 ) ) ;
#1917 = ORIENTED_EDGE ( 'NONE', *, *, #1682, .F. ) ;
#1918 = CARTESIAN_POINT ( 'NONE',  ( 14.38368426771778097, -1.843959214979895567, 48.18794319816430516 ) ) ;
#1919 = PLANE ( 'NONE',  #784 ) ;
#1920 = CARTESIAN_POINT ( 'NONE',  ( -17.30009918128164514, -1.213484009339149461, 50.54420196537486731 ) ) ;
#1921 = CARTESIAN_POINT ( 'NONE',  ( -16.79498567212674587, 0.6968912113182037515, 50.63256208647000989 ) ) ;
#1922 = ORIENTED_EDGE ( 'NONE', *, *, #175, .F. ) ;
#1923 = CARTESIAN_POINT ( 'NONE',  ( -15.36169777668851566, 1.458515283799549866, 78.76926241567878151 ) ) ;
#1924 = CARTESIAN_POINT ( 'NONE',  ( 16.79498567212674587, 0.6968912113182063051, 39.36743791352999011 ) ) ;
#1925 = EDGE_CURVE ( 'NONE', #1488, #84, #1866, .T. ) ;
#1926 = DIRECTION ( 'NONE',  ( -1.000000000000000000, -0.000000000000000000, -0.000000000000000000 ) ) ;
#1927 = CARTESIAN_POINT ( 'NONE',  ( -17.54881350885225544, 1.316847088511927666, 48.43116814936178827 ) ) ;
#1928 = DIRECTION ( 'NONE',  ( -1.000000000000000000, -6.123233995736766036E-17, -6.123233995736763571E-17 ) ) ;
#1929 = ORIENTED_EDGE ( 'NONE', *, *, #1213, .F. ) ;
#1930 = EDGE_CURVE ( 'NONE', #1731, #2311, #1347, .T. ) ;
#1931 = CARTESIAN_POINT ( 'NONE',  ( -14.49046645120995791, -0.5430169684638470606, 77.32206565815222632 ) ) ;
#1932 = AXIS2_PLACEMENT_3D ( 'NONE', #129, #2145, #916 ) ;
#1933 = CARTESIAN_POINT ( 'NONE',  ( 16.89601618572519115, 0.8478681878976578323, 50.61181697255848633 ) ) ;
#1934 = VERTEX_POINT ( 'NONE', #1501 ) ;
#1935 = CARTESIAN_POINT ( 'NONE',  ( -15.31379884583786932, 1.689637311634209826, 78.97382386089979889 ) ) ;
#1936 = DIRECTION ( 'NONE',  ( 1.000000000000000000, 6.123233995736767268E-17, 6.123233995736764803E-17 ) ) ;
#1937 = CARTESIAN_POINT ( 'NONE',  ( -14.22044643191126134, -2.850747163126363670, 49.92075478010133338 ) ) ;
#1938 = ADVANCED_FACE ( 'NONE', ( #1675 ), #755, .F. ) ;
#1939 = DIRECTION ( 'NONE',  ( -1.000000000000000000, -0.000000000000000000, -0.000000000000000000 ) ) ;
#1940 = ORIENTED_EDGE ( 'NONE', *, *, #1619, .F. ) ;
#1941 = CARTESIAN_POINT ( 'NONE',  ( -15.44616801764724734, -0.9201456483979109091, 82.84502362757433502 ) ) ;
#1942 = LINE ( 'NONE', #500, #864 ) ;
#1943 = CARTESIAN_POINT ( 'NONE',  ( 19.20501432787325768, 0.6968912113182044177, 50.63256208647001699 ) ) ;
#1944 = EDGE_LOOP ( 'NONE', ( #631, #340, #2160, #538 ) ) ;
#1945 = CARTESIAN_POINT ( 'NONE',  ( -15.16468115953742135, 2.256877196937517649, 79.89421545348248799 ) ) ;
#1946 = CIRCLE ( 'NONE', #526, 14.50000000000000000 ) ;
#1947 = ORIENTED_EDGE ( 'NONE', *, *, #1021, .T. ) ;
#1948 = DIRECTION ( 'NONE',  ( -1.000000000000000000, -6.123233995736766036E-17, -6.123233995736763571E-17 ) ) ;
#1949 = CARTESIAN_POINT ( 'NONE',  ( -16.68310261593907384, 0.4511670093499071110, 48.64818771086730465 ) ) ;
#1950 = EDGE_CURVE ( 'NONE', #897, #742, #419, .T. ) ;
#1951 = DIRECTION ( 'NONE',  ( 0.000000000000000000, 0.000000000000000000, 1.000000000000000000 ) ) ;
#1952 = ORIENTED_EDGE ( 'NONE', *, *, #430, .T. ) ;
#1953 = CARTESIAN_POINT ( 'NONE',  ( -14.33371450820313342, -2.329463889242573860, 81.14254288227600398 ) ) ;
#1954 = CARTESIAN_POINT ( 'NONE',  ( -13.64097574000220803, 4.921540314245627101, 47.84991254335421473 ) ) ;
#1955 = CYLINDRICAL_SURFACE ( 'NONE', #1932, 12.50000000000000000 ) ;
#1956 = CARTESIAN_POINT ( 'NONE',  ( -15.17876518217882698, -2.210629413860678127, 81.53686503042719380 ) ) ;
#1957 = AXIS2_PLACEMENT_3D ( 'NONE', #845, #1975, #1964 ) ;
#1958 = EDGE_LOOP ( 'NONE', ( #424, #1196, #2297, #2079 ) ) ;
#1959 = CARTESIAN_POINT ( 'NONE',  ( -14.49852563666408933, -0.2727828852936997617, 78.28634949680160560 ) ) ;
#1960 =( LENGTH_UNIT ( ) NAMED_UNIT ( * ) SI_UNIT ( .MILLI., .METRE. ) );
#1961 = EDGE_LOOP ( 'NONE', ( #960, #370, #1613, #1752 ) ) ;
#1962 = CARTESIAN_POINT ( 'NONE',  ( -13.97180979477968776, -3.880323081230934168, 49.14519247040595218 ) ) ;
#1963 = AXIS2_PLACEMENT_3D ( 'NONE', #1324, #1529, #1164 ) ;
#1964 = DIRECTION ( 'NONE',  ( -1.000000000000000000, 0.000000000000000000, 0.000000000000000000 ) ) ;
#1965 = DIRECTION ( 'NONE',  ( 0.000000000000000000, 0.000000000000000000, -1.000000000000000000 ) ) ;
#1966 = CARTESIAN_POINT ( 'NONE',  ( -14.49810107631856404, -0.2712021064288064331, 77.28428418799073540 ) ) ;
#1967 = CARTESIAN_POINT ( 'NONE',  ( -13.34342151313969183, 5.674777738422708495, 45.37782933660248830 ) ) ;
#1968 = CARTESIAN_POINT ( 'NONE',  ( -15.47411522763750114, -0.6545604784041014756, 82.94016506372913966 ) ) ;
#1969 = B_SPLINE_CURVE_WITH_KNOTS ( 'NONE', 3,
 ( #928, #1679, #1462, #1825, #1121, #209, #176, #747, #904, #723, #2211, #2189, #1284, #566, #915, #2011, #1657, #1097, #556, #26, #3, #736, #1472, #2200 ),
 .UNSPECIFIED., .F., .F.,
 ( 4, 2, 2, 2, 2, 2, 2, 2, 2, 2, 2, 4 ),
 ( 0.004383983671005197737, 0.004931871072449084056, 0.005205814773171026782, 0.005479758473892970376, 0.006027645875336856696, 0.006301589576058802891, 0.006575533276780749954, 0.007123420678224653621, 0.007671308079668556421, 0.007945251780390509555, 0.008219195481112464424, 0.008767082882556375897 ),
 .UNSPECIFIED. ) ;
#1970 = EDGE_LOOP ( 'NONE', ( #1528, #1277 ) ) ;
#1971 = CARTESIAN_POINT ( 'NONE',  ( 22.24999999999992539, 0.000000000000000000, 50.67499999999999716 ) ) ;
#1972 = ORIENTED_EDGE ( 'NONE', *, *, #162, .F. ) ;
#1973 = FACE_OUTER_BOUND ( 'NONE', #224, .T. ) ;
#1974 = CARTESIAN_POINT ( 'NONE',  ( -14.32232930483841393, 2.267360298856592404, 78.29262984297254491 ) ) ;
#1975 = DIRECTION ( 'NONE',  ( -0.000000000000000000, -0.000000000000000000, -1.000000000000000000 ) ) ;
#1976 = CARTESIAN_POINT ( 'NONE',  ( -14.42367780117634268, -1.619432669645582745, 82.39695245365763299 ) ) ;
#1977 = FACE_BOUND ( 'NONE', #866, .T. ) ;
#1978 = CARTESIAN_POINT ( 'NONE',  ( 17.38214002723797336, -1.247440982781001351, 50.53631790606958418 ) ) ;
#1979 = CARTESIAN_POINT ( 'NONE',  ( 19.37998302439863707, 0.1827029527734814196, 50.67275827714183833 ) ) ;
#1980 = ORIENTED_EDGE ( 'NONE', *, *, #1133, .T. ) ;
#1981 = EDGE_CURVE ( 'NONE', #615, #1468, #587, .T. ) ;
#1982 = CARTESIAN_POINT ( 'NONE',  ( -14.22140304990795556, 2.830695826250785974, 82.16090056789248308 ) ) ;
#1983 = CARTESIAN_POINT ( 'NONE',  ( 14.08255236869884541, -3.468490932700434737, 40.49316786771695575 ) ) ;
#1984 = CARTESIAN_POINT ( 'NONE',  ( -18.00000000000000355, -1.102182119232618108E-15, 80.65000000000000568 ) ) ;
#1985 = AXIS2_PLACEMENT_3D ( 'NONE', #1028, #1228, #1573 ) ;
#1986 = CARTESIAN_POINT ( 'NONE',  ( -14.02657857272063602, -3.674927693010618945, 44.75652228254894283 ) ) ;
#1987 = CARTESIAN_POINT ( 'NONE',  ( -14.20348869565732919, -2.918150426455874413, 79.34294653317039092 ) ) ;
#1988 = CARTESIAN_POINT ( 'NONE',  ( -13.97026697196372247, 3.885843866196396768, 49.13997397881966123 ) ) ;
#1989 = CARTESIAN_POINT ( 'NONE',  ( 19.37998545160593267, -0.1829452567645360739, 50.67275841882474907 ) ) ;
#1990 = B_SPLINE_CURVE_WITH_KNOTS ( 'NONE', 3,
 ( #738, #1086, #211, #592, #2223, #783, #1715, #1329, #2247, #1000, #1521, #2058, #808, #605, #64, #2092, #220, #795 ),
 .UNSPECIFIED., .F., .F.,
 ( 4, 2, 2, 2, 2, 2, 2, 2, 4 ),
 ( 0.000000000000000000, 0.0006859847189158600539, 0.001371969437831720108, 0.002057954156747580053, 0.002743938875663440215, 0.003429923594579299944, 0.004115908313495159239, 0.004801893032411018968, 0.005487877751326877829 ),
 .UNSPECIFIED. ) ;
#1991 = CARTESIAN_POINT ( 'NONE',  ( 14.03280617010044651, 3.651396679805665180, 45.48046547933691386 ) ) ;
#1992 = EDGE_LOOP ( 'NONE', ( #610, #1694 ) ) ;
#1993 = DIRECTION ( 'NONE',  ( -1.000000000000000000, -0.000000000000000000, -0.000000000000000000 ) ) ;
#1994 = ORIENTED_EDGE ( 'NONE', *, *, #569, .T. ) ;
#1995 = CARTESIAN_POINT ( 'NONE',  ( 22.24999999999992539, 0.000000000000000000, 48.67499999999999716 ) ) ;
#1996 = CARTESIAN_POINT ( 'NONE',  ( -14.27766434386980343, 2.531672261630127707, 82.67657748725642364 ) ) ;
#1997 = SURFACE_STYLE_FILL_AREA ( #2358 ) ;
#1998 = CARTESIAN_POINT ( 'NONE',  ( -19.38906249999999787, -0.09213100101190500879, 39.32500000000000284 ) ) ;
#1999 = CARTESIAN_POINT ( 'NONE',  ( -14.34059546391213225, -2.284154567873716513, 79.97751035473928027 ) ) ;
#2000 = DIRECTION ( 'NONE',  ( 0.05380778534926995704, 0.9653871643173205230, -0.2552103940030064355 ) ) ;
#2001 = CARTESIAN_POINT ( 'NONE',  ( 14.50000000000000000, 6.948994411183992785E-16, 39.32499999999999574 ) ) ;
#2002 = CIRCLE ( 'NONE', #426, 0.8750000000000006661 ) ;
#2003 = CARTESIAN_POINT ( 'NONE',  ( -11.50000000000000355, 4.499999999999995559, 61.00000000000000000 ) ) ;
#2004 = ORIENTED_EDGE ( 'NONE', *, *, #1053, .T. ) ;
#2005 = CARTESIAN_POINT ( 'NONE',  ( -15.20218946807896820, 2.129348456644529097, 81.71322632539789765 ) ) ;
#2006 = VERTEX_POINT ( 'NONE', #249 ) ;
#2007 = DIRECTION ( 'NONE',  ( 1.000000000000000000, 6.123233995736766036E-17, 6.123233995736763571E-17 ) ) ;
#2008 = DIRECTION ( 'NONE',  ( 1.000000000000000000, 0.000000000000000000, 0.000000000000000000 ) ) ;
#2009 = DIRECTION ( 'NONE',  ( 1.000000000000000000, 0.000000000000000000, 0.000000000000000000 ) ) ;
#2010 = EDGE_CURVE ( 'NONE', #1934, #215, #2114, .T. ) ;
#2011 = CARTESIAN_POINT ( 'NONE',  ( -18.70218930204071839, -1.212128693081170772, 41.52985398286445218 ) ) ;
#2012 = CARTESIAN_POINT ( 'NONE',  ( 13.78212734160572950, 4.511053087119765159, 41.53723967708908305 ) ) ;
#2013 = CARTESIAN_POINT ( 'NONE',  ( 14.40979368663114712, 1.630121999468404637, 41.69761435904396052 ) ) ;
#2014 = VERTEX_POINT ( 'NONE', #20 ) ;
#2015 = CARTESIAN_POINT ( 'NONE',  ( -15.12838718092467616, 2.374187264714788803, 80.81707368163347383 ) ) ;
#2016 = VERTEX_POINT ( 'NONE', #790 ) ;
#2017 = CARTESIAN_POINT ( 'NONE',  ( -14.38431284166473567, 1.835479166520511685, 77.89611078696201218 ) ) ;
#2018 = CARTESIAN_POINT ( 'NONE',  ( 16.64738049038287926, -0.3651673879560061176, 41.33920989500740717 ) ) ;
#2019 = DIRECTION ( 'NONE',  ( 1.000000000000000000, 0.000000000000000000, 0.000000000000000000 ) ) ;
#2020 = VECTOR ( 'NONE', #2236, 1000.000000000000000 ) ;
#2021 = EDGE_CURVE ( 'NONE', #694, #299, #206, .T. ) ;
#2022 = CARTESIAN_POINT ( 'NONE',  ( 0.000000000000000000, 0.000000000000000000, 55.99999999999999289 ) ) ;
#2023 = CARTESIAN_POINT ( 'NONE',  ( 14.48515672402206889, 0.7504002732075818471, 50.63736624747953385 ) ) ;
#2024 = CARTESIAN_POINT ( 'NONE',  ( 14.07497697493539235, 3.486254662871613785, 46.18710445080405691 ) ) ;
#2025 = EDGE_CURVE ( 'NONE', #2316, #1892, #1224, .T. ) ;
#2026 = CARTESIAN_POINT ( 'NONE',  ( 14.21966760886004622, -2.854830502498816980, 49.91856836745019166 ) ) ;
#2027 = CARTESIAN_POINT ( 'NONE',  ( 17.14529329776992483, 1.109580741585714847, 41.49403719986794670 ) ) ;
#2028 = ORIENTED_EDGE ( 'NONE', *, *, #1950, .T. ) ;
#2029 = EDGE_CURVE ( 'NONE', #794, #2186, #396, .T. ) ;
#2030 = CARTESIAN_POINT ( 'NONE',  ( -14.07124727947029008, -4.499999999999996447, 60.00000000000000000 ) ) ;
#2031 = AXIS2_PLACEMENT_3D ( 'NONE', #1154, #1519, #90 ) ;
#2032 = CARTESIAN_POINT ( 'NONE',  ( 17.29781069795926740, -1.212128693081169439, 41.52985398286445928 ) ) ;
#2033 = CARTESIAN_POINT ( 'NONE',  ( -15.44779054576854627, -0.9054198570514964128, 78.44886514971730662 ) ) ;
#2034 = CYLINDRICAL_SURFACE ( 'NONE', #1484, 9.144713687814371994 ) ;
#2035 = CARTESIAN_POINT ( 'NONE',  ( 14.49999999999999645, 0.3789837708897658142, 50.67499999999998295 ) ) ;
#2036 = CARTESIAN_POINT ( 'NONE',  ( -11.50000000000000000, -3.499999999999996003, 61.00000000000000000 ) ) ;
#2037 = AXIS2_PLACEMENT_3D ( 'NONE', #1281, #889, #1256 ) ;
#2038 = DIRECTION ( 'NONE',  ( 1.000000000000000000, 6.123233995736766036E-17, 6.123233995736763571E-17 ) ) ;
#2039 = DIRECTION ( 'NONE',  ( -0.000000000000000000, -0.000000000000000000, -1.000000000000000000 ) ) ;
#2040 = ADVANCED_FACE ( 'NONE', ( #1576 ), #1518, .F. ) ;
#2041 = EDGE_LOOP ( 'NONE', ( #412, #1176 ) ) ;
#2042 = CARTESIAN_POINT ( 'NONE',  ( -14.38341208582921205, 1.846000703540388699, 41.81329968354186377 ) ) ;
#2043 = CARTESIAN_POINT ( 'NONE',  ( 16.75281011019766453, -0.6183607686540795179, 41.37639246560846829 ) ) ;
#2044 = CARTESIAN_POINT ( 'NONE',  ( -18.85288434091529552, -1.111351500047685015, 48.50546397070591098 ) ) ;
#2045 = CARTESIAN_POINT ( 'NONE',  ( -15.47598454988340322, -0.6069427970698800801, 78.35386293068445696 ) ) ;
#2046 = CARTESIAN_POINT ( 'NONE',  ( 14.27912745764293234, 2.526716516841517546, 39.91512774213111214 ) ) ;
#2047 = CARTESIAN_POINT ( 'NONE',  ( 14.02658630894737435, -3.674898165753877066, 45.24235439892704846 ) ) ;
#2048 = CARTESIAN_POINT ( 'NONE',  ( 16.75296271283794525, -0.6186008312700084222, 48.62355612180021325 ) ) ;
#2049 = CARTESIAN_POINT ( 'NONE',  ( -17.81620501004931612, 1.379870081049753061, 41.59383541922240113 ) ) ;
#2050 = CARTESIAN_POINT ( 'NONE',  ( 16.61093749999999858, 2.204364238465235428E-15, 41.32500000000000284 ) ) ;
#2051 = EDGE_CURVE ( 'NONE', #418, #653, #539, .T. ) ;
#2052 = ORIENTED_EDGE ( 'NONE', *, *, #2224, .F. ) ;
#2053 = DIRECTION ( 'NONE',  ( 0.000000000000000000, 0.000000000000000000, -1.000000000000000000 ) ) ;
#2054 = CARTESIAN_POINT ( 'NONE',  ( 16.61093749999999858, 2.204364238465235428E-15, 41.32500000000000284 ) ) ;
#2055 = CARTESIAN_POINT ( 'NONE',  ( -16.89601618572519470, 0.8478681878976551678, 39.38818302744152078 ) ) ;
#2056 = CYLINDRICAL_SURFACE ( 'NONE', #1727, 5.674999999999999822 ) ;
#2057 = ORIENTED_EDGE ( 'NONE', *, *, #1641, .T. ) ;
#2058 = CARTESIAN_POINT ( 'NONE',  ( -14.39437167038262011, -1.757612171591188099, 83.68539861019156945 ) ) ;
#2059 = VECTOR ( 'NONE', #233, 1000.000000000000000 ) ;
#2060 = LINE ( 'NONE', #2275, #2323 ) ;
#2061 = CARTESIAN_POINT ( 'NONE',  ( 22.24999999999992539, 0.000000000000000000, 48.67499999999999716 ) ) ;
#2062 = CARTESIAN_POINT ( 'NONE',  ( -18.70132669986822549, 1.212550613623794460, 41.53000713195699944 ) ) ;
#2063 = VECTOR ( 'NONE', #48, 1000.000000000000000 ) ;
#2064 = ORIENTED_EDGE ( 'NONE', *, *, #151, .F. ) ;
#2065 = CARTESIAN_POINT ( 'NONE',  ( -14.45304760425655921, 1.187049204469800667, 41.51370998107923782 ) ) ;
#2066 = CARTESIAN_POINT ( 'NONE',  ( 18.70132669986822549, 1.212550613623797124, 48.46999286804300766 ) ) ;
#2067 = DIRECTION ( 'NONE',  ( -1.000000000000000000, 0.000000000000000000, 0.000000000000000000 ) ) ;
#2068 = CARTESIAN_POINT ( 'NONE',  ( 2.755455298081541820E-16, -4.499999999999995559, 61.00000000000000000 ) ) ;
#2069 = VERTEX_POINT ( 'NONE', #504 ) ;
#2070 = DIRECTION ( 'NONE',  ( 1.000000000000000000, 6.123233995736764803E-17, -0.000000000000000000 ) ) ;
#2071 = DIRECTION ( 'NONE',  ( 0.000000000000000000, 1.000000000000000000, 0.000000000000000000 ) ) ;
#2072 = CARTESIAN_POINT ( 'NONE',  ( -19.38906249999999787, -1.104938537281345932E-21, 50.67499999999999716 ) ) ;
#2073 = DIRECTION ( 'NONE',  ( 0.000000000000000000, 0.000000000000000000, -1.000000000000000000 ) ) ;
#2074 = VERTEX_POINT ( 'NONE', #2149 ) ;
#2075 = DIRECTION ( 'NONE',  ( 1.000000000000000000, 6.123233995736766036E-17, -0.000000000000000000 ) ) ;
#2076 = CARTESIAN_POINT ( 'NONE',  ( -11.50000000000000355, -0.8750000000000015543, 80.65000000000000568 ) ) ;
#2077 = CARTESIAN_POINT ( 'NONE',  ( -19.10289025611723446, -0.8492625440273960935, 48.57634358797104568 ) ) ;
#2078 = DIRECTION ( 'NONE',  ( 1.000000000000000000, 0.000000000000000000, 0.000000000000000000 ) ) ;
#2079 = ORIENTED_EDGE ( 'NONE', *, *, #574, .T. ) ;
#2080 = EDGE_CURVE ( 'NONE', #1764, #1445, #1431, .T. ) ;
#2081 = CARTESIAN_POINT ( 'NONE',  ( 14.07515364629342258, -3.485535995652913055, 46.18906955567009476 ) ) ;
#2082 = CARTESIAN_POINT ( 'NONE',  ( -14.11674778641230610, 3.315446117936277748, 49.60951502708052629 ) ) ;
#2083 = CARTESIAN_POINT ( 'NONE',  ( -19.35240672206598234, -0.3650979037778434022, 50.66573593611624204 ) ) ;
#2084 = CARTESIAN_POINT ( 'NONE',  ( 13.64211208964258226, -4.918301659608483867, 42.14496804443968614 ) ) ;
#2085 = VERTEX_POINT ( 'NONE', #1066 ) ;
#2086 = CARTESIAN_POINT ( 'NONE',  ( -14.20184142714037101, 2.926809818939157815, 79.36523734830331023 ) ) ;
#2087 = CARTESIAN_POINT ( 'NONE',  ( 19.38906249999999787, 6.949859535848314762E-16, 39.32499999999999574 ) ) ;
#2088 = CARTESIAN_POINT ( 'NONE',  ( 19.21356709076988878, -0.6996823117905123235, 39.36579155162770149 ) ) ;
#2089 = CARTESIAN_POINT ( 'NONE',  ( 22.24999999999992539, 4.500576986866518864E-16, 41.32500000000000284 ) ) ;
#2090 = CARTESIAN_POINT ( 'NONE',  ( -14.29816257549643588, -2.414548669378463686, 78.46605640568463969 ) ) ;
#2091 = ORIENTED_EDGE ( 'NONE', *, *, #319, .F. ) ;
#2092 = CARTESIAN_POINT ( 'NONE',  ( -14.49443583587957107, -0.4611957873990696344, 84.12715577987250981 ) ) ;
#2093 = CARTESIAN_POINT ( 'NONE',  ( -15.47598454988340322, -0.6069427970698800801, 78.35386293068445696 ) ) ;
#2094 = CARTESIAN_POINT ( 'NONE',  ( -19.11064268809932543, -0.8536794613561538014, 50.61193169388849356 ) ) ;
#2095 = ADVANCED_FACE ( 'NONE', ( #154 ), #1076, .T. ) ;
#2096 = VECTOR ( 'NONE', #2070, 1000.000000000000000 ) ;
#2097 = CARTESIAN_POINT ( 'NONE',  ( 22.24999999999992539, 0.000000000000000000, 45.00000000000000000 ) ) ;
#2098 = ORIENTED_EDGE ( 'NONE', *, *, #1950, .F. ) ;
#2099 = CARTESIAN_POINT ( 'NONE',  ( -15.47561607610222545, 0.6289610159993781480, 78.35455909526012874 ) ) ;
#2100 = CARTESIAN_POINT ( 'NONE',  ( 18.70218930204072194, -1.212128693081169439, 48.47014601713554072 ) ) ;
#2101 = EDGE_CURVE ( 'NONE', #1488, #2377, #1040, .T. ) ;
#2102 = B_SPLINE_CURVE_WITH_KNOTS ( 'NONE', 3,
 ( #2335, #1412, #1931, #1966, #1582, #1753 ),
 .UNSPECIFIED., .F., .F.,
 ( 4, 2, 4 ),
 ( 0.009563594452485849051, 0.009975409563779350647, 0.01038722467507285051 ),
 .UNSPECIFIED. ) ;
#2103 = CARTESIAN_POINT ( 'NONE',  ( 18.36451075934100174, -1.352807386680893620, 39.48812762984340452 ) ) ;
#2104 = CARTESIAN_POINT ( 'NONE',  ( -14.04378446476631837, -3.613849722934350250, 60.46757845595821124 ) ) ;
#2105 = CARTESIAN_POINT ( 'NONE',  ( -14.22186111695592103, -2.827411699501535924, 79.13506845271237466 ) ) ;
#2106 = ORIENTED_EDGE ( 'NONE', *, *, #1257, .F. ) ;
#2107 = CARTESIAN_POINT ( 'NONE',  ( -14.45588667986032760, -1.250662470399444670, 82.67670767929270426 ) ) ;
#2108 = FACE_BOUND ( 'NONE', #1992, .T. ) ;
#2109 = CARTESIAN_POINT ( 'NONE',  ( 22.24999999999992539, 0.000000000000000000, 45.00000000000000000 ) ) ;
#2110 = B_SPLINE_CURVE_WITH_KNOTS ( 'NONE', 3,
 ( #427, #415, #1743, #785, #2248, #93, #245, #2082, #1050, #1572, #1988, #1792, #128, #1954, #2325, #1780, #1239, #1620, #305, #477, #1967, #489, #1401, #521, #848, #104, #1038, #316, #1583, #860, #1261, #1596, #2313, #1061, #675, #139, #2348, #1212, #872, #338 ),
 .UNSPECIFIED., .F., .F.,
 ( 4, 2, 2, 2, 2, 2, 2, 2, 2, 2, 2, 2, 2, 2, 2, 2, 2, 2, 2, 4 ),
 ( 0.000000000000000000, 0.001120232066333551367, 0.002240464132667102735, 0.003360696199000653885, 0.003920812232167429461, 0.004480928265334205469, 0.005601160331667742742, 0.006721392398001280015, 0.007281508431168048218, 0.007841624464334815553, 0.008961856530668371040, 0.01008208859700192653, 0.01120232066333548201, 0.01232255272966903577, 0.01344278479600259125, 0.01456301686233615021, 0.01512313289550292796, 0.01568324892866970396, 0.01680348099500326639, 0.01792371306133682882 ),
 .UNSPECIFIED. ) ;
#2111 = ORIENTED_EDGE ( 'NONE', *, *, #923, .T. ) ;
#2112 = EDGE_CURVE ( 'NONE', #782, #1301, #2192, .T. ) ;
#2113 = CARTESIAN_POINT ( 'NONE',  ( -14.44563231898304956, 1.379867010961225882, 78.70826620493097892 ) ) ;
#2114 = CIRCLE ( 'NONE', #1963, 9.144713687814371994 ) ;
#2115 = CARTESIAN_POINT ( 'NONE',  ( 22.24999999999992539, 0.000000000000000000, 50.67499999999999716 ) ) ;
#2116 = CARTESIAN_POINT ( 'NONE',  ( -13.35927027971933967, -5.637938824909131341, 45.74905112001987106 ) ) ;
#2117 = PLANE ( 'NONE',  #1598 ) ;
#2118 = ORIENTED_EDGE ( 'NONE', *, *, #407, .F. ) ;
#2119 = CARTESIAN_POINT ( 'NONE',  ( -15.47597969894401970, 0.6070040453737750585, 82.94612087854709159 ) ) ;
#2120 = VECTOR ( 'NONE', #1936, 1000.000000000000000 ) ;
#2121 = CARTESIAN_POINT ( 'NONE',  ( -18.00000000000000355, -1.102182119232618108E-15, 80.65000000000000568 ) ) ;
#2122 = CARTESIAN_POINT ( 'NONE',  ( -15.25058445420263276, -1.952231360724630216, 82.01434200490628257 ) ) ;
#2123 = ORIENTED_EDGE ( 'NONE', *, *, #1253, .T. ) ;
#2124 = EDGE_CURVE ( 'NONE', #126, #1059, #1884, .T. ) ;
#2125 = CARTESIAN_POINT ( 'NONE',  ( -14.35623223789086467, 2.177032890202409643, 79.68476385245499216 ) ) ;
#2126 = EDGE_CURVE ( 'NONE', #118, #1842, #1706, .T. ) ;
#2127 = ORIENTED_EDGE ( 'NONE', *, *, #1534, .T. ) ;
#2128 = DIRECTION ( 'NONE',  ( 1.000000000000000000, 0.000000000000000000, 0.000000000000000000 ) ) ;
#2129 = CARTESIAN_POINT ( 'NONE',  ( -13.96733540789634453, -3.895252184585273003, 60.19286690485580493 ) ) ;
#2130 = CARTESIAN_POINT ( 'NONE',  ( -14.29569168439318538, -2.431570890219269643, 47.76585261768797608 ) ) ;
#2131 = ORIENTED_EDGE ( 'NONE', *, *, #56, .F. ) ;
#2132 = AXIS2_PLACEMENT_3D ( 'NONE', #1413, #664, #2144 ) ;
#2133 = CARTESIAN_POINT ( 'NONE',  ( -14.20173112141836391, -2.927360437578191643, 81.93353282016498440 ) ) ;
#2134 = CARTESIAN_POINT ( 'NONE',  ( -18.00000000000000000, -1.323271043089639619E-16, 60.00000000000000000 ) ) ;
#2135 = CARTESIAN_POINT ( 'NONE',  ( 16.62003816513012211, 0.1830831278621425640, 50.67275270940857013 ) ) ;
#2136 = ORIENTED_EDGE ( 'NONE', *, *, #1353, .F. ) ;
#2137 = CARTESIAN_POINT ( 'NONE',  ( -15.42745934655620310, 1.062755225257218328, 78.52029348320485269 ) ) ;
#2138 = VERTEX_POINT ( 'NONE', #429 ) ;
#2139 = CARTESIAN_POINT ( 'NONE',  ( 16.61093750000000213, -0.1816730781320829158, 50.67500000000001137 ) ) ;
#2140 = CARTESIAN_POINT ( 'NONE',  ( -13.64284718188163126, -4.912377755017407033, 42.15244468462849170 ) ) ;
#2141 = DIRECTION ( 'NONE',  ( -1.000000000000000000, -0.000000000000000000, -0.000000000000000000 ) ) ;
#2142 = CARTESIAN_POINT ( 'NONE',  ( 0.000000000000000000, 0.000000000000000000, 60.00000000000000000 ) ) ;
#2143 = CARTESIAN_POINT ( 'NONE',  ( -14.47752939578634113, 0.8069340705053756890, 83.91290861688270297 ) ) ;
#2144 = DIRECTION ( 'NONE',  ( 1.000000000000000000, 0.000000000000000000, -0.000000000000000000 ) ) ;
#2145 = DIRECTION ( 'NONE',  ( -0.000000000000000000, -0.000000000000000000, -1.000000000000000000 ) ) ;
#2146 = CARTESIAN_POINT ( 'NONE',  ( -15.12809885610217897, -2.375000000000003553, 80.83085935255739685 ) ) ;
#2147 = CIRCLE ( 'NONE', #2031, 9.144713687814371994 ) ;
#2148 = VERTEX_POINT ( 'NONE', #2215 ) ;
#2149 = CARTESIAN_POINT ( 'NONE',  ( 19.38906249999999787, 0.000000000000000000, 50.67499999999999716 ) ) ;
#2150 = CARTESIAN_POINT ( 'NONE',  ( 16.61093749999999858, 4.043487692174134753E-20, 48.67499999999999716 ) ) ;
#2151 = CARTESIAN_POINT ( 'NONE',  ( -17.90763376305231702, 1.389010565875556047, 48.40239248926488358 ) ) ;
#2152 = AXIS2_PLACEMENT_3D ( 'NONE', #1450, #553, #2019 ) ;
#2153 = CARTESIAN_POINT ( 'NONE',  ( -10.50000000000000000, -4.499999999999996447, 60.00000000000000000 ) ) ;
#2154 = CARTESIAN_POINT ( 'NONE',  ( -14.43199409353487006, -1.414025823072375676, 83.67558653452834960 ) ) ;
#2155 = EDGE_CURVE ( 'NONE', #171, #84, #1102, .T. ) ;
#2156 = LINE ( 'NONE', #512, #1092 ) ;
#2157 = CARTESIAN_POINT ( 'NONE',  ( -10.50000000000000000, 4.499999999999995559, 60.00000000000000000 ) ) ;
#2158 = ORIENTED_EDGE ( 'NONE', *, *, #655, .F. ) ;
#2159 = DIRECTION ( 'NONE',  ( 0.000000000000000000, 1.000000000000000000, 0.000000000000000000 ) ) ;
#2160 = ORIENTED_EDGE ( 'NONE', *, *, #162, .T. ) ;
#2161 = B_SPLINE_CURVE_WITH_KNOTS ( 'NONE', 3,
 ( #2169, #200, #761, #1817, #1861, #1670, #1838, #2213, #917, #2181 ),
 .UNSPECIFIED., .F., .F.,
 ( 4, 2, 2, 2, 4 ),
 ( 0.008124570169754718324, 0.008909654358987963846, 0.009694738548221211102, 0.01047982273745445836, 0.01126490692668770388 ),
 .UNSPECIFIED. ) ;
#2162 = LINE ( 'NONE', #2356, #1816 ) ;
#2163 = CARTESIAN_POINT ( 'NONE',  ( -14.42249063232086215, 1.506387618851405374, 77.67668357893128928 ) ) ;
#2164 = CARTESIAN_POINT ( 'NONE',  ( -14.20330066300033245, -2.921420918627676944, 42.75769617088516128 ) ) ;
#2165 = CARTESIAN_POINT ( 'NONE',  ( -18.69990081871836196, -1.213484009339148795, 39.45579803462513979 ) ) ;
#2166 = CARTESIAN_POINT ( 'NONE',  ( -14.49153317967214960, -0.5556611108139769550, 78.34030753344332254 ) ) ;
#2167 = CARTESIAN_POINT ( 'NONE',  ( -14.49999999999999822, 0.2320197468293916376, 84.15000000000001990 ) ) ;
#2168 = CARTESIAN_POINT ( 'NONE',  ( 18.44856036660377541, -1.317769220475678793, 50.51999843750103736 ) ) ;
#2169 = CARTESIAN_POINT ( 'NONE',  ( -15.47598454988340322, -0.6069427970698800801, 78.35386293068445696 ) ) ;
#2170 = EDGE_LOOP ( 'NONE', ( #1771, #2246, #1886, #1377, #1029, #902, #1266, #682 ) ) ;
#2171 = CARTESIAN_POINT ( 'NONE',  ( -15.15285370525062092, 2.296114690784929913, 81.27685885124012088 ) ) ;
#2172 = DIRECTION ( 'NONE',  ( 1.000000000000000000, 0.000000000000000000, 0.000000000000000000 ) ) ;
#2173 = CARTESIAN_POINT ( 'NONE',  ( 22.24999999999992539, 0.000000000000000000, 48.67499999999999716 ) ) ;
#2174 = CARTESIAN_POINT ( 'NONE',  ( -14.17064469314232511, 3.073419164764721767, 79.85236989307878730 ) ) ;
#2175 = AXIS2_PLACEMENT_3D ( 'NONE', #1004, #965, #1187 ) ;
#2176 = EDGE_LOOP ( 'NONE', ( #1288, #706, #58, #1708, #2127 ) ) ;
#2177 = DIRECTION ( 'NONE',  ( 0.000000000000000000, 0.000000000000000000, -1.000000000000000000 ) ) ;
#2178 = AXIS2_PLACEMENT_3D ( 'NONE', #936, #744, #1470 ) ;
#2179 = DIRECTION ( 'NONE',  ( 0.000000000000000000, 0.000000000000000000, 1.000000000000000000 ) ) ;
#2180 = CARTESIAN_POINT ( 'NONE',  ( 13.35949664145160831, 5.637390002126566380, 44.24866090036552180 ) ) ;
#2181 = CARTESIAN_POINT ( 'NONE',  ( -15.12809885610217897, -2.375000000000003553, 80.65000000000000568 ) ) ;
#2182 = EDGE_LOOP ( 'NONE', ( #573, #1664, #33, #2284 ) ) ;
#2183 = CARTESIAN_POINT ( 'NONE',  ( -15.41001236975064792, 1.181890279308714931, 82.71582902104586310 ) ) ;
#2184 = SHAPE_DEFINITION_REPRESENTATION ( #1888, #1756 ) ;
#2185 = ADVANCED_FACE ( 'NONE', ( #787 ), #1344, .F. ) ;
#2186 = VERTEX_POINT ( 'NONE', #1161 ) ;
#2187 = CARTESIAN_POINT ( 'NONE',  ( -19.38906249999999787, 4.043491478706479814E-20, 48.67499999999999716 ) ) ;
#2188 = CARTESIAN_POINT ( 'NONE',  ( -14.41544433054463248, -1.574708432635631095, 77.71642306423547097 ) ) ;
#2189 = CARTESIAN_POINT ( 'NONE',  ( -17.81602264152488502, -1.379840297942728000, 41.59382341381549963 ) ) ;
#2190 = CARTESIAN_POINT ( 'NONE',  ( -12.50000000000000000, 0.000000000000000000, 0.000000000000000000 ) ) ;
#2191 = CARTESIAN_POINT ( 'NONE',  ( 14.50000000000000000, 0.000000000000000000, 48.67499999999999716 ) ) ;
#2192 = B_SPLINE_CURVE_WITH_KNOTS ( 'NONE', 3,
 ( #1088, #1830, #180, #2194, #728, #1466, #1289, #1114, #2062, #1137, #583, #1496, #951, #571, #2049, #2227, #774, #2238, #43, #942, #559, #1693, #417, #55, #1149, #1332 ),
 .UNSPECIFIED., .F., .F.,
 ( 4, 2, 2, 2, 2, 2, 2, 2, 2, 2, 2, 2, 4 ),
 ( 0.000000000000000000, 0.0002739989794378293580, 0.0005479979588756587160, 0.001095995917751313312, 0.001643993876626968342, 0.001917992856064792279, 0.002191991835502616216, 0.002465990814940440153, 0.002739989794378264090, 0.003287987753253912831, 0.003561986732691733298, 0.003835985712129553766, 0.004383983671005197737 ),
 .UNSPECIFIED. ) ;
#2193 = ORIENTED_EDGE ( 'NONE', *, *, #2255, .F. ) ;
#2194 = CARTESIAN_POINT ( 'NONE',  ( -19.34403378194438261, 0.3624602209311019174, 41.34182007391248703 ) ) ;
#2195 = ORIENTED_EDGE ( 'NONE', *, *, #584, .F. ) ;
#2196 = ADVANCED_FACE ( 'NONE', ( #192 ), #213, .T. ) ;
#2197 = CARTESIAN_POINT ( 'NONE',  ( -14.46860233368660786, 0.9707717194374066993, 77.43180430482165377 ) ) ;
#2198 = CARTESIAN_POINT ( 'NONE',  ( 16.61093749999999858, -0.1853791930481845929, 41.32500000000000284 ) ) ;
#2199 = CARTESIAN_POINT ( 'NONE',  ( -11.50000000000000355, -3.500000000000000000, 80.65000000000000568 ) ) ;
#2200 = CARTESIAN_POINT ( 'NONE',  ( -19.38906249999999787, -1.323271043089639619E-16, 41.32500000000000284 ) ) ;
#2201 = CARTESIAN_POINT ( 'NONE',  ( 14.38666343319921026, 1.842406827244332357, 39.61952710063530958 ) ) ;
#2202 = CARTESIAN_POINT ( 'NONE',  ( 14.32675413608937021, 2.243806417240852724, 42.07963764865055367 ) ) ;
#2203 = AXIS2_PLACEMENT_3D ( 'NONE', #2121, #150, #1438 ) ;
#2204 = CARTESIAN_POINT ( 'NONE',  ( 14.42874566449859053, -1.481746755203561694, 50.49080176503399997 ) ) ;
#2205 = CARTESIAN_POINT ( 'NONE',  ( -18.09041152585207612, 1.389100227201567561, 50.50236545135927457 ) ) ;
#2206 = ORIENTED_EDGE ( 'NONE', *, *, #353, .F. ) ;
#2207 = CARTESIAN_POINT ( 'NONE',  ( -14.38368426771778275, 1.843959214979896011, 48.18794319816431937 ) ) ;
#2208 = CARTESIAN_POINT ( 'NONE',  ( 19.10289025611723090, -0.8492625440273948723, 41.42365641202896143 ) ) ;
#2209 = CARTESIAN_POINT ( 'NONE',  ( -15.13256193796381410, -2.360898550669039420, 80.95162162499725866 ) ) ;
#2210 = VECTOR ( 'NONE', #1380, 1000.000000000000000 ) ;
#2211 = CARTESIAN_POINT ( 'NONE',  ( -17.63724508500541788, -1.343955277494541356, 41.57950553337785493 ) ) ;
#2212 = CARTESIAN_POINT ( 'NONE',  ( 14.49639801662549665, 0.3734339038502384467, 39.33418387262801730 ) ) ;
#2213 = CARTESIAN_POINT ( 'NONE',  ( -15.14241784968973192, -2.330951967569474981, 80.12613195996837590 ) ) ;
#2214 = DIRECTION ( 'NONE',  ( 1.000000000000000000, 0.000000000000000000, -0.000000000000000000 ) ) ;
#2215 = CARTESIAN_POINT ( 'NONE',  ( -13.78404875209022329, 4.499999999999995559, 60.00000000000000000 ) ) ;
#2216 = CARTESIAN_POINT ( 'NONE',  ( -11.50000000000000355, -7.041719095097282852E-16, 80.65000000000000568 ) ) ;
#2217 = VERTEX_POINT ( 'NONE', #740 ) ;
#2218 = CARTESIAN_POINT ( 'NONE',  ( -14.40945658581741462, 1.633236075457556336, 48.30092963255794558 ) ) ;
#2219 = CARTESIAN_POINT ( 'NONE',  ( 19.38906250000000142, -0.1825832779282620943, 41.32500000000000995 ) ) ;
#2220 = CARTESIAN_POINT ( 'NONE',  ( -16.64738049038287571, -0.3651673879560071723, 48.66079010499257862 ) ) ;
#2221 = CARTESIAN_POINT ( 'NONE',  ( -16.61093749999999858, 6.949859535785205890E-16, 39.32499999999999574 ) ) ;
#2222 = DIRECTION ( 'NONE',  ( 1.000000000000000000, 0.000000000000000000, 0.000000000000000000 ) ) ;
#2223 = CARTESIAN_POINT ( 'NONE',  ( -14.11504259733048094, -3.320195804207223045, 81.78084103266941440 ) ) ;
#2224 = EDGE_CURVE ( 'NONE', #1445, #1731, #1537, .T. ) ;
#2225 = VECTOR ( 'NONE', #383, 1000.000000000000000 ) ;
#2226 = CARTESIAN_POINT ( 'NONE',  ( 16.79663355531845070, -0.6996591924220803005, 48.60859492633472456 ) ) ;
#2227 = CARTESIAN_POINT ( 'NONE',  ( -17.63726227035855132, 1.343965542118468415, 41.57950950688088199 ) ) ;
#2228 = CARTESIAN_POINT ( 'NONE',  ( -19.10398381427480174, 0.8478681878976548347, 50.61181697255848633 ) ) ;
#2229 = ORIENTED_EDGE ( 'NONE', *, *, #1525, .F. ) ;
#2230 = DIRECTION ( 'NONE',  ( -1.000000000000000000, 0.000000000000000000, 0.000000000000000000 ) ) ;
#2231 = CIRCLE ( 'NONE', #165, 0.8750000000000008882 ) ;
#2232 = CARTESIAN_POINT ( 'NONE',  ( 16.64812973237528482, 0.3670174563443878157, 48.66052490040344480 ) ) ;
#2233 = CARTESIAN_POINT ( 'NONE',  ( -14.47097676361670437, -0.9353420230608453512, 39.39946788755771223 ) ) ;
#2234 = LINE ( 'NONE', #614, #1113 ) ;
#2235 = VERTEX_POINT ( 'NONE', #695 ) ;
#2236 = DIRECTION ( 'NONE',  ( -0.000000000000000000, -0.000000000000000000, -1.000000000000000000 ) ) ;
#2237 = CARTESIAN_POINT ( 'NONE',  ( -19.38906249999999432, -0.1816730781320833876, 50.67500000000000426 ) ) ;
#2238 = CARTESIAN_POINT ( 'NONE',  ( -17.29630127086584324, 1.211584288714738999, 41.52964599003302482 ) ) ;
#2239 = DIRECTION ( 'NONE',  ( -0.000000000000000000, -0.000000000000000000, -1.000000000000000000 ) ) ;
#2240 = EDGE_LOOP ( 'NONE', ( #1910, #818 ) ) ;
#2241 = CARTESIAN_POINT ( 'NONE',  ( -14.05712995327422732, 3.556609152178178856, 44.04390733082136933 ) ) ;
#2242 = CARTESIAN_POINT ( 'NONE',  ( 19.37987571396909559, 0.1837041990903299504, 48.67149976857189131 ) ) ;
#2243 = CARTESIAN_POINT ( 'NONE',  ( -17.29900543106141342, 1.213024351531099887, 39.45569156269139199 ) ) ;
#2244 = PRODUCT ( 'MotorMount', 'MotorMount', '', ( #1807 ) ) ;
#2245 = CARTESIAN_POINT ( 'NONE',  ( -14.40104594935786686, -1.698292108237208886, 77.79752897786238464 ) ) ;
#2246 = ORIENTED_EDGE ( 'NONE', *, *, #655, .T. ) ;
#2247 = CARTESIAN_POINT ( 'NONE',  ( -14.25926668512550144, -2.636264741702359249, 82.96338424404414980 ) ) ;
#2248 = CARTESIAN_POINT ( 'NONE',  ( -14.38641385570467612, 1.844299905487847058, 50.37980559672889314 ) ) ;
#2249 = PLANE ( 'NONE',  #1985 ) ;
#2250 = CARTESIAN_POINT ( 'NONE',  ( -18.00000000000000000, -1.323271043089639619E-16, 60.00000000000000000 ) ) ;
#2251 = CLOSED_SHELL ( 'NONE', ( #2040, #2196, #2309, #1442, #1011, #1733, #1096, #849, #2095, #1173, #1336, #1410, #676, #778, #1127, #406, #514, #2376, #597, #994, #654, #837, #283, #1105, #823, #456, #2301, #2185, #73, #1938, #1907, #2349, #1030, #1348, #496, #730, #999, #161, #746, #953, #1511, #485, #596, #1634 ) ) ;
#2252 = DIRECTION ( 'NONE',  ( 1.000000000000000000, 0.000000000000000000, 0.000000000000000000 ) ) ;
#2253 = VERTEX_POINT ( 'NONE', #1067 ) ;
#2254 = CARTESIAN_POINT ( 'NONE',  ( -14.02653311829869764, 3.675101181230373104, 44.76074387978650293 ) ) ;
#2255 = EDGE_CURVE ( 'NONE', #2316, #831, #1850, .T. ) ;
#2256 = DIRECTION ( 'NONE',  ( -1.000000000000000000, -6.123233995736766036E-17, -6.123233995736763571E-17 ) ) ;
#2257 = CIRCLE ( 'NONE', #263, 3.674999999999997602 ) ;
#2258 = CARTESIAN_POINT ( 'NONE',  ( -18.44943901990632185, -1.317492769307311073, 48.43092260204997501 ) ) ;
#2259 = DIRECTION ( 'NONE',  ( -6.123233995736767268E-17, 1.000000000000000000, 0.000000000000000000 ) ) ;
#2260 = EDGE_LOOP ( 'NONE', ( #1784, #1541, #2123, #1203, #922, #1333, #63, #919 ) ) ;
#2261 = CARTESIAN_POINT ( 'NONE',  ( 14.49385539586656435, -0.4835049798951758793, 48.65096441373452762 ) ) ;
#2262 = CARTESIAN_POINT ( 'NONE',  ( -15.12809885610212213, 2.375000000000186073, 80.46694813578962169 ) ) ;
#2263 = CARTESIAN_POINT ( 'NONE',  ( -9.144713687814371994, 1.119904434690085842E-15, 55.99999999999999289 ) ) ;
#2264 = CARTESIAN_POINT ( 'NONE',  ( 13.57682144718404516, -5.093509943439335608, 42.46974634269595583 ) ) ;
#2265 = CARTESIAN_POINT ( 'NONE',  ( -16.61093749999999858, 0.000000000000000000, 50.67499999999999716 ) ) ;
#2266 = VERTEX_POINT ( 'NONE', #582 ) ;
#2267 = CARTESIAN_POINT ( 'NONE',  ( -15.47598454988340322, -0.6069427970698787478, 78.35386293068444274 ) ) ;
#2268 = CARTESIAN_POINT ( 'NONE',  ( 17.81744359015798906, 1.388986685098258844, 39.49760588518828541 ) ) ;
#2269 = CARTESIAN_POINT ( 'NONE',  ( -13.78404875209022329, 4.499999999999995559, 60.00000000000000000 ) ) ;
#2270 = CARTESIAN_POINT ( 'NONE',  ( -19.20501432787325058, 0.6968912113182035295, 39.36743791352999011 ) ) ;
#2271 = CARTESIAN_POINT ( 'NONE',  ( -14.17958972463310729, -3.031684098395166505, 79.68701867742595368 ) ) ;
#2272 = EDGE_LOOP ( 'NONE', ( #367, #1638 ) ) ;
#2273 = EDGE_CURVE ( 'NONE', #215, #1055, #155, .T. ) ;
#2274 = CARTESIAN_POINT ( 'NONE',  ( 14.02653311829869764, -3.675101181230373104, 44.76074387978650293 ) ) ;
#2275 = CARTESIAN_POINT ( 'NONE',  ( -14.07124727947028830, -3.500000000000000888, 84.15000000000000568 ) ) ;
#2276 = B_SPLINE_CURVE_WITH_KNOTS ( 'NONE', 3,
 ( #2072, #2237, #2083, #1509, #2094, #428, #1160, #810, #82, #1717, #54, #796, #1551, #1186, #94, #1920, #2277, #630, #269, #1368, #822, #1562, #594, #2289 ),
 .UNSPECIFIED., .F., .F.,
 ( 4, 2, 2, 2, 2, 2, 2, 2, 2, 2, 2, 4 ),
 ( 0.004359457501935057495, 0.004904243301639943028, 0.005449029101344828561, 0.005721422001197273496, 0.005993814901049717564, 0.006538600700754605699, 0.006810993600607054971, 0.007083386500459504242, 0.007628172300164392378, 0.008172958099869280513, 0.008445350999721726315, 0.008717743899574170383 ),
 .UNSPECIFIED. ) ;
#2277 = CARTESIAN_POINT ( 'NONE',  ( -17.14591437917417949, -1.110196927587217886, 50.56685038608425486 ) ) ;
#2278 = ORIENTED_EDGE ( 'NONE', *, *, #2155, .F. ) ;
#2279 = CARTESIAN_POINT ( 'NONE',  ( -14.37062050169921079, 1.938909112658826261, 77.97737290636501939 ) ) ;
#2280 = CARTESIAN_POINT ( 'NONE',  ( 19.34417222481480891, 0.3619601185788612341, 39.33584714133096583 ) ) ;
#2281 = CARTESIAN_POINT ( 'NONE',  ( -15.47597969894401970, 0.6070040453737763908, 82.94612087854709159 ) ) ;
#2282 = CARTESIAN_POINT ( 'NONE',  ( -14.38666343319920848, -1.842406827244328582, 39.61952710063530247 ) ) ;
#2283 = CARTESIAN_POINT ( 'NONE',  ( -14.43953556338353472, -1.335382742019530555, 83.71540992829785921 ) ) ;
#2284 = ORIENTED_EDGE ( 'NONE', *, *, #1179, .F. ) ;
#2285 = CARTESIAN_POINT ( 'NONE',  ( -14.32913672423605256, -2.358775018771850807, 80.97430641851886435 ) ) ;
#2286 = EDGE_CURVE ( 'NONE', #2235, #2217, #888, .T. ) ;
#2287 = DIRECTION ( 'NONE',  ( 0.000000000000000000, 1.890134537989256790E-16, -1.000000000000000000 ) ) ;
#2288 = EDGE_CURVE ( 'NONE', #825, #1731, #2162, .T. ) ;
#2289 = CARTESIAN_POINT ( 'NONE',  ( -16.61093749999999858, 0.000000000000000000, 50.67499999999999716 ) ) ;
#2290 = AXIS2_PLACEMENT_3D ( 'NONE', #2216, #1290, #1831 ) ;
#2291 = ORIENTED_EDGE ( 'NONE', *, *, #173, .F. ) ;
#2292 = CARTESIAN_POINT ( 'NONE',  ( -14.43213938932601259, 1.412796845189301820, 77.62357494857437246 ) ) ;
#2293 = CARTESIAN_POINT ( 'NONE',  ( 19.04676969040701806, 0.9176351391164793148, 39.39929972399998093 ) ) ;
#2294 = CARTESIAN_POINT ( 'NONE',  ( 16.78730253453141685, -0.7011753212026393678, 39.36598107619457920 ) ) ;
#2295 = CARTESIAN_POINT ( 'NONE',  ( -14.50000000000000000, 0.000000000000000000, 50.67499999999999716 ) ) ;
#2296 = CARTESIAN_POINT ( 'NONE',  ( -14.50000000000000355, -0.2438216494641689269, 48.67500000000001137 ) ) ;
#2297 = ORIENTED_EDGE ( 'NONE', *, *, #2273, .T. ) ;
#2298 = CARTESIAN_POINT ( 'NONE',  ( -14.47321221129228164, -0.9871754780825371389, 82.81695864344771962 ) ) ;
#2299 = CARTESIAN_POINT ( 'NONE',  ( -14.07124727947028830, 3.499999999999998224, 80.65000000000000568 ) ) ;
#2300 = CARTESIAN_POINT ( 'NONE',  ( -15.33472419641965523, -1.595059698605471477, 82.41881107318096156 ) ) ;
#2301 = ADVANCED_FACE ( 'NONE', ( #707 ), #506, .T. ) ;
#2302 = B_SPLINE_CURVE_WITH_KNOTS ( 'NONE', 3,
 ( #484, #996, #100, #300, #1949, #1194, #1035, #684, #1775, #1927, #1181, #1592, #2151, #1737, #1409, #88, #278, #646, #829, #1568, #195, #1447, #2381, #322, #708, #2187 ),
 .UNSPECIFIED., .F., .F.,
 ( 4, 2, 2, 2, 2, 2, 2, 2, 2, 2, 2, 2, 4 ),
 ( 0.000000000000000000, 0.0002739989794378294664, 0.0005479979588756588244, 0.001095995917751313529, 0.001643993876626968558, 0.001917992856064792712, 0.002191991835502616649, 0.002465990814940440586, 0.002739989794378265391, 0.003287987753253913265, 0.003561986732691734166, 0.003835985712129554633, 0.004383983671005198604 ),
 .UNSPECIFIED. ) ;
#2303 = PLANE ( 'NONE',  #1646 ) ;
#2304 = ORIENTED_EDGE ( 'NONE', *, *, #2273, .F. ) ;
#2305 = CARTESIAN_POINT ( 'NONE',  ( -14.47327890579171061, 0.9862367191211804940, 78.48249521368369130 ) ) ;
#2306 = CARTESIAN_POINT ( 'NONE',  ( 19.37996183486986723, 0.1830831278621427860, 39.32724729059141566 ) ) ;
#2307 = CARTESIAN_POINT ( 'NONE',  ( -14.07124727947028830, 3.499999999999993783, 60.86511984088580363 ) ) ;
#2308 = CARTESIAN_POINT ( 'NONE',  ( -13.46488052616505904, -5.382416660746587311, 43.16336510881630062 ) ) ;
#2309 = ADVANCED_FACE ( 'NONE', ( #1973 ), #1671, .F. ) ;
#2310 = CARTESIAN_POINT ( 'NONE',  ( -14.03301720428385302, -3.650587699306959699, 44.51382832476430451 ) ) ;
#2311 = VERTEX_POINT ( 'NONE', #1124 ) ;
#2312 = CARTESIAN_POINT ( 'NONE',  ( -14.23802447763922174, -2.745407975275667933, 82.33134136658860314 ) ) ;
#2313 = CARTESIAN_POINT ( 'NONE',  ( -14.21847403644503061, 2.848290564832195670, 40.08803434151778333 ) ) ;
#2314 = CARTESIAN_POINT ( 'NONE',  ( 22.24999999999992539, 0.000000000000000000, 45.00000000000000000 ) ) ;
#2315 = CARTESIAN_POINT ( 'NONE',  ( 19.31758627963882802, 0.4491588748951871324, 50.65782701018165568 ) ) ;
#2316 = VERTEX_POINT ( 'NONE', #530 ) ;
#2317 = CARTESIAN_POINT ( 'NONE',  ( -14.49584535425065823, -0.4158579632729481612, 78.30694623836527057 ) ) ;
#2318 = B_SPLINE_CURVE_WITH_KNOTS ( 'NONE', 3,
 ( #1800, #687, #2346, #533, #1459, #1449, #1259, #721, #1594, #542, #1282, #1271, #1617, #159, #1436, #2165, #891, #1070, #1247, #1605, #510, #1813, #1998, #1236 ),
 .UNSPECIFIED., .F., .F.,
 ( 4, 2, 2, 2, 2, 2, 2, 2, 2, 2, 2, 4 ),
 ( 0.004359457501935057495, 0.004904243301639943028, 0.005449029101344829429, 0.005721422001197273496, 0.005993814901049717564, 0.006538600700754605699, 0.006810993600607054971, 0.007083386500459503375, 0.007628172300164392378, 0.008172958099869280513, 0.008445350999721726315, 0.008717743899574170383 ),
 .UNSPECIFIED. ) ;
#2319 = CARTESIAN_POINT ( 'NONE',  ( -11.50000000000000000, -3.499999999999996003, 60.41421356237309936 ) ) ;
#2320 = CARTESIAN_POINT ( 'NONE',  ( -13.57839191220492836, -5.087829351966606239, 42.47928205319247752 ) ) ;
#2321 = CARTESIAN_POINT ( 'NONE',  ( -14.38353994197989572, -1.845082667924119235, 41.81270436737402463 ) ) ;
#2322 = FACE_OUTER_BOUND ( 'NONE', #1746, .T. ) ;
#2323 = VECTOR ( 'NONE', #1536, 1000.000000000000000 ) ;
#2324 = CARTESIAN_POINT ( 'NONE',  ( -14.18654589229448604, -2.999139230130685174, 81.72748332196650267 ) ) ;
#2325 = CARTESIAN_POINT ( 'NONE',  ( -13.57605699831383816, 5.095477472243127082, 47.52545360593470747 ) ) ;
#2326 = DIRECTION ( 'NONE',  ( -1.000000000000000000, -0.000000000000000000, -0.000000000000000000 ) ) ;
#2327 = VERTEX_POINT ( 'NONE', #16 ) ;
#2328 = CIRCLE ( 'NONE', #562, 12.50000000000000000 ) ;
#2329 = CARTESIAN_POINT ( 'NONE',  ( -14.42506330467811004, 1.604747390300039767, 82.41078845359461980 ) ) ;
#2330 = ORIENTED_EDGE ( 'NONE', *, *, #2224, .T. ) ;
#2331 = CARTESIAN_POINT ( 'NONE',  ( 17.14711565908470092, -1.111351500047684127, 48.50546397070590388 ) ) ;
#2332 = CARTESIAN_POINT ( 'NONE',  ( -13.82588509235083052, -4.371850188053068464, 60.00000000000001421 ) ) ;
#2333 = EDGE_CURVE ( 'NONE', #2138, #1139, #1255, .T. ) ;
#2334 = CARTESIAN_POINT ( 'NONE',  ( 22.24999999999992539, 0.000000000000000000, 45.00000000000000000 ) ) ;
#2335 = CARTESIAN_POINT ( 'NONE',  ( -14.47753393376189557, -0.8068526487363563149, 77.38706837518316206 ) ) ;
#2336 = CARTESIAN_POINT ( 'NONE',  ( 22.24999999999992539, 0.000000000000000000, 45.00000000000000000 ) ) ;
#2337 = CARTESIAN_POINT ( 'NONE',  ( 16.61093749999999858, 2.204364238465235428E-15, 41.32500000000000284 ) ) ;
#2338 = VECTOR ( 'NONE', #1939, 1000.000000000000000 ) ;
#2339 = EDGE_LOOP ( 'NONE', ( #2341, #1575, #1587, #1365 ) ) ;
#2340 = CARTESIAN_POINT ( 'NONE',  ( -14.32851178076365528, 2.227745580124836255, 83.05166572652356649 ) ) ;
#2341 = ORIENTED_EDGE ( 'NONE', *, *, #1441, .T. ) ;
#2342 = CARTESIAN_POINT ( 'NONE',  ( 14.00894853494371617, -3.751339968731052910, 40.72587433625734121 ) ) ;
#2343 = DIRECTION ( 'NONE',  ( 0.000000000000000000, 1.000000000000000000, 0.000000000000000000 ) ) ;
#2344 = VECTOR ( 'NONE', #1628, 1000.000000000000000 ) ;
#2345 = CARTESIAN_POINT ( 'NONE',  ( -14.05717541437093665, -3.556428232885227914, 44.04345848366647687 ) ) ;
#2346 = CARTESIAN_POINT ( 'NONE',  ( -16.64759327793401766, -0.3650979037778430691, 39.33426406388373664 ) ) ;
#2347 = CARTESIAN_POINT ( 'NONE',  ( -14.16459908925711630, -3.100798016506603805, 79.97689565099902609 ) ) ;
#2348 = CARTESIAN_POINT ( 'NONE',  ( -14.42830193846873499, 1.487069489860675775, 39.51035404862906830 ) ) ;
#2349 = ADVANCED_FACE ( 'NONE', ( #750, #1787 ), #1485, .F. ) ;
#2350 = CARTESIAN_POINT ( 'NONE',  ( -15.16034824926973457, -2.271278809930711962, 81.36747507304826854 ) ) ;
#2351 = VECTOR ( 'NONE', #1584, 1000.000000000000000 ) ;
#2352 = VERTEX_POINT ( 'NONE', #570 ) ;
#2353 = EDGE_CURVE ( 'NONE', #437, #2186, #2002, .T. ) ;
#2354 = CARTESIAN_POINT ( 'NONE',  ( -14.35730478738941862, 2.168793169976398705, 81.63443243456211462 ) ) ;
#2355 = ORIENTED_EDGE ( 'NONE', *, *, #1766, .F. ) ;
#2356 = CARTESIAN_POINT ( 'NONE',  ( 22.24999999999992539, 6.949870585161229716E-16, 39.32499999999999574 ) ) ;
#2357 = FACE_OUTER_BOUND ( 'NONE', #1407, .T. ) ;
#2358 = FILL_AREA_STYLE ('',( #1631 ) ) ;
#2359 = CARTESIAN_POINT ( 'NONE',  ( -14.48119276037475522, -0.8348987575068330669, 78.42036038827737343 ) ) ;
#2360 = CARTESIAN_POINT ( 'NONE',  ( 22.24999999999992539, 0.000000000000000000, 45.00000000000000000 ) ) ;
#2361 = LINE ( 'NONE', #712, #697 ) ;
#2362 = CARTESIAN_POINT ( 'NONE',  ( 14.50000000000000000, 0.2403717851720787169, 41.32499999999999574 ) ) ;
#2363 = EDGE_CURVE ( 'NONE', #2235, #2327, #576, .T. ) ;
#2364 = EDGE_CURVE ( 'NONE', #825, #2253, #29, .T. ) ;
#2365 = ORIENTED_EDGE ( 'NONE', *, *, #1238, .T. ) ;
#2366 = CARTESIAN_POINT ( 'NONE',  ( 12.50000000000000000, 1.530808498934191521E-15, 60.00000000000000000 ) ) ;
#2367 = ORIENTED_EDGE ( 'NONE', *, *, #1133, .F. ) ;
#2368 = CARTESIAN_POINT ( 'NONE',  ( -14.23943409122844095, 2.738536163368999077, 82.34152017401062551 ) ) ;
#2369 = VECTOR ( 'NONE', #52, 1000.000000000000000 ) ;
#2370 = DIRECTION ( 'NONE',  ( 6.123233995736766036E-17, -1.000000000000000000, 0.000000000000000000 ) ) ;
#2371 = CARTESIAN_POINT ( 'NONE',  ( -14.35144765770209219, -2.076836819088197394, 78.09845843878596838 ) ) ;
#2372 = AXIS2_PLACEMENT_3D ( 'NONE', #1107, #600, #1337 ) ;
#2373 = DIRECTION ( 'NONE',  ( -1.000000000000000000, -0.000000000000000000, -0.000000000000000000 ) ) ;
#2374 = DIRECTION ( 'NONE',  ( 6.123233995736766036E-17, -1.000000000000000000, 0.000000000000000000 ) ) ;
#2375 = DIRECTION ( 'NONE',  ( 0.000000000000000000, 0.000000000000000000, 1.000000000000000000 ) ) ;
#2376 = ADVANCED_FACE ( 'NONE', ( #1372 ), #644, .F. ) ;
#2377 = VERTEX_POINT ( 'NONE', #1232 ) ;
#2378 = CARTESIAN_POINT ( 'NONE',  ( -15.38784360439015231, 1.315690282669816691, 82.63335910715062482 ) ) ;
#2379 = CARTESIAN_POINT ( 'NONE',  ( -19.38906249999999076, 0.09086094752648288253, 50.67499999999998295 ) ) ;
#2380 = ORIENTED_EDGE ( 'NONE', *, *, #501, .T. ) ;
#2381 = CARTESIAN_POINT ( 'NONE',  ( -19.24747816238745557, 0.6176430720759299442, 48.62370968421178929 ) ) ;
ENDSEC;
END-ISO-10303-21;
